<?xml version="1.0" encoding="utf-8"?><?xml-stylesheet type='text/xsl' href='STIG_unclass.xsl'?><Benchmark xmlns:dsig="http://www.w3.org/2000/09/xmldsig#" xmlns:xhtml="http://www.w3.org/1999/xhtml" xmlns:xsi="http://www.w3.org/2001/XMLSchema-instance" xmlns:cpe="http://cpe.mitre.org/language/2.0" xmlns:dc="http://purl.org/dc/elements/1.1/" id="zOS_Compuware_Abend-AID_for_ACF2" xml:lang="en" xsi:schemaLocation="http://checklists.nist.gov/xccdf/1.1 http://nvd.nist.gov/schema/xccdf-1.1.4.xsd http://cpe.mitre.org/dictionary/2.0 http://cpe.mitre.org/files/cpe-dictionary_2.1.xsd" xmlns="http://checklists.nist.gov/xccdf/1.1"><status date="2015-09-25">accepted</status><title>z/OS Compuware Abend-AID for ACF2 STIG</title><notice id="terms-of-use" xml:lang="en"></notice><reference href="http://iase.disa.mil"><dc:publisher>DISA</dc:publisher><dc:source>STIG.DOD.MIL</dc:source></reference><plain-text id="release-info">Release: 5 Benchmark Date: 23 Oct 2015</plain-text><version>6</version><Profile id="MAC-1_Classified"><title>I - Mission Critical Classified</title><description>&lt;ProfileDescription&gt;&lt;/ProfileDescription&gt;</description><select idref="V-16932" selected="true" /><select idref="V-17067" selected="true" /><select idref="V-17452" selected="true" /><select idref="V-17947" selected="true" /><select idref="V-18014" selected="true" /><select idref="V-21592" selected="true" /></Profile><Profile id="MAC-1_Public"><title>I - Mission Critical Public</title><description>&lt;ProfileDescription&gt;&lt;/ProfileDescription&gt;</description><select idref="V-16932" selected="true" /><select idref="V-17067" selected="true" /><select idref="V-17452" selected="true" /><select idref="V-17947" selected="true" /><select idref="V-18014" selected="true" /><select idref="V-21592" selected="true" /></Profile><Profile id="MAC-1_Sensitive"><title>I - Mission Critical Sensitive</title><description>&lt;ProfileDescription&gt;&lt;/ProfileDescription&gt;</description><select idref="V-16932" selected="true" /><select idref="V-17067" selected="true" /><select idref="V-17452" selected="true" /><select idref="V-17947" selected="true" /><select idref="V-18014" selected="true" /><select idref="V-21592" selected="true" /></Profile><Profile id="MAC-2_Classified"><title>II - Mission Support Classified</title><description>&lt;ProfileDescription&gt;&lt;/ProfileDescription&gt;</description><select idref="V-16932" selected="true" /><select idref="V-17067" selected="true" /><select idref="V-17452" selected="true" /><select idref="V-17947" selected="true" /><select idref="V-18014" selected="true" /><select idref="V-21592" selected="true" /></Profile><Profile id="MAC-2_Public"><title>II - Mission Support Public</title><description>&lt;ProfileDescription&gt;&lt;/ProfileDescription&gt;</description><select idref="V-16932" selected="true" /><select idref="V-17067" selected="true" /><select idref="V-17452" selected="true" /><select idref="V-17947" selected="true" /><select idref="V-18014" selected="true" /><select idref="V-21592" selected="true" /></Profile><Profile id="MAC-2_Sensitive"><title>II - Mission Support Sensitive</title><description>&lt;ProfileDescription&gt;&lt;/ProfileDescription&gt;</description><select idref="V-16932" selected="true" /><select idref="V-17067" selected="true" /><select idref="V-17452" selected="true" /><select idref="V-17947" selected="true" /><select idref="V-18014" selected="true" /><select idref="V-21592" selected="true" /></Profile><Profile id="MAC-3_Classified"><title>III - Administrative Classified</title><description>&lt;ProfileDescription&gt;&lt;/ProfileDescription&gt;</description><select idref="V-16932" selected="true" /><select idref="V-17067" selected="true" /><select idref="V-17452" selected="true" /><select idref="V-17947" selected="true" /><select idref="V-18014" selected="true" /><select idref="V-21592" selected="true" /></Profile><Profile id="MAC-3_Public"><title>III - Administrative Public</title><description>&lt;ProfileDescription&gt;&lt;/ProfileDescription&gt;</description><select idref="V-16932" selected="true" /><select idref="V-17067" selected="true" /><select idref="V-17452" selected="true" /><select idref="V-17947" selected="true" /><select idref="V-18014" selected="true" /><select idref="V-21592" selected="true" /></Profile><Profile id="MAC-3_Sensitive"><title>III - Administrative Sensitive</title><description>&lt;ProfileDescription&gt;&lt;/ProfileDescription&gt;</description><select idref="V-16932" selected="true" /><select idref="V-17067" selected="true" /><select idref="V-17452" selected="true" /><select idref="V-17947" selected="true" /><select idref="V-18014" selected="true" /><select idref="V-21592" selected="true" /></Profile><Group id="V-16932"><title>ZB000000</title><description>&lt;GroupDescription&gt;&lt;/GroupDescription&gt;</description><Rule id="SV-43165r1_rule" severity="medium" weight="10.0"><version>ZAIDA000</version><title>Compuware Abend-AID installation data sets will be properly protected.</title><description>&lt;VulnDiscussion&gt;Compuware Abend-AID installation data sets have the ability to use privileged functions and/or have access to sensitive data.  Failure to properly restrict access to these data sets could result in violating the integrity of the base product which could result in compromising the operating system or sensitive data.&lt;/VulnDiscussion&gt;&lt;FalsePositives&gt;&lt;/FalsePositives&gt;&lt;FalseNegatives&gt;&lt;/FalseNegatives&gt;&lt;Documentable&gt;false&lt;/Documentable&gt;&lt;Mitigations&gt;&lt;/Mitigations&gt;&lt;SeverityOverrideGuidance&gt;&lt;/SeverityOverrideGuidance&gt;&lt;PotentialImpacts&gt;&lt;/PotentialImpacts&gt;&lt;ThirdPartyTools&gt;&lt;/ThirdPartyTools&gt;&lt;MitigationControl&gt;&lt;/MitigationControl&gt;&lt;Responsibility&gt;Information Assurance Officer&lt;/Responsibility&gt;&lt;Responsibility&gt;Systems Programmer&lt;/Responsibility&gt;&lt;IAControls&gt;DCSL-1, ECAR-1, ECAR-2, ECCD-1, ECCD-2&lt;/IAControls&gt;</description><reference><dc:title>DPMS Target Compuware Abend-AID</dc:title><dc:publisher>DISA</dc:publisher><dc:type>DPMS Target</dc:type><dc:subject>Compuware Abend-AID</dc:subject><dc:identifier>2344</dc:identifier></reference><ident system="http://iase.disa.mil/cci">CCI-000213</ident><ident system="http://iase.disa.mil/cci">CCI-002234</ident><fixtext fixref="F-36701r2_fix">The IAO will ensure that WRITE and/or greater access to Compuware Abend-AID installation data sets is limited to System Programmers only, and all WRITE and/or greater access is logged.  READ access can be given to all authorized users.

The installing Systems Programmer will identify and document the product data sets and categorize them according to who will have WRITE and/or greater access and if required that all WRITE and/or greater access is logged.  He will identify if any additional groups have WRITE and/or greater access for specific data sets, and once documented he will work with the IAO to see that they are properly restricted to the ACP (Access Control Program) active on the system.

Data sets to be protected will be:
SYS2.ABENDAID.
SYS2A.ABENDAID.
SYS3A.ABENDAID.

The following commands are provided as a sample for implementing data set controls:

$KEY(S2A)
$PREFIX(SYS2)
ABENDAID.V-.- UID(syspaudt) R(A) W(L) A(L) E(A)
ABENDAID.V-.- UID(authorized users/*) R(A) E(A)

SET RULE
COMPILE 'ACF2.MVA.DSNRULES(S2A)' STORE

$KEY(SYS2A0A)
$MODE(ABORT)
$PREFIX(SYS2A)
ABENDAID.V-.- UID(syspaudt) R(A) W(L) A(L) E(A)
ABENDAID.V-.- UID(authorized users/*) R(A) E(A)

SET RULE
COMPILE 'ACF2.MVA.DSNRULES(SYS2A0A)' STORE

$KEY(SYS3A0A)
$PREFIX(SYS3A)
ABENDAID.V-.- UID(syspaudt) R(A) W(L) A(L) E(A)
ABENDAID.V-.- UID(authorized users/*) R(A) E(A)

SET RULE
COMPILE 'ACF2.MVA.DSNRULES(SYS3A0A)' STORE</fixtext><fix id="F-36701r2_fix" /><check system="C-41152r1_chk"><check-content-ref name="M" href="DPMS_XCCDF_Benchmark_zOS Compuware Abend-AID for ACF2.xml" /><check-content>Refer to the following report produced by the Data Set and Resource Data Collection:

-	SENSITVE.RPT(AIDRPT)

Automated Analysis
Refer to the following report produced by the Data Set and Resource Data Collection:

-	PDI(ZAID0000)

Verify that the accesses to the Compuware Abend-AID installation data sets are properly restricted.  If the following guidance is true, this is not a finding.

___	The ACF2 data set rules for the data sets restricts READ access to all authorized users.

___	The ACF2 data set rules for the data sets restricts WRITE and/or greater access to systems programming personnel.

___	The ACF2 data set rules for the data sets specify that all (i.e., failures and successes) WRITE and/or greater access is logged.</check-content></check></Rule></Group><Group id="V-17067"><title>ZB000001</title><description>&lt;GroupDescription&gt;&lt;/GroupDescription&gt;</description><Rule id="SV-43168r2_rule" severity="medium" weight="10.0"><version>ZAIDA001</version><title>Compuware Abend-AID STC data sets must be properly protected.</title><description>&lt;VulnDiscussion&gt;Compuware Abend-AID STC data sets have the ability to use privileged functions and/or have access to sensitive data.  Failure to properly restrict access to these data sets could result in violating the integrity of the base product which could result in compromising the operating system or sensitive data.&lt;/VulnDiscussion&gt;&lt;FalsePositives&gt;&lt;/FalsePositives&gt;&lt;FalseNegatives&gt;&lt;/FalseNegatives&gt;&lt;Documentable&gt;false&lt;/Documentable&gt;&lt;Mitigations&gt;&lt;/Mitigations&gt;&lt;SeverityOverrideGuidance&gt;&lt;/SeverityOverrideGuidance&gt;&lt;PotentialImpacts&gt;&lt;/PotentialImpacts&gt;&lt;ThirdPartyTools&gt;&lt;/ThirdPartyTools&gt;&lt;MitigationControl&gt;&lt;/MitigationControl&gt;&lt;Responsibility&gt;Information Assurance Officer&lt;/Responsibility&gt;&lt;Responsibility&gt;Systems Programmer&lt;/Responsibility&gt;&lt;IAControls&gt;DCSL-1, ECAR-1, ECAR-2, ECAR-3, ECCD-1, ECCD-2&lt;/IAControls&gt;</description><reference><dc:title>DPMS Target Compuware Abend-AID</dc:title><dc:publisher>DISA</dc:publisher><dc:type>DPMS Target</dc:type><dc:subject>Compuware Abend-AID</dc:subject><dc:identifier>2344</dc:identifier></reference><ident system="http://iase.disa.mil/cci">CCI-001499</ident><fixtext fixref="F-241r5_fix">The IAO will ensure that WRITE and/or greater access to Compuware Abend-AID STC data sets is limited to System Programmers and/or Compuware Abend-AID’s STC(s) and/or batch user(s) only.  READ access can be given to auditors.

The installing Systems Programmer will identify and document the product data sets and categorize them according to who will have WRITE and/or greater access and if required that all WRITE and/or greater access is logged.  He will identify if any additional groups have WRITE and/or greater access for specific data sets, and once documented he will work with the IAO to see that they are properly restricted to the ACP (Access Control Program) active on the system.

Data sets to be protected will be:
SYS3.ABENDAID.

The following commands are provided as a sample for implementing data set controls:

$KEY(SYS3)
ABENDAID.- UID(&lt;syspaudt&gt;) R(A) W(A) A(A) E(A)
ABENDAID.- UID(&lt;tstcaudt&gt;) R(A) W(A) A(A) E(A)
ABENDAID.- UID(ABENDAID STCs) R(A) W(A) A(A) E(A)
ABENDAID.- UID(&lt;audtaudt&gt;) R(A) E(A)</fixtext><fix id="F-241r5_fix" /><check system="C-41155r1_chk"><check-content-ref name="M" href="DPMS_XCCDF_Benchmark_zOS Compuware Abend-AID for ACF2.xml" /><check-content>Refer to the following report produced by the Data Set and Resource Data Collection:

-	SENSITVE.RPT(AIDSTC)

Automated Analysis
Refer to the following report produced by the Data Set and Resource Data Collection:

-	PDI(ZAID0001)

Verify that the accesses to the Compuware Abend-AID STC data sets are properly restricted.  If the following guidance is true, this is not a finding.

___	The ACF2 data set rules for the data sets restricts READ access to auditors.

___	The ACF2 data set rules for the data sets restricts WRITE and/or greater access to systems programming personnel.

___	The ACF2 data set rules for the data sets restricts WRITE and/or greater access to the Compuware Abend-AID’s STC(s) and/or batch user(s).</check-content></check></Rule></Group><Group id="V-17452"><title>ZB000030</title><description>&lt;GroupDescription&gt;&lt;/GroupDescription&gt;</description><Rule id="SV-43174r2_rule" severity="medium" weight="10.0"><version>ZAIDA030</version><title>Compuware Abend-AID Started Task name will be properly identified and/or defined to the system ACP.</title><description>&lt;VulnDiscussion&gt;Compuware Abend-AID requires a started task that will be restricted to certain resources, datasets and other system functions. By defining the started task as a userid to the system ACP, It allows the ACP to control the access and authorized users that require these capabilities. Failure to properly control these capabilities, could compromise of the operating system environment, ACP, and customer data.&lt;/VulnDiscussion&gt;&lt;FalsePositives&gt;&lt;/FalsePositives&gt;&lt;FalseNegatives&gt;&lt;/FalseNegatives&gt;&lt;Documentable&gt;false&lt;/Documentable&gt;&lt;Mitigations&gt;&lt;/Mitigations&gt;&lt;SeverityOverrideGuidance&gt;&lt;/SeverityOverrideGuidance&gt;&lt;PotentialImpacts&gt;&lt;/PotentialImpacts&gt;&lt;ThirdPartyTools&gt;&lt;/ThirdPartyTools&gt;&lt;MitigationControl&gt;&lt;/MitigationControl&gt;&lt;Responsibility&gt;Information Assurance Officer&lt;/Responsibility&gt;&lt;Responsibility&gt;Systems Programmer&lt;/Responsibility&gt;&lt;IAControls&gt;ECCD-1, ECCD-2&lt;/IAControls&gt;</description><reference><dc:title>DPMS Target Compuware Abend-AID</dc:title><dc:publisher>DISA</dc:publisher><dc:type>DPMS Target</dc:type><dc:subject>Compuware Abend-AID</dc:subject><dc:identifier>2344</dc:identifier></reference><ident system="http://iase.disa.mil/cci">CCI-000764</ident><fixtext fixref="F-36711r1_fix">The IAO working with the systems programmer will ensure the Compuware Abend-AID Started Task(s) is properly identified and/or defined to the System ACP. 

If the product requires a Started Task, verify that it is properly defined to the System ACP with the proper attributes.

Most installation manuals will indicate how the Started Task is identified and any additional attributes that must be specified.

The following commands are provided as a sample for defining Started Task(s):

SET LID
insert AAVIEWER stc name('STC, Compuware Abend-AID Viewer')
insert BDCAS stc name('STC, Compuware Abend-AID')
insert TDCAS stc name('STC, Compuware Abend-AID for CICS')</fixtext><fix id="F-36711r1_fix" /><check system="C-41163r1_chk"><check-content-ref name="M" href="DPMS_XCCDF_Benchmark_zOS Compuware Abend-AID for ACF2.xml" /><check-content>Refer to the following report produced by the ACF2 Data Collection:

-	ACF2CMDS.RPT(ATTSTC)

Verify that the logonid(s) for the Compuware Abend-AID started task(s) is (are) properly defined.  If the following attributes are defined, this is not a finding.

STC</check-content></check></Rule></Group><Group id="V-17947"><title>ZB000020</title><description>&lt;GroupDescription&gt;&lt;/GroupDescription&gt;</description><Rule id="SV-44084r1_rule" severity="medium" weight="10.0"><version>ZAIDA020</version><title>Compuware Abend-AID resources will be properly defined and protected.</title><description>&lt;VulnDiscussion&gt;Compuware Abend-AID can run with sensitive system privileges, and potentially can circumvent system controls.  Failure to properly control access to product resources could result in the compromise of the operating system environment, and compromise the confidentiality of customer data.  Many utilities assign resource controls that can be granted to system programmers only in greater than read authority.  Resources are also granted to certain non systems personnel with read only authority.&lt;/VulnDiscussion&gt;&lt;FalsePositives&gt;&lt;/FalsePositives&gt;&lt;FalseNegatives&gt;&lt;/FalseNegatives&gt;&lt;Documentable&gt;false&lt;/Documentable&gt;&lt;Mitigations&gt;&lt;/Mitigations&gt;&lt;SeverityOverrideGuidance&gt;&lt;/SeverityOverrideGuidance&gt;&lt;PotentialImpacts&gt;&lt;/PotentialImpacts&gt;&lt;ThirdPartyTools&gt;&lt;/ThirdPartyTools&gt;&lt;MitigationControl&gt;&lt;/MitigationControl&gt;&lt;Responsibility&gt;Information Assurance Officer&lt;/Responsibility&gt;&lt;Responsibility&gt;Systems Programmer&lt;/Responsibility&gt;&lt;IAControls&gt;ECCD-1, ECCD-2&lt;/IAControls&gt;</description><reference><dc:title>DPMS Target Compuware Abend-AID</dc:title><dc:publisher>DISA</dc:publisher><dc:type>DPMS Target</dc:type><dc:subject>Compuware Abend-AID</dc:subject><dc:identifier>2344</dc:identifier></reference><ident system="http://iase.disa.mil/cci">CCI-000035</ident><ident system="http://iase.disa.mil/cci">CCI-002234</ident><fixtext fixref="F-6616r2_fix">The IAO will work with the systems programmer to verify that the following are properly specified in the ACP.

(Note:  The resources and/or resource prefixes identified below are examples of a possible installation.  The actual resources and/or prefixes are determined when the product is actually installed on a system through the product’s installation guide and can be site specific.)

Use Compuware Abend-AID Resources and Compuware Abend-AID Resources Descriptions tables in the zOS STIG Addendum.  These tables list the resources, access requirements, and logging requirement for Compuware Abend-AID.  Ensure the guidelines for the resources and/or generic equivalent specified in the z/OS STIG Addendum are followed.

Note:	The Compuware Abend-AID resource class is identified in the Viewer Server’s STC configuration data set, FDBDPARM DD statement, using the parameter setting EXTERNAL_SECURITY_RESOURCE_CLASS.  In addition there is a parameter that identifies the prefix for all resources which is EXTERNAL_SECURITY_PREFIX.

The ACF2 resources as designated in the above table are defined with a default access of PREVENT.

The ACF2 resource access authorizations restrict access to the appropriate personnel as designated in the above table.

The following commands are provided as a sample for implementing resource controls:

$KEY(prefix) TYPE(resource-type)
SERVER.LOGON.FD.- UID(appdaudt) ALLOW
SERVER.LOGON.FD.- UID(appsaudt) ALLOW
SERVER.LOGON.FD.- UID(operaudt) ALLOW
SERVER.LOGON.FD.- UID(syspaudt) ALLOW
- UID(*) PREVENT</fixtext><fix id="F-6616r2_fix" /><check system="C-11662r4_chk"><check-content-ref name="M" href="DPMS_XCCDF_Benchmark_zOS Compuware Abend-AID for ACF2.xml" /><check-content>Refer to the following report produced by the ACF2 Data Collection and Data Set and Resource Data Collection:

	SENSITVE.RPT(ZAID0020)
-	ACF2CMDS.RPT(RESOURCE) – Alternate report

Automated Analysis
Refer to the following report produced by the Data Set and Resource Data Collection:

-	PDI(ZAID0020)

NOTE:	The Abend-AID resource class is identified in the Viewer Server’s STC configuration data set, FDBDPARM DD statement, using the parameter setting EXTERNAL_SECURITY_RESOURCE_CLASS.

Verify that the accesses to resources and/or generic equivalent are properly restricted according to the requirements specified in Compuware Abend-AID Resources table in the z/OS STIG Addendum.  If the following guidance is true, this is not a finding.

___	The ACF2 resources are defined with a default access of PREVENT.

___	The ACF2 resource access authorizations restrict access to the appropriate personnel.</check-content></check></Rule></Group><Group id="V-18014"><title>ZB000040</title><description>&lt;GroupDescription&gt;&lt;/GroupDescription&gt;</description><Rule id="SV-43205r1_rule" severity="medium" weight="10.0"><version>ZAID0040</version><title>Compuware Abend-AID external security options will be specified properly.</title><description>&lt;VulnDiscussion&gt;Compuware Abend-AID offers external security interfaces that are controlled by parameters specified in FDBDPARM DD statement of the started task procedures.  These interfaces provide security controls for Abend-AID.  Without proper controls to ensure that security is active, the integrity of the Compuware Abend-AID System and the confidentiality of data stored on the system may be compromised.&lt;/VulnDiscussion&gt;&lt;FalsePositives&gt;&lt;/FalsePositives&gt;&lt;FalseNegatives&gt;&lt;/FalseNegatives&gt;&lt;Documentable&gt;false&lt;/Documentable&gt;&lt;Mitigations&gt;&lt;/Mitigations&gt;&lt;SeverityOverrideGuidance&gt;&lt;/SeverityOverrideGuidance&gt;&lt;PotentialImpacts&gt;&lt;/PotentialImpacts&gt;&lt;ThirdPartyTools&gt;&lt;/ThirdPartyTools&gt;&lt;MitigationControl&gt;&lt;/MitigationControl&gt;&lt;Responsibility&gt;Systems Programmer&lt;/Responsibility&gt;&lt;Responsibility&gt;Information Assurance Officer&lt;/Responsibility&gt;&lt;IAControls&gt;ECCD-1, ECCD-2&lt;/IAControls&gt;</description><reference><dc:title>DPMS Target Compuware Abend-AID</dc:title><dc:publisher>DISA</dc:publisher><dc:type>DPMS Target</dc:type><dc:subject>Compuware Abend-AID</dc:subject><dc:identifier>2344</dc:identifier></reference><ident system="http://iase.disa.mil/cci">CCI-000035</ident><fixtext fixref="F-36738r1_fix">The systems programmer/IAO will ensure that the Compuware Abend-AID parameter is (are) specified.  Compuware Abend-AID security interfaces are controlled by parameters coded in the data set specified in the FDBDPARM DD statement of the started task procedures.
 
Parameter	Value
EXTERNAL_SECURITY_ENABLED	YES
</fixtext><fix id="F-36738r1_fix" /><check system="C-41182r1_chk"><check-content-ref name="M" href="DPMS_XCCDF_Benchmark_zOS Compuware Abend-AID for ACF2.xml" /><check-content>Refer to the contents data set specified in the FDBDPARM DD statement of the started task procedures. 

Automated Analysis
Refer to the following report produced by the z/OS Data Collection:

-	PDI(ZAID0040)

Ensure the following Compuware Abend-AID parameter is (are) specified in the data set specified in the FDBDPARM DD statement of the started task procedures.  If the following guidance is true, this is not a finding. 

Parameter	Value
EXTERNAL_SECURITY_ENABLED	YES
</check-content></check></Rule></Group><Group id="V-21592"><title>ZB000002</title><description>&lt;GroupDescription&gt;&lt;/GroupDescription&gt;</description><Rule id="SV-75837r1_rule" severity="medium" weight="10.0"><version>ZAIDA002</version><title>Compuware Abend-AID user data sets must be properly protected.</title><description>&lt;VulnDiscussion&gt;Compuware Abend-AID user data sets have the ability to use privileged functions and/or have access to sensitive data. Failure to properly restrict access to these data sets could result in violating the integrity of the base product which could result in compromising the operating system or sensitive data.&lt;/VulnDiscussion&gt;&lt;FalsePositives&gt;&lt;/FalsePositives&gt;&lt;FalseNegatives&gt;&lt;/FalseNegatives&gt;&lt;Documentable&gt;false&lt;/Documentable&gt;&lt;Mitigations&gt;&lt;/Mitigations&gt;&lt;SeverityOverrideGuidance&gt;&lt;/SeverityOverrideGuidance&gt;&lt;PotentialImpacts&gt;&lt;/PotentialImpacts&gt;&lt;ThirdPartyTools&gt;&lt;/ThirdPartyTools&gt;&lt;MitigationControl&gt;&lt;/MitigationControl&gt;&lt;Responsibility&gt;Information Assurance Officer&lt;/Responsibility&gt;&lt;Responsibility&gt;Systems Programmer&lt;/Responsibility&gt;&lt;IAControls&gt;DCSL-1, ECAR-1, ECAR-2, ECCD-1, ECCD-2&lt;/IAControls&gt;</description><reference><dc:title>DPMS Target Compuware Abend-AID</dc:title><dc:publisher>DISA</dc:publisher><dc:type>DPMS Target</dc:type><dc:subject>Compuware Abend-AID</dc:subject><dc:identifier>2344</dc:identifier></reference><ident system="http://iase.disa.mil/cci">CCI-000213</ident><fixtext fixref="F-67259r1_fix">Ensure that WRITE and/or greater access to Compuware Abend-AID user data sets is limited to System Programmers and Compuware Abend-AID STC(s) and/or batch user(s) only. Ensure that WRITE access to Compuware Abend-AID user data sets is limited to Application Development Programmers and Application Production Support Team members. Read access can be given to auditors.

(Note: The data sets and/or data set prefixes identified below are examples of a possible installation. The actual data sets and/or prefixes are determined when the product is actually installed on a system through the product’s installation guide and can be site specific.)

Data sets to be protected will be:

Region dump datasets
Report databases
Source listing files/source listing shared directories

The following commands are provided as a sample for implementing data set controls:

$KEY(S3A) 
$PREFIX(SYS3)
ABENDAID.SHARED-.- UID(appdaudt) R(A) W(A)
ABENDAID.SHARED-.- UID(appsaudt) R(A) W(A)
ABENDAID.SHARED-.- UID(AbendAID STCs) R(A) W(A) A(A) E(A)
ABENDAID.SHARED-.- UID(syspaudt) R(A) W(A) A(A) E(A)

ABENDAID.SHARED-.- UID(tstcaudt) R(A) W(A) A(A) E(A)
ABENDAID.SHARED-.- UID(audtaudt) R(A)
ABENDAID.REPORTDB-.- UID(appdaudt) R(A) W(A)
ABENDAID.REPORTDB-.- UID(appsaudt) R(A) W(A)
ABENDAID.REPORTDB-.- UID(AbendAID STCs) R(A) W(A) A(A) E(A)
ABENDAID.REPORTED-.- UID(syspaudt) R(A) W(A) A(A) E(A)
ABENDAID.REPORTED-.- UID(tstcaudt) R(A) W(A) A(A) E(A) 
ABENDAID.REPORTDB-.- UID(audtaudt) R(A)

SET RULE
COMPILE 'ACF2.MVA.DSNRULES(S3A)' STORE
</fixtext><fix id="F-67259r1_fix" /><check system="C-62287r2_chk"><check-content-ref name="M" href="DPMS_XCCDF_Benchmark_zOS Compuware Abend-AID for ACF2.xml" /><check-content>Refer to the following report produced by the Data Set and Resource Data Collection:

-	SENSITVE.RPT(AIDUSER)

Automated Analysis
Refer to the following report produced by the Data Set and Resource Data Collection:

-	PDI(ZAID0002)

Verify that the accesses to the following Compuware Abend-AID user data sets are properly restricted:
Region dump datasets
Report databases
Source listing files/source listing shared directories

If the following guidance is true, this is not a finding.

___	The ACF2 data set rules for the listed data sets restricts READ access to auditors.

___	The ACF2 data set rules for the listed data sets restricts WRITE and/or greater access to systems programming personnel.

___	The ACF2 data set rules for the listed data sets restricts WRITE and/or greater access to the Compuware Abend-AID’s STC(s) and/or batch user(s).

___	The ACF2 data set rules for the listed data sets restricts WRITE access to Application Development Programmers and Application Production Support Team members.</check-content></check></Rule></Group></Benchmark>