<?xml version="1.0" encoding="utf-8"?><?xml-stylesheet type='text/xsl' href='STIG_unclass.xsl'?><Benchmark xmlns:dsig="http://www.w3.org/2000/09/xmldsig#" xmlns:xsi="http://www.w3.org/2001/XMLSchema-instance" xmlns:cpe="http://cpe.mitre.org/language/2.0" xmlns:xhtml="http://www.w3.org/1999/xhtml" xmlns:dc="http://purl.org/dc/elements/1.1/" id="HPE_3PAR_StoreServ_3.2.x_STIG" xml:lang="en" xsi:schemaLocation="http://checklists.nist.gov/xccdf/1.1 http://nvd.nist.gov/schema/xccdf-1.1.4.xsd http://cpe.mitre.org/dictionary/2.0 http://cpe.mitre.org/files/cpe-dictionary_2.1.xsd" xmlns="http://checklists.nist.gov/xccdf/1.1"><status date="2017-05-18">accepted</status><title>HPE 3PAR StoreServ 3.2.x Security Technical Implementation Guide</title><description>This Security Technical Implementation Guide is published as a tool to improve the security of Department of Defense (DoD) information systems. The requirements are derived from the National Institute of Standards and Technology (NIST) 800-53 and related documents. Comments or proposed revisions to this document should be sent via email to the following address: disa.stig_spt@mail.mil.</description><notice id="terms-of-use" xml:lang="en"></notice><reference href="http://iase.disa.mil"><dc:publisher>DISA</dc:publisher><dc:source>STIG.DOD.MIL</dc:source></reference><plain-text id="release-info">Release: 3 Benchmark Date: 28 Jul 2017</plain-text><version>1</version><Profile id="MAC-1_Classified"><title>I - Mission Critical Classified</title><description>&lt;ProfileDescription&gt;&lt;/ProfileDescription&gt;</description><select idref="V-70457" selected="true" /><select idref="V-70483" selected="true" /><select idref="V-70485" selected="true" /><select idref="V-70487" selected="true" /><select idref="V-70489" selected="true" /><select idref="V-70491" selected="true" /><select idref="V-70493" selected="true" /><select idref="V-70495" selected="true" /><select idref="V-70497" selected="true" /><select idref="V-70499" selected="true" /><select idref="V-70501" selected="true" /><select idref="V-70503" selected="true" /><select idref="V-70505" selected="true" /><select idref="V-70507" selected="true" /><select idref="V-70509" selected="true" /><select idref="V-70511" selected="true" /><select idref="V-70513" selected="true" /><select idref="V-70515" selected="true" /><select idref="V-74657" selected="true" /><select idref="V-74659" selected="true" /></Profile><Profile id="MAC-1_Public"><title>I - Mission Critical Public</title><description>&lt;ProfileDescription&gt;&lt;/ProfileDescription&gt;</description><select idref="V-70457" selected="true" /><select idref="V-70483" selected="true" /><select idref="V-70485" selected="true" /><select idref="V-70487" selected="true" /><select idref="V-70489" selected="true" /><select idref="V-70491" selected="true" /><select idref="V-70493" selected="true" /><select idref="V-70495" selected="true" /><select idref="V-70497" selected="true" /><select idref="V-70499" selected="true" /><select idref="V-70501" selected="true" /><select idref="V-70503" selected="true" /><select idref="V-70505" selected="true" /><select idref="V-70507" selected="true" /><select idref="V-70509" selected="true" /><select idref="V-70511" selected="true" /><select idref="V-70513" selected="true" /><select idref="V-70515" selected="true" /><select idref="V-74657" selected="true" /><select idref="V-74659" selected="true" /></Profile><Profile id="MAC-1_Sensitive"><title>I - Mission Critical Sensitive</title><description>&lt;ProfileDescription&gt;&lt;/ProfileDescription&gt;</description><select idref="V-70457" selected="true" /><select idref="V-70483" selected="true" /><select idref="V-70485" selected="true" /><select idref="V-70487" selected="true" /><select idref="V-70489" selected="true" /><select idref="V-70491" selected="true" /><select idref="V-70493" selected="true" /><select idref="V-70495" selected="true" /><select idref="V-70497" selected="true" /><select idref="V-70499" selected="true" /><select idref="V-70501" selected="true" /><select idref="V-70503" selected="true" /><select idref="V-70505" selected="true" /><select idref="V-70507" selected="true" /><select idref="V-70509" selected="true" /><select idref="V-70511" selected="true" /><select idref="V-70513" selected="true" /><select idref="V-70515" selected="true" /><select idref="V-74657" selected="true" /><select idref="V-74659" selected="true" /></Profile><Profile id="MAC-2_Classified"><title>II - Mission Support Classified</title><description>&lt;ProfileDescription&gt;&lt;/ProfileDescription&gt;</description><select idref="V-70457" selected="true" /><select idref="V-70483" selected="true" /><select idref="V-70485" selected="true" /><select idref="V-70487" selected="true" /><select idref="V-70489" selected="true" /><select idref="V-70491" selected="true" /><select idref="V-70493" selected="true" /><select idref="V-70495" selected="true" /><select idref="V-70497" selected="true" /><select idref="V-70499" selected="true" /><select idref="V-70501" selected="true" /><select idref="V-70503" selected="true" /><select idref="V-70505" selected="true" /><select idref="V-70507" selected="true" /><select idref="V-70509" selected="true" /><select idref="V-70511" selected="true" /><select idref="V-70513" selected="true" /><select idref="V-70515" selected="true" /><select idref="V-74657" selected="true" /><select idref="V-74659" selected="true" /></Profile><Profile id="MAC-2_Public"><title>II - Mission Support Public</title><description>&lt;ProfileDescription&gt;&lt;/ProfileDescription&gt;</description><select idref="V-70457" selected="true" /><select idref="V-70483" selected="true" /><select idref="V-70485" selected="true" /><select idref="V-70487" selected="true" /><select idref="V-70489" selected="true" /><select idref="V-70491" selected="true" /><select idref="V-70493" selected="true" /><select idref="V-70495" selected="true" /><select idref="V-70497" selected="true" /><select idref="V-70499" selected="true" /><select idref="V-70501" selected="true" /><select idref="V-70503" selected="true" /><select idref="V-70505" selected="true" /><select idref="V-70507" selected="true" /><select idref="V-70509" selected="true" /><select idref="V-70511" selected="true" /><select idref="V-70513" selected="true" /><select idref="V-70515" selected="true" /><select idref="V-74657" selected="true" /><select idref="V-74659" selected="true" /></Profile><Profile id="MAC-2_Sensitive"><title>II - Mission Support Sensitive</title><description>&lt;ProfileDescription&gt;&lt;/ProfileDescription&gt;</description><select idref="V-70457" selected="true" /><select idref="V-70483" selected="true" /><select idref="V-70485" selected="true" /><select idref="V-70487" selected="true" /><select idref="V-70489" selected="true" /><select idref="V-70491" selected="true" /><select idref="V-70493" selected="true" /><select idref="V-70495" selected="true" /><select idref="V-70497" selected="true" /><select idref="V-70499" selected="true" /><select idref="V-70501" selected="true" /><select idref="V-70503" selected="true" /><select idref="V-70505" selected="true" /><select idref="V-70507" selected="true" /><select idref="V-70509" selected="true" /><select idref="V-70511" selected="true" /><select idref="V-70513" selected="true" /><select idref="V-70515" selected="true" /><select idref="V-74657" selected="true" /><select idref="V-74659" selected="true" /></Profile><Profile id="MAC-3_Classified"><title>III - Administrative Classified</title><description>&lt;ProfileDescription&gt;&lt;/ProfileDescription&gt;</description><select idref="V-70457" selected="true" /><select idref="V-70483" selected="true" /><select idref="V-70485" selected="true" /><select idref="V-70487" selected="true" /><select idref="V-70489" selected="true" /><select idref="V-70491" selected="true" /><select idref="V-70493" selected="true" /><select idref="V-70495" selected="true" /><select idref="V-70497" selected="true" /><select idref="V-70499" selected="true" /><select idref="V-70501" selected="true" /><select idref="V-70503" selected="true" /><select idref="V-70505" selected="true" /><select idref="V-70507" selected="true" /><select idref="V-70509" selected="true" /><select idref="V-70511" selected="true" /><select idref="V-70513" selected="true" /><select idref="V-70515" selected="true" /><select idref="V-74657" selected="true" /><select idref="V-74659" selected="true" /></Profile><Profile id="MAC-3_Public"><title>III - Administrative Public</title><description>&lt;ProfileDescription&gt;&lt;/ProfileDescription&gt;</description><select idref="V-70457" selected="true" /><select idref="V-70483" selected="true" /><select idref="V-70485" selected="true" /><select idref="V-70487" selected="true" /><select idref="V-70489" selected="true" /><select idref="V-70491" selected="true" /><select idref="V-70493" selected="true" /><select idref="V-70495" selected="true" /><select idref="V-70497" selected="true" /><select idref="V-70499" selected="true" /><select idref="V-70501" selected="true" /><select idref="V-70503" selected="true" /><select idref="V-70505" selected="true" /><select idref="V-70507" selected="true" /><select idref="V-70509" selected="true" /><select idref="V-70511" selected="true" /><select idref="V-70513" selected="true" /><select idref="V-70515" selected="true" /><select idref="V-74657" selected="true" /><select idref="V-74659" selected="true" /></Profile><Profile id="MAC-3_Sensitive"><title>III - Administrative Sensitive</title><description>&lt;ProfileDescription&gt;&lt;/ProfileDescription&gt;</description><select idref="V-70457" selected="true" /><select idref="V-70483" selected="true" /><select idref="V-70485" selected="true" /><select idref="V-70487" selected="true" /><select idref="V-70489" selected="true" /><select idref="V-70491" selected="true" /><select idref="V-70493" selected="true" /><select idref="V-70495" selected="true" /><select idref="V-70497" selected="true" /><select idref="V-70499" selected="true" /><select idref="V-70501" selected="true" /><select idref="V-70503" selected="true" /><select idref="V-70505" selected="true" /><select idref="V-70507" selected="true" /><select idref="V-70509" selected="true" /><select idref="V-70511" selected="true" /><select idref="V-70513" selected="true" /><select idref="V-70515" selected="true" /><select idref="V-74657" selected="true" /><select idref="V-74659" selected="true" /></Profile><Group id="V-70457"><title>SRG-OS-000480-GPOS-00227</title><description>&lt;GroupDescription&gt;&lt;/GroupDescription&gt;</description><Rule id="SV-85079r1_rule" severity="medium" weight="10.0"><version>HP3P-32-001000</version><title>The storage system must be operated at the latest maintenance update available from the vendor.</title><description>&lt;VulnDiscussion&gt;The organization must install security-relevant updates (e.g., patches, maintenance updates, and version updates). Due to the potential need for isolation of the storage system from automatic update mechanisms, the organization must give careful consideration to the methodology used to carry out updates.&lt;/VulnDiscussion&gt;&lt;FalsePositives&gt;&lt;/FalsePositives&gt;&lt;FalseNegatives&gt;&lt;/FalseNegatives&gt;&lt;Documentable&gt;false&lt;/Documentable&gt;&lt;Mitigations&gt;&lt;/Mitigations&gt;&lt;SeverityOverrideGuidance&gt;&lt;/SeverityOverrideGuidance&gt;&lt;PotentialImpacts&gt;&lt;/PotentialImpacts&gt;&lt;ThirdPartyTools&gt;&lt;/ThirdPartyTools&gt;&lt;MitigationControl&gt;&lt;/MitigationControl&gt;&lt;Responsibility&gt;&lt;/Responsibility&gt;&lt;IAControls&gt;&lt;/IAControls&gt;</description><reference><dc:title>DPMS Target HPE 3PAR OS 3.2.2</dc:title><dc:publisher>DISA</dc:publisher><dc:type>DPMS Target</dc:type><dc:subject>HPE 3PAR OS 3.2.2</dc:subject><dc:identifier>3013</dc:identifier></reference><ident system="http://iase.disa.mil/cci">CCI-000366</ident><fixtext fixref="F-76693r2_fix">The software update process must be performed by the vendor's support organization.

Contact the vendor's support organization to determine if an update is available.

Note: it is possible no update is currently available for the specific product model being evaluated. This is not an error.

If an update is available, the support organization will use this process to install the software.

Acquire the system update image on DVD media from the vendor's support organization.

Power on the Service Processor, and apply its software update first.

Perform an Attach operation between the Service Processor and the disk array. Then apply the software update to the 3PAR system.

Perform a Detach operation between the Service Processor and the disk array, and power off the Service Processor.</fixtext><fix id="F-76693r2_fix" /><check system="C-70881r1_chk"><check-content-ref name="M" href="DPMS_XCCDF_Benchmark_HPE_3PAR_StoreServ_3.2.x_STIG.xml" /><check-content>Determine when the last update occurred, by entering the following command:

cli% showpatch -hist

The output fields are 
InstallTime Id Package Version

Examine the InstallTime of the last entry in the output. 

If the last update occurred more than 3 months ago, verify on the vendor's website what the latest version is. 

If the current installation is not at the latest release, this is a finding.</check-content></check></Rule></Group><Group id="V-70483"><title>SRG-OS-000095-GPOS-00049</title><description>&lt;GroupDescription&gt;&lt;/GroupDescription&gt;</description><Rule id="SV-85105r2_rule" severity="high" weight="10.0"><version>HP3P-32-001001</version><title>The storage system in a hardened configuration must be configured to disable the Remote Copy feature, unless needed.</title><description>&lt;VulnDiscussion&gt;It is detrimental for operating systems to provide, or install by default, functionality exceeding requirements or mission objectives. These unnecessary capabilities or services are often overlooked and therefore may remain unsecured. They increase the risk to the platform by providing additional attack vectors.

Operating systems are capable of providing a wide variety of functions and services. Some of the functions and services, provided by default, may not be necessary to support essential organizational operations (e.g., key missions, functions).

Examples of non-essential capabilities include but are not limited to games, software packages, tools, and demonstration software not related to requirements or providing a wide array of functionality not required for every mission, but which cannot be disabled.&lt;/VulnDiscussion&gt;&lt;FalsePositives&gt;&lt;/FalsePositives&gt;&lt;FalseNegatives&gt;&lt;/FalseNegatives&gt;&lt;Documentable&gt;false&lt;/Documentable&gt;&lt;Mitigations&gt;&lt;/Mitigations&gt;&lt;SeverityOverrideGuidance&gt;&lt;/SeverityOverrideGuidance&gt;&lt;PotentialImpacts&gt;&lt;/PotentialImpacts&gt;&lt;ThirdPartyTools&gt;&lt;/ThirdPartyTools&gt;&lt;MitigationControl&gt;&lt;/MitigationControl&gt;&lt;Responsibility&gt;&lt;/Responsibility&gt;&lt;IAControls&gt;&lt;/IAControls&gt;</description><reference><dc:title>DPMS Target HPE 3PAR OS 3.2.2</dc:title><dc:publisher>DISA</dc:publisher><dc:type>DPMS Target</dc:type><dc:subject>HPE 3PAR OS 3.2.2</dc:subject><dc:identifier>3013</dc:identifier></reference><ident system="http://iase.disa.mil/cci">CCI-000381</ident><fixtext fixref="F-76721r2_fix">Determine whether Remote Copy operation was permitted under an exception.

If this feature was not permitted, then disable the Remote Copy feature with the following command:

cli% stoprcopy   
</fixtext><fix id="F-76721r2_fix" /><check system="C-70883r2_chk"><check-content-ref name="M" href="DPMS_XCCDF_Benchmark_HPE_3PAR_StoreServ_3.2.x_STIG.xml" /><check-content>Verify the Remote Copy feature is not running via the following command:

cli% showrcopy
Remote Copy is not configured on this system.

Review the requirements by the Information Owner to determine whether the site requires the Remote Copy feature in order to meet mission objectives.

If the Status is "Started" and there is no documented requirement for this usage, this is a finding.

Any other response is not a finding.
</check-content></check></Rule></Group><Group id="V-70485"><title>SRG-OS-000480-GPOS-00227</title><description>&lt;GroupDescription&gt;&lt;/GroupDescription&gt;</description><Rule id="SV-85107r3_rule" severity="medium" weight="10.0"><version>HP3P-32-001002</version><title>The CIM service must be disabled, unless needed.</title><description>&lt;VulnDiscussion&gt;It is detrimental for operating systems to provide, or install by default, functionality exceeding requirements or mission objectives. These unnecessary capabilities or services are often overlooked and therefore may remain unsecured. They increase the risk to the platform by providing additional attack vectors.

Operating systems are capable of providing a wide variety of functions and services. Some of the functions and services, provided by default, may not be necessary to support essential organizational operations (e.g., key missions, functions).

Examples of non-essential capabilities include but are not limited to games, software packages, tools, and demonstration software not related to requirements or providing a wide array of functionality not required for every mission, but which cannot be disabled.&lt;/VulnDiscussion&gt;&lt;FalsePositives&gt;&lt;/FalsePositives&gt;&lt;FalseNegatives&gt;&lt;/FalseNegatives&gt;&lt;Documentable&gt;false&lt;/Documentable&gt;&lt;Mitigations&gt;&lt;/Mitigations&gt;&lt;SeverityOverrideGuidance&gt;&lt;/SeverityOverrideGuidance&gt;&lt;PotentialImpacts&gt;&lt;/PotentialImpacts&gt;&lt;ThirdPartyTools&gt;&lt;/ThirdPartyTools&gt;&lt;MitigationControl&gt;&lt;/MitigationControl&gt;&lt;Responsibility&gt;&lt;/Responsibility&gt;&lt;IAControls&gt;&lt;/IAControls&gt;</description><reference><dc:title>DPMS Target HPE 3PAR OS 3.2.2</dc:title><dc:publisher>DISA</dc:publisher><dc:type>DPMS Target</dc:type><dc:subject>HPE 3PAR OS 3.2.2</dc:subject><dc:identifier>3013</dc:identifier></reference><ident system="http://iase.disa.mil/cci">CCI-000366</ident><fixtext fixref="F-76723r2_fix">Disable the non-essential CIM feature and remove the associated account with the following commands:

cli% stopcim -f
CIM server stopped successfully.

cli% removeuser 3parcimuser

Confirm the operation with "y".
</fixtext><fix id="F-76723r2_fix" /><check system="C-70885r2_chk"><check-content-ref name="M" href="DPMS_XCCDF_Benchmark_HPE_3PAR_StoreServ_3.2.x_STIG.xml" /><check-content>Verify that CIM is not running with the following command:

cli% showcim

Review the requirements by the Information Owner to determine whether the site requires a CIM management client in order to meet mission objectives.

If the output does not report the CIM "Service" is "Disabled" and there is no documented requirement for this usage, this is a finding.

If the output does not report the CIM service "State" is "Inactive" and there is no documented requirement for this usage, this is a finding.
</check-content></check></Rule></Group><Group id="V-70487"><title>SRG-OS-000126-GPOS-00066</title><description>&lt;GroupDescription&gt;&lt;/GroupDescription&gt;</description><Rule id="SV-85109r1_rule" severity="medium" weight="10.0"><version>HP3P-32-001003</version><title>The storage system must terminate all network connections associated with a communications session at the end of the session, at shutdown, or after 10 minutes of inactivity.</title><description>&lt;VulnDiscussion&gt;Terminating an idle session within a short time period reduces the window of opportunity for unauthorized personnel to take control of a management session enabled on the console or console port that has been left unattended. In addition, quickly terminating an idle session will also free up resources committed by the managed network element. 

Terminating network connections associated with communication sessions includes, for example, de-allocating associated TCP/IP address/port pairs at the operating system level, and de-allocating networking assignments at the application level if multiple application sessions are using a single operating system-level network connection. This does not mean that the operating system terminates all sessions or network access; it only ends the inactive session and releases the resources associated with that session.

Satisfies: SRG-OS-000126-GPOS-00066, SRG-OS-000163-GPOS-00072, SRG-OS-000279-GPOS-00109&lt;/VulnDiscussion&gt;&lt;FalsePositives&gt;&lt;/FalsePositives&gt;&lt;FalseNegatives&gt;&lt;/FalseNegatives&gt;&lt;Documentable&gt;false&lt;/Documentable&gt;&lt;Mitigations&gt;&lt;/Mitigations&gt;&lt;SeverityOverrideGuidance&gt;&lt;/SeverityOverrideGuidance&gt;&lt;PotentialImpacts&gt;&lt;/PotentialImpacts&gt;&lt;ThirdPartyTools&gt;&lt;/ThirdPartyTools&gt;&lt;MitigationControl&gt;&lt;/MitigationControl&gt;&lt;Responsibility&gt;&lt;/Responsibility&gt;&lt;IAControls&gt;&lt;/IAControls&gt;</description><reference><dc:title>DPMS Target HPE 3PAR OS 3.2.2</dc:title><dc:publisher>DISA</dc:publisher><dc:type>DPMS Target</dc:type><dc:subject>HPE 3PAR OS 3.2.2</dc:subject><dc:identifier>3013</dc:identifier></reference><ident system="http://iase.disa.mil/cci">CCI-000879</ident><ident system="http://iase.disa.mil/cci">CCI-001133</ident><ident system="http://iase.disa.mil/cci">CCI-002361</ident><fixtext fixref="F-76725r1_fix">Configure the remote session timeout period (in minutes) with the following command:

cli% setsys SessionTimeout 10m</fixtext><fix id="F-76725r1_fix" /><check system="C-70887r1_chk"><check-content-ref name="M" href="DPMS_XCCDF_Benchmark_HPE_3PAR_StoreServ_3.2.x_STIG.xml" /><check-content>Verify the remote session timeout is set to 10 minutes or less with the following command:

cli% showsys -param

If the output does not contain the information below, this is a finding.

SessionTimeout : 00:10:00</check-content></check></Rule></Group><Group id="V-70489"><title>SRG-OS-000033-GPOS-00014</title><description>&lt;GroupDescription&gt;&lt;/GroupDescription&gt;</description><Rule id="SV-85111r1_rule" severity="high" weight="10.0"><version>HP3P-32-001100</version><title>DoD-approved encryption must be implemented to protect the confidentiality and integrity of remote access sessions, information during preparation for transmission, information during reception, and information during transmission in addition to enforcing replay-resistant authentication mechanisms for network access to privileged accounts.</title><description>&lt;VulnDiscussion&gt;Without protection of the transmitted information, confidentiality and integrity may be compromised because unprotected communications can be intercepted and either read or altered. 

Cryptographic mechanisms used for protecting the integrity of information include, for example, signed hash functions using asymmetric cryptography enabling distribution of the public key to verify the hash information while maintaining the confidentiality of the secret key used to generate the hash.

Facilitating the confidentiality of transmitted information requires the operating system to take measures in preparing information for transmission. This can be accomplished via access control and encryption.

This requirement applies to both internal and external networks and all types of information system components from which information can be transmitted (e.g., servers, mobile devices, notebook computers, printers, copiers, scanners, and facsimile machines). Communication paths outside the physical protection of a controlled boundary are exposed to the possibility of interception and modification. 

Unapproved mechanisms that are used for authentication to the cryptographic module are not verified and therefore cannot be relied upon to provide confidentiality or integrity, and DoD data may be compromised.

Operating systems using encryption are required to use FIPS-compliant mechanisms for authenticating to cryptographic modules. 

FIPS 140-2 is the current standard for validating that mechanisms used to access cryptographic modules utilize authentication that meets DoD requirements. This allows for Security Levels 1, 2, 3, or 4 for use on a general purpose computing system.

Satisfies: SRG-OS-000033-GPOS-00014, SRG-OS-000096-GPOS-00050, SRG-OS-000112-GPOS-00057, SRG-OS-000120-GPOS-00061, SRG-OS-000250-GPOS-00093, SRG-OS-000297-GPOS-00115, SRG-OS-000393-GPOS-00173, SRG-OS-000394-GPOS-00174, SRG-OS-000423-GPOS-00187, SRG-OS-000424-GPOS-00188, SRG-OS-000425-GPOS-00189, SRG-OS-000426-GPOS-00190, SRG-OS-000480-GPOS-00227&lt;/VulnDiscussion&gt;&lt;FalsePositives&gt;&lt;/FalsePositives&gt;&lt;FalseNegatives&gt;&lt;/FalseNegatives&gt;&lt;Documentable&gt;false&lt;/Documentable&gt;&lt;Mitigations&gt;&lt;/Mitigations&gt;&lt;SeverityOverrideGuidance&gt;&lt;/SeverityOverrideGuidance&gt;&lt;PotentialImpacts&gt;&lt;/PotentialImpacts&gt;&lt;ThirdPartyTools&gt;&lt;/ThirdPartyTools&gt;&lt;MitigationControl&gt;&lt;/MitigationControl&gt;&lt;Responsibility&gt;&lt;/Responsibility&gt;&lt;IAControls&gt;&lt;/IAControls&gt;</description><reference><dc:title>DPMS Target HPE 3PAR OS 3.2.2</dc:title><dc:publisher>DISA</dc:publisher><dc:type>DPMS Target</dc:type><dc:subject>HPE 3PAR OS 3.2.2</dc:subject><dc:identifier>3013</dc:identifier></reference><ident system="http://iase.disa.mil/cci">CCI-000068</ident><ident system="http://iase.disa.mil/cci">CCI-000366</ident><ident system="http://iase.disa.mil/cci">CCI-000382</ident><ident system="http://iase.disa.mil/cci">CCI-000803</ident><ident system="http://iase.disa.mil/cci">CCI-001453</ident><ident system="http://iase.disa.mil/cci">CCI-001941</ident><ident system="http://iase.disa.mil/cci">CCI-002314</ident><ident system="http://iase.disa.mil/cci">CCI-002418</ident><ident system="http://iase.disa.mil/cci">CCI-002420</ident><ident system="http://iase.disa.mil/cci">CCI-002421</ident><ident system="http://iase.disa.mil/cci">CCI-002422</ident><ident system="http://iase.disa.mil/cci">CCI-002890</ident><ident system="http://iase.disa.mil/cci">CCI-003123</ident><fixtext fixref="F-76727r1_fix">Disable insecure ports via this command by entering the following command:

cli% setnet disableports yes

Confirm the operation by entering "y" and pressing "Enter".</fixtext><fix id="F-76727r1_fix" /><check system="C-70889r1_chk"><check-content-ref name="M" href="DPMS_XCCDF_Benchmark_HPE_3PAR_StoreServ_3.2.x_STIG.xml" /><check-content>Verify that insecure ports are disabled.

cli% setnet disableports yes

Confirm the operation by entering "y" and pressing "Enter".

If an error is reported, this is a finding.

If available, a remote port scan can also verify that only secure ports are open. From a command shell on a Linux workstation in the operational environment, enter the following command:

cli% nmap -sT -sU -sV --version-all -vv -p1 -65535 &lt;ip address of storage system&gt; 

If any port other than 22 (ssh), 123 (ntp), 161 and 162 (snmp), and 5783 (ssl manageability) report as open, this is a finding.</check-content></check></Rule></Group><Group id="V-70491"><title>SRG-OS-000404-GPOS-00183</title><description>&lt;GroupDescription&gt;&lt;/GroupDescription&gt;</description><Rule id="SV-85113r1_rule" severity="low" weight="10.0"><version>HP3P-32-001200</version><title>The storage system must implement cryptographic mechanisms to prevent unauthorized modification or disclosure of all information at rest on all storage system components.</title><description>&lt;VulnDiscussion&gt;Operating systems handling data requiring “data at rest” protections must employ cryptographic mechanisms to prevent unauthorized disclosure and modification of the information at rest.

Selection of a cryptographic mechanism is based on the need to protect the integrity of organizational information. The strength of the mechanism is commensurate with the security category and/or classification of the information. Organizations have the flexibility to either encrypt all information on storage devices (i.e., full disk encryption) or encrypt specific data structures (e.g., files, records, or fields).

Satisfies: SRG-OS-000404-GPOS-00183, SRG-OS-000405-GPOS-00184&lt;/VulnDiscussion&gt;&lt;FalsePositives&gt;&lt;/FalsePositives&gt;&lt;FalseNegatives&gt;&lt;/FalseNegatives&gt;&lt;Documentable&gt;false&lt;/Documentable&gt;&lt;Mitigations&gt;&lt;/Mitigations&gt;&lt;SeverityOverrideGuidance&gt;&lt;/SeverityOverrideGuidance&gt;&lt;PotentialImpacts&gt;&lt;/PotentialImpacts&gt;&lt;ThirdPartyTools&gt;&lt;/ThirdPartyTools&gt;&lt;MitigationControl&gt;&lt;/MitigationControl&gt;&lt;Responsibility&gt;&lt;/Responsibility&gt;&lt;IAControls&gt;&lt;/IAControls&gt;</description><reference><dc:title>DPMS Target HPE 3PAR OS 3.2.2</dc:title><dc:publisher>DISA</dc:publisher><dc:type>DPMS Target</dc:type><dc:subject>HPE 3PAR OS 3.2.2</dc:subject><dc:identifier>3013</dc:identifier></reference><ident system="http://iase.disa.mil/cci">CCI-002475</ident><ident system="http://iase.disa.mil/cci">CCI-002476</ident><fixtext fixref="F-76729r1_fix">Contact an authorized installer to enable the data-at-rest encryption feature. The data at rest encryption feature has hardware and licensing pre-requisites which must be verified by an authorized installer prior to enabling the feature.</fixtext><fix id="F-76729r1_fix" /><check system="C-70891r1_chk"><check-content-ref name="M" href="DPMS_XCCDF_Benchmark_HPE_3PAR_StoreServ_3.2.x_STIG.xml" /><check-content>Review the requirements by the Information Owner to discover whether the system stores sensitive or classified information.

If the system does not store sensitive or classified information, this is not applicable.

Verify that data at rest encryption is enabled by entering the following command:

cli% controlencryption status
Licensed | Enabled | BackupSaved | State | SeqNum | Keystore
yes | Yes | no | normal | 0 | ---

If the "Enabled" flag is not set to "Yes" as shown in the output above, this is a finding.</check-content></check></Rule></Group><Group id="V-70493"><title>SRG-OS-000046-GPOS-00022</title><description>&lt;GroupDescription&gt;&lt;/GroupDescription&gt;</description><Rule id="SV-85115r1_rule" severity="medium" weight="10.0"><version>HP3P-32-001300</version><title>SNMP must be changed from default settings and must be configured on the storage system to provide alerts of critical events that impact system security.</title><description>&lt;VulnDiscussion&gt;Whether active or not, default SNMP passwords, users, and passphrases must be changed to maintain security. If the service is running with the default authenticators, anyone can gather data about the system and the network(s) and use the information to potentially compromise the integrity of the system or network(s).

The product must be configured to alert administrators when events occur that may impact system operation or security. The alerting mechanism must support secured options and configurations that can be audited.

Satisfies: SRG-OS-000046-GPOS-00022, SRG-OS-000480-GPOS-00227, SRG-OS-000344-GPOS-00135&lt;/VulnDiscussion&gt;&lt;FalsePositives&gt;&lt;/FalsePositives&gt;&lt;FalseNegatives&gt;&lt;/FalseNegatives&gt;&lt;Documentable&gt;false&lt;/Documentable&gt;&lt;Mitigations&gt;&lt;/Mitigations&gt;&lt;SeverityOverrideGuidance&gt;&lt;/SeverityOverrideGuidance&gt;&lt;PotentialImpacts&gt;&lt;/PotentialImpacts&gt;&lt;ThirdPartyTools&gt;&lt;/ThirdPartyTools&gt;&lt;MitigationControl&gt;&lt;/MitigationControl&gt;&lt;Responsibility&gt;&lt;/Responsibility&gt;&lt;IAControls&gt;&lt;/IAControls&gt;</description><reference><dc:title>DPMS Target HPE 3PAR OS 3.2.2</dc:title><dc:publisher>DISA</dc:publisher><dc:type>DPMS Target</dc:type><dc:subject>HPE 3PAR OS 3.2.2</dc:subject><dc:identifier>3013</dc:identifier></reference><ident system="http://iase.disa.mil/cci">CCI-000139</ident><ident system="http://iase.disa.mil/cci">CCI-000366</ident><ident system="http://iase.disa.mil/cci">CCI-001858</ident><fixtext fixref="F-76731r1_fix">To configure SNMPv3 alert notifications, use this sequence of operations to create and enable an SNMPv3 user, and create associated keys for authentication and privacy:

First, create the "3parsnmpuser" on the host with the following command:

cli% createuser 3parsnmpuser all browse

Enter the password and retype the password to confirm.

Next, create the snmp user and associate that with the "3parsnmpuser" account on the host.

cli% createsnmpuser 3parsnmpuser

Enter the password and retype the password to confirm. 

Finally, add the IP address of the SNMPv3 trap recipient, where the permissions of the account are used:

cli% addsnmpmgr -pw &lt;password&gt; -version 3 -snmpuser 3parsnmpuser &lt;ip address&gt;</fixtext><fix id="F-76731r1_fix" /><check system="C-70893r1_chk"><check-content-ref name="M" href="DPMS_XCCDF_Benchmark_HPE_3PAR_StoreServ_3.2.x_STIG.xml" /><check-content>Verify a SNMPv3 user account is configured. Run the following command:

cli% showsnmpuser
Username | AuthProtocol | PrivProtocol
3parsnmpuser | HMAC SHA 96 | CFB128 AES 128

If the output is not displayed in the above format, this is a finding.

Identify the SNMP trap recipient and report SNMP configuration with the following command:

cli% showsnmpmgr
HostIP | Port | SNMPVersion | User
&lt;snmp trap recipient IP&gt; | 162 | 3 | 3parsnmpuser

If the SNMP trap recipient IP address is incorrect, this is a finding.
If the SNMP port is not "162", this is a finding.
If the SNMP version is not "3", this is a finding.
If the SNMP user ID is incorrect, this is a finding.

Generate a test trap:
cli% checksnmp

Trap sent to the following managers:
&lt; IP address of trap recipient&gt;

If the response does not indicate a trap was successfully sent, this is a finding.</check-content></check></Rule></Group><Group id="V-70495"><title>SRG-OS-000480-GPOS-00227</title><description>&lt;GroupDescription&gt;&lt;/GroupDescription&gt;</description><Rule id="SV-85117r1_rule" severity="medium" weight="10.0"><version>HP3P-32-001303</version><title>The SNMP service on the storage system must use only SNMPv3 or its successors.</title><description>&lt;VulnDiscussion&gt;SNMP Versions 1 and 2 are not considered secure. Without the strong authentication and privacy provided by the SNMP Version 3 User-based Security Model (USM), an attacker or other unauthorized users may gain access to detailed system management information and use the information to launch attacks against the system.&lt;/VulnDiscussion&gt;&lt;FalsePositives&gt;&lt;/FalsePositives&gt;&lt;FalseNegatives&gt;&lt;/FalseNegatives&gt;&lt;Documentable&gt;false&lt;/Documentable&gt;&lt;Mitigations&gt;&lt;/Mitigations&gt;&lt;SeverityOverrideGuidance&gt;&lt;/SeverityOverrideGuidance&gt;&lt;PotentialImpacts&gt;&lt;/PotentialImpacts&gt;&lt;ThirdPartyTools&gt;&lt;/ThirdPartyTools&gt;&lt;MitigationControl&gt;&lt;/MitigationControl&gt;&lt;Responsibility&gt;&lt;/Responsibility&gt;&lt;IAControls&gt;&lt;/IAControls&gt;</description><reference><dc:title>DPMS Target HPE 3PAR OS 3.2.2</dc:title><dc:publisher>DISA</dc:publisher><dc:type>DPMS Target</dc:type><dc:subject>HPE 3PAR OS 3.2.2</dc:subject><dc:identifier>3013</dc:identifier></reference><ident system="http://iase.disa.mil/cci">CCI-000366</ident><fixtext fixref="F-76733r1_fix">Configure the OS to use SNMPv3 by entering the command:

cli% setsnmpmgr -snmpuser 3parsnmpuser -pw &lt;password&gt; -version 3 &lt;IP address of SNMP manager&gt;</fixtext><fix id="F-76733r1_fix" /><check system="C-70895r1_chk"><check-content-ref name="M" href="DPMS_XCCDF_Benchmark_HPE_3PAR_StoreServ_3.2.x_STIG.xml" /><check-content>Verify that SNMPv3 is enabled by entering the command: 

cli% showsnmpmgr
HostIP Port SNMPVersion User
&lt;IP address of SNMP manager&gt; 162 3 &lt;username&gt;

If the SNMPVersion is not 3, this is a finding.</check-content></check></Rule></Group><Group id="V-70497"><title>SRG-OS-000480-GPOS-00227</title><description>&lt;GroupDescription&gt;&lt;/GroupDescription&gt;</description><Rule id="SV-85119r1_rule" severity="medium" weight="10.0"><version>HP3P-32-001305</version><title>The SNMP service on the storage system must require the use of a FIPS 140-2 approved cryptographic hash algorithm as part of its authentication and integrity methods.</title><description>&lt;VulnDiscussion&gt;The SNMP service must use AES or a FIPS 140-2 approved successor algorithm for protecting the privacy of communications.&lt;/VulnDiscussion&gt;&lt;FalsePositives&gt;&lt;/FalsePositives&gt;&lt;FalseNegatives&gt;&lt;/FalseNegatives&gt;&lt;Documentable&gt;false&lt;/Documentable&gt;&lt;Mitigations&gt;&lt;/Mitigations&gt;&lt;SeverityOverrideGuidance&gt;&lt;/SeverityOverrideGuidance&gt;&lt;PotentialImpacts&gt;&lt;/PotentialImpacts&gt;&lt;ThirdPartyTools&gt;&lt;/ThirdPartyTools&gt;&lt;MitigationControl&gt;&lt;/MitigationControl&gt;&lt;Responsibility&gt;&lt;/Responsibility&gt;&lt;IAControls&gt;&lt;/IAControls&gt;</description><reference><dc:title>DPMS Target HPE 3PAR OS 3.2.2</dc:title><dc:publisher>DISA</dc:publisher><dc:type>DPMS Target</dc:type><dc:subject>HPE 3PAR OS 3.2.2</dc:subject><dc:identifier>3013</dc:identifier></reference><ident system="http://iase.disa.mil/cci">CCI-000366</ident><fixtext fixref="F-76735r1_fix">Configure the storage system to use AES encryption for SNMPv3 by entering the command:

cli% setsnmpmgr -snmpuser 3parsnmpuser -pw &lt;password&gt; -version 3 &lt;IP address of SNMP manager&gt;</fixtext><fix id="F-76735r1_fix" /><check system="C-70897r1_chk"><check-content-ref name="M" href="DPMS_XCCDF_Benchmark_HPE_3PAR_StoreServ_3.2.x_STIG.xml" /><check-content>Verify that SNMP encryption uses AES by entering the following command:

cli% showsnmpuser
Username AuthProtocol PrivProtocol
3parsnmpuser HMAC-SHA-96 CFB128-AES-128

If the PrivProtocol in the result is not AES, this is a finding.</check-content></check></Rule></Group><Group id="V-70499"><title>SRG-OS-000355-GPOS-00143</title><description>&lt;GroupDescription&gt;&lt;/GroupDescription&gt;</description><Rule id="SV-85121r1_rule" severity="low" weight="10.0"><version>HP3P-32-001400</version><title>The storage system must, for networked systems, compare internal information system clocks at least every 24 hours with a server which is synchronized to one of the redundant United States Naval Observatory (USNO) time servers, or a time server designated for the appropriate DoD network (NIPRNet/SIPRNet), and/or the Global Positioning System (GPS).</title><description>&lt;VulnDiscussion&gt;Inaccurate time stamps make it more difficult to correlate events and can lead to an inaccurate analysis. Determining the correct time a particular event occurred on a system is critical when conducting forensic analysis and investigating system events. Sources outside the configured acceptable allowance (drift) may be inaccurate.

Synchronizing internal information system clocks provides uniformity of time stamps for information systems with multiple system clocks and systems connected over a network.

Organizations should consider endpoints that may not have regular access to the authoritative time server (e.g., mobile, teleworking, and tactical endpoints).&lt;/VulnDiscussion&gt;&lt;FalsePositives&gt;&lt;/FalsePositives&gt;&lt;FalseNegatives&gt;&lt;/FalseNegatives&gt;&lt;Documentable&gt;false&lt;/Documentable&gt;&lt;Mitigations&gt;&lt;/Mitigations&gt;&lt;SeverityOverrideGuidance&gt;&lt;/SeverityOverrideGuidance&gt;&lt;PotentialImpacts&gt;&lt;/PotentialImpacts&gt;&lt;ThirdPartyTools&gt;&lt;/ThirdPartyTools&gt;&lt;MitigationControl&gt;&lt;/MitigationControl&gt;&lt;Responsibility&gt;&lt;/Responsibility&gt;&lt;IAControls&gt;&lt;/IAControls&gt;</description><reference><dc:title>DPMS Target HPE 3PAR OS 3.2.2</dc:title><dc:publisher>DISA</dc:publisher><dc:type>DPMS Target</dc:type><dc:subject>HPE 3PAR OS 3.2.2</dc:subject><dc:identifier>3013</dc:identifier></reference><ident system="http://iase.disa.mil/cci">CCI-001891</ident><fixtext fixref="F-76737r1_fix">Enable NTP on the system by entering the following command:

cli% setnet ntp &lt;server_addr&gt;</fixtext><fix id="F-76737r1_fix" /><check system="C-70899r1_chk"><check-content-ref name="M" href="DPMS_XCCDF_Benchmark_HPE_3PAR_StoreServ_3.2.x_STIG.xml" /><check-content>Verify NTP is operational by entering the following command:

cli% shownet 
&lt; multiple lines of heading, and node network information&gt;
NTP server : &lt;ip address of ntp server&gt;

If one of the lines of the output does not show the correct NTP server IP address, this is a finding.</check-content></check></Rule></Group><Group id="V-70501"><title>SRG-OS-000123-GPOS-00064</title><description>&lt;GroupDescription&gt;&lt;/GroupDescription&gt;</description><Rule id="SV-85123r2_rule" severity="high" weight="10.0"><version>HP3P-32-001501</version><title>The storage system must be configured to have only 1 emergency account which can be accessed without LDAP, and which has full administrator capabilities.</title><description>&lt;VulnDiscussion&gt;While LDAP allows the storage system to support stronger authentication and provides additional auditing, it also places a dependency on an external entity in the operational environment. The existence of a single local account with a strong password means that administrators can continue to access the storage system in the event the LDAP system is temporarily unavailable.&lt;/VulnDiscussion&gt;&lt;FalsePositives&gt;&lt;/FalsePositives&gt;&lt;FalseNegatives&gt;&lt;/FalseNegatives&gt;&lt;Documentable&gt;false&lt;/Documentable&gt;&lt;Mitigations&gt;&lt;/Mitigations&gt;&lt;SeverityOverrideGuidance&gt;&lt;/SeverityOverrideGuidance&gt;&lt;PotentialImpacts&gt;&lt;/PotentialImpacts&gt;&lt;ThirdPartyTools&gt;&lt;/ThirdPartyTools&gt;&lt;MitigationControl&gt;&lt;/MitigationControl&gt;&lt;Responsibility&gt;&lt;/Responsibility&gt;&lt;IAControls&gt;&lt;/IAControls&gt;</description><reference><dc:title>DPMS Target HPE 3PAR OS 3.2.2</dc:title><dc:publisher>DISA</dc:publisher><dc:type>DPMS Target</dc:type><dc:subject>HPE 3PAR OS 3.2.2</dc:subject><dc:identifier>3013</dc:identifier></reference><ident system="http://iase.disa.mil/cci">CCI-001682</ident><fixtext fixref="F-76739r2_fix">Display users with the following command:

cli% showuser

If the accounts "3parbrowse", "3paredit", or "3parservice" exist, see HP3P-32-001504 for removal instructions specific to these accounts.

If the account "3parcimuser" exists see HP3P-32-001002 for removal instructions specific to that account.

Otherwise, remove all accounts except "3paradm", "3parsvc", "3parsnmpuser", and "3parcimuser" using the following command:

cli% removeuser &lt;username&gt;

Confirm the operation with "y".
</fixtext><fix id="F-76739r2_fix" /><check system="C-70901r2_chk"><check-content-ref name="M" href="DPMS_XCCDF_Benchmark_HPE_3PAR_StoreServ_3.2.x_STIG.xml" /><check-content>Verify that only essential local accounts are configured. Enter the following command:

cli% showuser

If the output shows users other than the four accounts below, this is a finding:

3paradm
3parsvc
3parsnmpuser
3parcimuser</check-content></check></Rule></Group><Group id="V-70503"><title>SRG-OS-000001-GPOS-00001</title><description>&lt;GroupDescription&gt;&lt;/GroupDescription&gt;</description><Rule id="SV-85125r1_rule" severity="high" weight="10.0"><version>HP3P-32-001503</version><title>The storage system must only be operated in conjunction with an LDAP server in a trusted environment if an Active Directory server is not available.</title><description>&lt;VulnDiscussion&gt;Where strong account and password management capabilities are required, the 3PAR system is heavily dependent on its ability to use an LDAP server.

Satisfies: SRG-OS-000001-GPOS-00001, SRG-OS-000104-GPOS-00051, SRG-OS-000480-GPOS-00227&lt;/VulnDiscussion&gt;&lt;FalsePositives&gt;&lt;/FalsePositives&gt;&lt;FalseNegatives&gt;&lt;/FalseNegatives&gt;&lt;Documentable&gt;false&lt;/Documentable&gt;&lt;Mitigations&gt;&lt;/Mitigations&gt;&lt;SeverityOverrideGuidance&gt;&lt;/SeverityOverrideGuidance&gt;&lt;PotentialImpacts&gt;&lt;/PotentialImpacts&gt;&lt;ThirdPartyTools&gt;&lt;/ThirdPartyTools&gt;&lt;MitigationControl&gt;&lt;/MitigationControl&gt;&lt;Responsibility&gt;&lt;/Responsibility&gt;&lt;IAControls&gt;&lt;/IAControls&gt;</description><reference><dc:title>DPMS Target HPE 3PAR OS 3.2.2</dc:title><dc:publisher>DISA</dc:publisher><dc:type>DPMS Target</dc:type><dc:subject>HPE 3PAR OS 3.2.2</dc:subject><dc:identifier>3013</dc:identifier></reference><ident system="http://iase.disa.mil/cci">CCI-000015</ident><ident system="http://iase.disa.mil/cci">CCI-000366</ident><ident system="http://iase.disa.mil/cci">CCI-000764</ident><fixtext fixref="F-76741r1_fix">Use this series of commands to configure LDAP.

cli% setauthparam -f ldap-server        &lt;ldap server IP address&gt;
cli% setauthparam -f ldap-server-hn     &lt;fully qualified domain name of ldap server, such as ldapserver.thisdomain.com&gt;
cli% setauthparam -f binding            simple
cli% setauthparam -f ldap-StartTLS      require
cli% setauthparam -f groups-dn          ou=Groups,dc=thisdomain,dc=com
cli% setauthparam -f user-dn-base       ou=People,dc=thisdomain,dc=com
cli% setauthparam -f user-attr          uid
cli% setauthparam -f group-obj          groupofuniquenames
cli% setauthparam -f group-name-attr    cn
cli% setauthparam -f member-attr        uniqueMember
cli% setauthparam -f browse-map         "*"
cli% setauthparam -f edit-map           &lt;customer-assigned name of edit role&gt; &lt;customer-assigned name of "edit" group&gt;
cli% setauthparam -f service-map       &lt;customer-assigned name of service role&gt; &lt;customer-assigned name of "service" group&gt;
cli% setauthparam -f super-map          &lt;customer-assigned name of super role&gt; &lt;customer-assigned name of "super" group&gt;</fixtext><fix id="F-76741r1_fix" /><check system="C-70903r1_chk"><check-content-ref name="M" href="DPMS_XCCDF_Benchmark_HPE_3PAR_StoreServ_3.2.x_STIG.xml" /><check-content>Determine if the system is configured for LDAP.

Enter the following command:

cli% showauthparam

If the output indicates an error, this is a finding.

If the resulting output does not include group parameters "groups-dn", "group-obj", or "group-name-attr" then the host is configured to use Active Directory and this requirement is not applicable. 

If the host is using LDAP and the following fields of the output are not configured, this is a finding.

ldap-server &lt;ip address of LDAP server&gt; 
ldap-server-hn &lt;host name of LDAP server&gt;

Next, verify that the LDAP authentication is operational by entering the following command:

cli% checkpassword &lt;username&gt;
password: &lt;Enter the password for username&gt;

If the username and password used in "checkpassword" are known to be valid LDAP credentials, and the following text is NOT displayed at the end of the resulting output, this is a finding.

user &lt;username&gt; is authenticated and authorized

Note: The "checkpassword" command will not display authenticated information even if LDAP is properly configured, if the username and password are not entered correctly.</check-content></check></Rule></Group><Group id="V-70505"><title>SRG-OS-000125-GPOS-00065</title><description>&lt;GroupDescription&gt;&lt;/GroupDescription&gt;</description><Rule id="SV-85127r2_rule" severity="high" weight="10.0"><version>HP3P-32-001504</version><title>User credentials which would allow remote access to the system by the Service Processor must be removed from the storage system.</title><description>&lt;VulnDiscussion&gt;Failure to remove the default user accounts associated with remote access from the Service Processor increases the risk of unauthorized access to the 3PAR OS via the product's remote support interface.

The Service Processor's authentication methods have not been evaluated and using such mechanisms to permit remote, full control of the system by organizational or non-organizational users represents an increased risk to unauthorized access.

The Service Processor can also send system data offsite providing access to system information to non-DoD organizations. 
&lt;/VulnDiscussion&gt;&lt;FalsePositives&gt;&lt;/FalsePositives&gt;&lt;FalseNegatives&gt;&lt;/FalseNegatives&gt;&lt;Documentable&gt;false&lt;/Documentable&gt;&lt;Mitigations&gt;&lt;/Mitigations&gt;&lt;SeverityOverrideGuidance&gt;&lt;/SeverityOverrideGuidance&gt;&lt;PotentialImpacts&gt;&lt;/PotentialImpacts&gt;&lt;ThirdPartyTools&gt;&lt;/ThirdPartyTools&gt;&lt;MitigationControl&gt;&lt;/MitigationControl&gt;&lt;Responsibility&gt;&lt;/Responsibility&gt;&lt;IAControls&gt;&lt;/IAControls&gt;</description><reference><dc:title>DPMS Target HPE 3PAR OS 3.2.2</dc:title><dc:publisher>DISA</dc:publisher><dc:type>DPMS Target</dc:type><dc:subject>HPE 3PAR OS 3.2.2</dc:subject><dc:identifier>3013</dc:identifier></reference><ident system="http://iase.disa.mil/cci">CCI-000877</ident><fixtext fixref="F-76743r1_fix">Remove the Service Processor credentials from the storage system. Enter the following command:

cli% removespcredential

Note: This removes the "3paredit", "3parbrowse", and "3parservice" users, and sets the "3parsvc" password to a new random value.</fixtext><fix id="F-76743r1_fix" /><check system="C-70905r1_chk"><check-content-ref name="M" href="DPMS_XCCDF_Benchmark_HPE_3PAR_StoreServ_3.2.x_STIG.xml" /><check-content>Verify Service Processor credentials are not present.

cli% showuser

If any of the users, "3parbrowse", "3paredit", or "3parservice" exist, this is a finding</check-content></check></Rule></Group><Group id="V-70507"><title>SRG-OS-000001-GPOS-00001</title><description>&lt;GroupDescription&gt;&lt;/GroupDescription&gt;</description><Rule id="SV-85129r1_rule" severity="high" weight="10.0"><version>HP3P-32-001507</version><title>The storage system must only be operated in conjunction with an Active Directory server in a trusted environment if an LDAP server is not available.</title><description>&lt;VulnDiscussion&gt;Where strong account and password management capabilities are required, the 3PAR system is heavily dependent on its ability to use an AD server.

Satisfies: SRG-OS-000001-GPOS-00001, SRG-OS-000104-GPOS-00051, SRG-OS-000480-GPOS-00227&lt;/VulnDiscussion&gt;&lt;FalsePositives&gt;&lt;/FalsePositives&gt;&lt;FalseNegatives&gt;&lt;/FalseNegatives&gt;&lt;Documentable&gt;false&lt;/Documentable&gt;&lt;Mitigations&gt;&lt;/Mitigations&gt;&lt;SeverityOverrideGuidance&gt;&lt;/SeverityOverrideGuidance&gt;&lt;PotentialImpacts&gt;&lt;/PotentialImpacts&gt;&lt;ThirdPartyTools&gt;&lt;/ThirdPartyTools&gt;&lt;MitigationControl&gt;&lt;/MitigationControl&gt;&lt;Responsibility&gt;&lt;/Responsibility&gt;&lt;IAControls&gt;&lt;/IAControls&gt;</description><reference><dc:title>DPMS Target HPE 3PAR OS 3.2.2</dc:title><dc:publisher>DISA</dc:publisher><dc:type>DPMS Target</dc:type><dc:subject>HPE 3PAR OS 3.2.2</dc:subject><dc:identifier>3013</dc:identifier></reference><ident system="http://iase.disa.mil/cci">CCI-000015</ident><ident system="http://iase.disa.mil/cci">CCI-000366</ident><ident system="http://iase.disa.mil/cci">CCI-000764</ident><fixtext fixref="F-76745r1_fix">Use this series of commands to configure the host to use Active Directory:

cli% setauthparam -f ldap-server        &lt;AD server IP address&gt;
cli% setauthparam -f binding            simple
cli% setauthparam -f ldap-StartTLS      require
cli% setauthparam -f Kerberos-realm     &lt;Kerberos realm, such as WIN2K12FOREST.THISDOMAIN.COM&gt;
cli% setauthparam -f ldap-server-hn     &lt;fully qualified domain name of AD server, such as adserver.thisdomain.com&gt;
cli% setauthparam -f accounts-dn        CN=Users,DC=win2k12forest,DC=thisdomain,DC=com
cli% setauthparam -f user-dn-base       CN=Users,DC=win2k12forest,DC=thisdomain,DC=com
cli% setauthparam -f user-attr          WIN2K12FOREST\\
cli% setauthparam -f account-obj        user
cli% setauthparam -f account-name-attr  sAMAccountName
cli% setauthparam -f memberof-attr      memberOf
cli% setauthparam -f browse-map         "CN=&lt;customer-assigned name of browse role&gt;,CN=Users,DC=win2k12forest,DC=thisdomain,DC=com"
cli% setauthparam -f edit-map           "CN=&lt;customer-assigned name of edit role&gt;,CN=Users,DC=win2k12forest,DC=thisdomain,DC=com"
cli% setauthparam -f service-map        "CN=&lt;customer-assigned name of service role&gt;,CN=Users,DC=win2k12forest,DC=thisdomain,DC=com"
cli% setauthparam -f super-map          "CN=&lt;customer-assigned name of super role&gt;,CN=Users,DC=win2k12forest,DC=thisdomain,DC=com"</fixtext><fix id="F-76745r1_fix" /><check system="C-70907r1_chk"><check-content-ref name="M" href="DPMS_XCCDF_Benchmark_HPE_3PAR_StoreServ_3.2.x_STIG.xml" /><check-content>Determine if the system is configured for Active Directory (AD). 

Enter the following command:

cli% showauthparam

If the result returns an error, this is a finding.

If the resulting output does include the parameters "groups-dn", "group-obj", or "group-name-attr" then the host is setup for LDAP, this requirement is not applicable.

If the host is setup for Active Directory and these fields in the output are not configured, this is a finding.

ldap-server &lt;ip address of AD server&gt; 
ldap-server-hn &lt;host name of AD server&gt;

Next, verify that the AD authentication is operational by entering the following command:

cli% checkpassword &lt;username&gt;:
password: &lt;Enter the password for username&gt;

If the username and password used in checkpassword are known to be valid AD credentials, and the following text is NOT displayed at the end of the resulting output, this is a finding.

user &lt;username&gt; is authenticated and authorized

Note: The "checkpassword" command will not display authenticated information even if AD is properly configured, if the username and password are not entered correctly.</check-content></check></Rule></Group><Group id="V-70509"><title>SRG-OS-000078-GPOS-00046</title><description>&lt;GroupDescription&gt;&lt;/GroupDescription&gt;</description><Rule id="SV-85131r1_rule" severity="medium" weight="10.0"><version>HP3P-32-001525</version><title>The storage system must require passwords contain a minimum of 15 characters, after an administrator has set the minimum password length to that value.</title><description>&lt;VulnDiscussion&gt;The shorter the password, the lower the number of possible combinations that need to be tested before the password is compromised.

Password complexity, or strength, is a measure of the effectiveness of a password in resisting attempts at guessing and brute-force attacks. Password length is one factor of several that helps to determine strength and how long it takes to crack a password. Use of more characters in a password helps to exponentially increase the time and/or resources required to compromise the password.&lt;/VulnDiscussion&gt;&lt;FalsePositives&gt;&lt;/FalsePositives&gt;&lt;FalseNegatives&gt;&lt;/FalseNegatives&gt;&lt;Documentable&gt;false&lt;/Documentable&gt;&lt;Mitigations&gt;&lt;/Mitigations&gt;&lt;SeverityOverrideGuidance&gt;&lt;/SeverityOverrideGuidance&gt;&lt;PotentialImpacts&gt;&lt;/PotentialImpacts&gt;&lt;ThirdPartyTools&gt;&lt;/ThirdPartyTools&gt;&lt;MitigationControl&gt;&lt;/MitigationControl&gt;&lt;Responsibility&gt;&lt;/Responsibility&gt;&lt;IAControls&gt;&lt;/IAControls&gt;</description><reference><dc:title>DPMS Target HPE 3PAR OS 3.2.2</dc:title><dc:publisher>DISA</dc:publisher><dc:type>DPMS Target</dc:type><dc:subject>HPE 3PAR OS 3.2.2</dc:subject><dc:identifier>3013</dc:identifier></reference><ident system="http://iase.disa.mil/cci">CCI-000205</ident><fixtext fixref="F-76747r1_fix">Configure the minimum password length for a value of "15" using the following command:

cli% setpassword -minlen 15

Note: You must have super-admin privileges to perform this action.</fixtext><fix id="F-76747r1_fix" /><check system="C-70909r1_chk"><check-content-ref name="M" href="DPMS_XCCDF_Benchmark_HPE_3PAR_StoreServ_3.2.x_STIG.xml" /><check-content>Verify that the minimum password length is set to a value of "15". Check the current password configuration:

cli% setpassword -minlen 15

If an error is reported, this is a finding.

Note: You must have super-admin privileges to perform this action.</check-content></check></Rule></Group><Group id="V-70511"><title>SRG-OS-000023-GPOS-00006</title><description>&lt;GroupDescription&gt;&lt;/GroupDescription&gt;</description><Rule id="SV-85133r1_rule" severity="low" weight="10.0"><version>HP3P-32-001600</version><title>The Standard Mandatory DoD Notice and Consent Banner must be displayed until users acknowledge the usage conditions and take explicit actions to log on for further access.</title><description>&lt;VulnDiscussion&gt;Display of a standardized and approved use notification before granting access to the operating system ensures privacy and security notification verbiage used is consistent with applicable federal laws, Executive Orders, directives, policies, regulations, standards, and guidance.

The banner must be acknowledged by the user prior to allowing the user access to the operating system. This provides assurance that the user has seen the message and accepted the conditions for access. If the consent banner is not acknowledged by the user, DoD will not be in compliance with system use notifications required by law.

To establish acceptance of the application usage policy, a click-through banner at system logon is required. The system must prevent further activity until the user executes a positive action to manifest agreement by clicking on a box indicating "OK".

The banner must be formatted in accordance with applicable DoD policy. Use the following verbiage for operating systems that can accommodate banners of 1300 characters:

"You are accessing a U.S. Government (USG) Information System (IS) that is provided for USG-authorized use only.

By using this IS (which includes any device attached to this IS), you consent to the following conditions:

-The USG routinely intercepts and monitors communications on this IS for purposes including, but not limited to, penetration testing, COMSEC monitoring, network operations and defense, personnel misconduct (PM), law enforcement (LE), and counterintelligence (CI) investigations.

-At any time, the USG may inspect and seize data stored on this IS.

-Communications using, or data stored on, this IS are not private, are subject to routine monitoring, interception, and search, and may be disclosed or used for any USG-authorized purpose.

-This IS includes security measures (e.g., authentication and access controls) to protect USG interests--not for your personal benefit or privacy.

-Notwithstanding the above, using this IS does not constitute consent to PM, LE or CI investigative searching or monitoring of the content of privileged communications, or work product, related to personal representation or services by attorneys, psychotherapists, or clergy, and their assistants. Such communications and work product are private and confidential. See User Agreement for details."

Use the following verbiage for operating systems that have severe limitations on the number of characters that can be displayed in the banner:

"I've read &amp; consent to terms in IS user agreem't."

Satisfies: SRG-OS-000023-GPOS-00006, SRG-OS-000024-GPOS-00007, SRG-OS-000228-GPOS-00088&lt;/VulnDiscussion&gt;&lt;FalsePositives&gt;&lt;/FalsePositives&gt;&lt;FalseNegatives&gt;&lt;/FalseNegatives&gt;&lt;Documentable&gt;false&lt;/Documentable&gt;&lt;Mitigations&gt;&lt;/Mitigations&gt;&lt;SeverityOverrideGuidance&gt;&lt;/SeverityOverrideGuidance&gt;&lt;PotentialImpacts&gt;&lt;/PotentialImpacts&gt;&lt;ThirdPartyTools&gt;&lt;/ThirdPartyTools&gt;&lt;MitigationControl&gt;&lt;/MitigationControl&gt;&lt;Responsibility&gt;&lt;/Responsibility&gt;&lt;IAControls&gt;&lt;/IAControls&gt;</description><reference><dc:title>DPMS Target HPE 3PAR OS 3.2.2</dc:title><dc:publisher>DISA</dc:publisher><dc:type>DPMS Target</dc:type><dc:subject>HPE 3PAR OS 3.2.2</dc:subject><dc:identifier>3013</dc:identifier></reference><ident system="http://iase.disa.mil/cci">CCI-000048</ident><ident system="http://iase.disa.mil/cci">CCI-000050</ident><ident system="http://iase.disa.mil/cci">CCI-001384</ident><ident system="http://iase.disa.mil/cci">CCI-001385</ident><ident system="http://iase.disa.mil/cci">CCI-001386</ident><ident system="http://iase.disa.mil/cci">CCI-001387</ident><ident system="http://iase.disa.mil/cci">CCI-001388</ident><fixtext fixref="F-76749r1_fix">To configure the SSH login banner, enter the command:

cli% setsshbanner

Enter the following text:

I've read &amp; consent to terms in IS user agreem't

Then press enter twice to conclude setting the SSH banner text.</fixtext><fix id="F-76749r1_fix" /><check system="C-70911r1_chk"><check-content-ref name="M" href="DPMS_XCCDF_Benchmark_HPE_3PAR_StoreServ_3.2.x_STIG.xml" /><check-content>Verify that the SSH login banner is properly configured.

Enter the following command:

cli% showsshbanner
I've read &amp; consent to terms in IS user agreem't

If the output is not: 

"I've read &amp; consent to terms in IS user agreem't" 

this is a finding.

Alternatively:

To inspect the banner, login via SSH from a remote host. 

If the output shown above is not displayed during SSH authentication, this is a finding.</check-content></check></Rule></Group><Group id="V-70513"><title>SRG-OS-000341-GPOS-00132</title><description>&lt;GroupDescription&gt;&lt;/GroupDescription&gt;</description><Rule id="SV-85135r1_rule" severity="medium" weight="10.0"><version>HP3P-32-001700</version><title>The storage system must allocate audit record storage capacity to store at least one weeks worth of audit records, when audit records are not immediately sent to a central audit record storage facility.</title><description>&lt;VulnDiscussion&gt;To verify operating systems have a sufficient storage capacity in which to write the audit logs, operating systems need to be able to allocate audit record storage capacity.

The task of allocating audit record storage capacity is usually performed during initial installation of the operating system.&lt;/VulnDiscussion&gt;&lt;FalsePositives&gt;&lt;/FalsePositives&gt;&lt;FalseNegatives&gt;&lt;/FalseNegatives&gt;&lt;Documentable&gt;false&lt;/Documentable&gt;&lt;Mitigations&gt;&lt;/Mitigations&gt;&lt;SeverityOverrideGuidance&gt;&lt;/SeverityOverrideGuidance&gt;&lt;PotentialImpacts&gt;&lt;/PotentialImpacts&gt;&lt;ThirdPartyTools&gt;&lt;/ThirdPartyTools&gt;&lt;MitigationControl&gt;&lt;/MitigationControl&gt;&lt;Responsibility&gt;&lt;/Responsibility&gt;&lt;IAControls&gt;&lt;/IAControls&gt;</description><reference><dc:title>DPMS Target HPE 3PAR OS 3.2.2</dc:title><dc:publisher>DISA</dc:publisher><dc:type>DPMS Target</dc:type><dc:subject>HPE 3PAR OS 3.2.2</dc:subject><dc:identifier>3013</dc:identifier></reference><ident system="http://iase.disa.mil/cci">CCI-001849</ident><fixtext fixref="F-76751r1_fix">Configure the audit logging capacity for the maximum storage value by entering the command:

cli% setsys EventLogSize 4M</fixtext><fix id="F-76751r1_fix" /><check system="C-70913r1_chk"><check-content-ref name="M" href="DPMS_XCCDF_Benchmark_HPE_3PAR_StoreServ_3.2.x_STIG.xml" /><check-content>Verify the logging capacity is set to the maximum value of "4", with the following command:

cli% showsys -param

If the resulting list of configured parameters and values, does not contain "EventLogSize : 4M", this is a finding.</check-content></check></Rule></Group><Group id="V-70515"><title>SRG-OS-000359-GPOS-00146</title><description>&lt;GroupDescription&gt;&lt;/GroupDescription&gt;</description><Rule id="SV-85137r1_rule" severity="low" weight="10.0"><version>HP3P-32-001701</version><title>The storage system must record time stamps for audit records that can be mapped to Coordinated Universal Time (UTC) or Greenwich Mean Time (GMT).</title><description>&lt;VulnDiscussion&gt;If time stamps are not consistently applied and there is no common time reference, it is difficult to perform forensic analysis.

Time stamps generated by the operating system include date and time. Time is commonly expressed in UTC, a modern continuation of GMT, or local time with an offset from UTC.&lt;/VulnDiscussion&gt;&lt;FalsePositives&gt;&lt;/FalsePositives&gt;&lt;FalseNegatives&gt;&lt;/FalseNegatives&gt;&lt;Documentable&gt;false&lt;/Documentable&gt;&lt;Mitigations&gt;&lt;/Mitigations&gt;&lt;SeverityOverrideGuidance&gt;&lt;/SeverityOverrideGuidance&gt;&lt;PotentialImpacts&gt;&lt;/PotentialImpacts&gt;&lt;ThirdPartyTools&gt;&lt;/ThirdPartyTools&gt;&lt;MitigationControl&gt;&lt;/MitigationControl&gt;&lt;Responsibility&gt;&lt;/Responsibility&gt;&lt;IAControls&gt;&lt;/IAControls&gt;</description><reference><dc:title>DPMS Target HPE 3PAR OS 3.2.2</dc:title><dc:publisher>DISA</dc:publisher><dc:type>DPMS Target</dc:type><dc:subject>HPE 3PAR OS 3.2.2</dc:subject><dc:identifier>3013</dc:identifier></reference><ident system="http://iase.disa.mil/cci">CCI-001890</ident><fixtext fixref="F-76753r1_fix">Configure the "Timezone" field by first identifying the time zone identifier. 

Enter the command to list available time zone settings:

cli% setdate -tzlist

If UTC is to be set, then use the following command:

cli% setdate -tz Etc/UTC</fixtext><fix id="F-76753r1_fix" /><check system="C-70915r1_chk"><check-content-ref name="M" href="DPMS_XCCDF_Benchmark_HPE_3PAR_StoreServ_3.2.x_STIG.xml" /><check-content>Verify the "Timezone" field is configured by entering the following command:

cli% showdate
Node Date
0 2016-05-18 23:46:29 UTC (Etc/UTC)
1 2016-05-18 23:46:37 UTC (Etc/UTC)

If the output does not match the required time zone, this is a finding.</check-content></check></Rule></Group><Group id="V-74657"><title>SRG-OS-000423-GPOS-00187</title><description>&lt;GroupDescription&gt;&lt;/GroupDescription&gt;</description><Rule id="SV-89331r1_rule" severity="high" weight="10.0"><version>HP3P-32-001005</version><title>The storage system in a hardened configuration must be configured to encrypt data associated with the Remote Copy feature.</title><description>&lt;VulnDiscussion&gt;Without protection of the transmitted information, confidentiality and integrity may be compromised because unprotected communications can be intercepted and either read or altered.

Facilitating the confidentiality and integrity of transmitted information requires the operating system to take measures in preparing information for transmission. This can be accomplished via encryption.

This requirement applies to both internal and external networks and all types of information system components from which information can be transmitted (e.g., servers, mobile devices, notebook computers, printers, copiers, scanners, and facsimile machines). Communication paths outside the physical protection of a controlled boundary are exposed to the possibility of interception and modification.

Unapproved mechanisms that are used for authentication to the cryptographic module are not verified and therefore cannot be relied upon to provide confidentiality or integrity, and DoD data may be compromised.&lt;/VulnDiscussion&gt;&lt;FalsePositives&gt;&lt;/FalsePositives&gt;&lt;FalseNegatives&gt;&lt;/FalseNegatives&gt;&lt;Documentable&gt;false&lt;/Documentable&gt;&lt;Mitigations&gt;&lt;/Mitigations&gt;&lt;SeverityOverrideGuidance&gt;&lt;/SeverityOverrideGuidance&gt;&lt;PotentialImpacts&gt;&lt;/PotentialImpacts&gt;&lt;ThirdPartyTools&gt;&lt;/ThirdPartyTools&gt;&lt;MitigationControl&gt;&lt;/MitigationControl&gt;&lt;Responsibility&gt;&lt;/Responsibility&gt;&lt;IAControls&gt;&lt;/IAControls&gt;</description><reference><dc:title>DPMS Target HPE 3PAR OS 3.2.2</dc:title><dc:publisher>DISA</dc:publisher><dc:type>DPMS Target</dc:type><dc:subject>HPE 3PAR OS 3.2.2</dc:subject><dc:identifier>3013</dc:identifier></reference><ident system="http://iase.disa.mil/cci">CCI-002418</ident><fixtext fixref="F-81257r1_fix">Properly configure a Nokia 1830 encrypting switch to encrypt all data related to the Remote Copy feature or disable the Remote Copy feature with the following command:

cli% stoprcopy
</fixtext><fix id="F-81257r1_fix" /><check system="C-74543r1_chk"><check-content-ref name="M" href="DPMS_XCCDF_Benchmark_HPE_3PAR_StoreServ_3.2.x_STIG.xml" /><check-content>Determine if the Remote Copy feature is running via the following command:

cli% showrcopy
Remote Copy is not configured on this system.

If Remote Copy is not configured, this requirement is not applicable.

If the Status is "Started" inspect the data path to and from the host for the proper use of a Nokia 1830 encrypting switch.

If all data does not traverse this switch, this is a finding.
</check-content></check></Rule></Group><Group id="V-74659"><title>SRG-OS-000423-GPOS-00187</title><description>&lt;GroupDescription&gt;&lt;/GroupDescription&gt;</description><Rule id="SV-89333r1_rule" severity="high" weight="10.0"><version>HP3P-32-001006</version><title>The CIM service must use DoD-approved encryption.</title><description>&lt;VulnDiscussion&gt;Without protection of the transmitted information, confidentiality and integrity may be compromised because unprotected communications can be intercepted and either read or altered.

Facilitating the confidentiality and integrity of transmitted information requires the operating system to take measures in preparing information for transmission. This can be accomplished via encryption.

This requirement applies to both internal and external networks and all types of information system components from which information can be transmitted (e.g., servers, mobile devices, notebook computers, printers, copiers, scanners, and facsimile machines). Communication paths outside the physical protection of a controlled boundary are exposed to the possibility of interception and modification.

Unapproved mechanisms that are used for authentication to the cryptographic module are not verified and therefore cannot be relied upon to provide confidentiality or integrity, and DoD data may be compromised.
&lt;/VulnDiscussion&gt;&lt;FalsePositives&gt;&lt;/FalsePositives&gt;&lt;FalseNegatives&gt;&lt;/FalseNegatives&gt;&lt;Documentable&gt;false&lt;/Documentable&gt;&lt;Mitigations&gt;&lt;/Mitigations&gt;&lt;SeverityOverrideGuidance&gt;&lt;/SeverityOverrideGuidance&gt;&lt;PotentialImpacts&gt;&lt;/PotentialImpacts&gt;&lt;ThirdPartyTools&gt;&lt;/ThirdPartyTools&gt;&lt;MitigationControl&gt;&lt;/MitigationControl&gt;&lt;Responsibility&gt;&lt;/Responsibility&gt;&lt;IAControls&gt;&lt;/IAControls&gt;</description><reference><dc:title>DPMS Target HPE 3PAR OS 3.2.2</dc:title><dc:publisher>DISA</dc:publisher><dc:type>DPMS Target</dc:type><dc:subject>HPE 3PAR OS 3.2.2</dc:subject><dc:identifier>3013</dc:identifier></reference><ident system="http://iase.disa.mil/cci">CCI-002418</ident><fixtext fixref="F-81259r1_fix">Disable unsecured CIM ports and enable secured CIM ports with the following command:

cli% setcim -http disable -https enable

Confirm the operation with "y"
</fixtext><fix id="F-81259r1_fix" /><check system="C-74545r1_chk"><check-content-ref name="M" href="DPMS_XCCDF_Benchmark_HPE_3PAR_StoreServ_3.2.x_STIG.xml" /><check-content>Determine if the CIM service is running with proper encryption via the following command:

cli% showcim

If the CIM service is "Disabled" and the CIM service "State" is "Inactive", this requirement is not applicable.

If the output does not report the CIM HTTP value is "Disabled", this is a finding.

If the output does not report the CIM HPPTSPort value is "5989", this is a finding.
</check-content></check></Rule></Group></Benchmark>