<?xml version="1.0" encoding="utf-8"?><?xml-stylesheet type='text/xsl' href='STIG_unclass.xsl'?><Benchmark xmlns:dsig="http://www.w3.org/2000/09/xmldsig#" xmlns:xsi="http://www.w3.org/2001/XMLSchema-instance" xmlns:cpe="http://cpe.mitre.org/language/2.0" xmlns:xhtml="http://www.w3.org/1999/xhtml" xmlns:dc="http://purl.org/dc/elements/1.1/" id="Adobe_Acrobat_Pro_XI_STIG" xml:lang="en" xsi:schemaLocation="http://checklists.nist.gov/xccdf/1.1 http://nvd.nist.gov/schema/xccdf-1.1.4.xsd http://cpe.mitre.org/dictionary/2.0 http://cpe.mitre.org/files/cpe-dictionary_2.1.xsd" xmlns="http://checklists.nist.gov/xccdf/1.1"><status date="2017-07-24">accepted</status><title>Adobe Acrobat Pro XI Security Technical Implementation Guide</title><description>This Security Technical Implementation Guide is published as a tool to improve the security of Department of Defense (DoD) information systems. The requirements are derived from the National Institute of Standards and Technology (NIST) 800-53 and related documents. Comments or proposed revisions to this document should be sent via email to the following address: disa.stig_spt@mail.mil.</description><notice id="terms-of-use" xml:lang="en"></notice><reference href="http://iase.disa.mil"><dc:publisher>DISA</dc:publisher><dc:source>STIG.DOD.MIL</dc:source></reference><plain-text id="release-info">Release: 1 Benchmark Date: 26 Jul 2017</plain-text><version>1</version><Profile id="MAC-1_Classified"><title>I - Mission Critical Classified</title><description>&lt;ProfileDescription&gt;&lt;/ProfileDescription&gt;</description><select idref="V-75263" selected="true" /><select idref="V-75265" selected="true" /><select idref="V-75267" selected="true" /><select idref="V-75269" selected="true" /><select idref="V-75271" selected="true" /><select idref="V-75273" selected="true" /><select idref="V-75275" selected="true" /><select idref="V-75277" selected="true" /><select idref="V-75279" selected="true" /><select idref="V-75281" selected="true" /><select idref="V-75285" selected="true" /><select idref="V-75287" selected="true" /><select idref="V-75289" selected="true" /><select idref="V-75293" selected="true" /><select idref="V-75295" selected="true" /><select idref="V-75297" selected="true" /><select idref="V-75299" selected="true" /><select idref="V-75301" selected="true" /><select idref="V-75303" selected="true" /><select idref="V-75305" selected="true" /><select idref="V-75307" selected="true" /><select idref="V-75309" selected="true" /><select idref="V-75311" selected="true" /><select idref="V-75313" selected="true" /><select idref="V-75315" selected="true" /></Profile><Profile id="MAC-1_Public"><title>I - Mission Critical Public</title><description>&lt;ProfileDescription&gt;&lt;/ProfileDescription&gt;</description><select idref="V-75263" selected="true" /><select idref="V-75265" selected="true" /><select idref="V-75267" selected="true" /><select idref="V-75269" selected="true" /><select idref="V-75271" selected="true" /><select idref="V-75273" selected="true" /><select idref="V-75275" selected="true" /><select idref="V-75277" selected="true" /><select idref="V-75279" selected="true" /><select idref="V-75281" selected="true" /><select idref="V-75285" selected="true" /><select idref="V-75287" selected="true" /><select idref="V-75289" selected="true" /><select idref="V-75293" selected="true" /><select idref="V-75295" selected="true" /><select idref="V-75297" selected="true" /><select idref="V-75299" selected="true" /><select idref="V-75301" selected="true" /><select idref="V-75303" selected="true" /><select idref="V-75305" selected="true" /><select idref="V-75307" selected="true" /><select idref="V-75309" selected="true" /><select idref="V-75311" selected="true" /><select idref="V-75313" selected="true" /><select idref="V-75315" selected="true" /></Profile><Profile id="MAC-1_Sensitive"><title>I - Mission Critical Sensitive</title><description>&lt;ProfileDescription&gt;&lt;/ProfileDescription&gt;</description><select idref="V-75263" selected="true" /><select idref="V-75265" selected="true" /><select idref="V-75267" selected="true" /><select idref="V-75269" selected="true" /><select idref="V-75271" selected="true" /><select idref="V-75273" selected="true" /><select idref="V-75275" selected="true" /><select idref="V-75277" selected="true" /><select idref="V-75279" selected="true" /><select idref="V-75281" selected="true" /><select idref="V-75285" selected="true" /><select idref="V-75287" selected="true" /><select idref="V-75289" selected="true" /><select idref="V-75293" selected="true" /><select idref="V-75295" selected="true" /><select idref="V-75297" selected="true" /><select idref="V-75299" selected="true" /><select idref="V-75301" selected="true" /><select idref="V-75303" selected="true" /><select idref="V-75305" selected="true" /><select idref="V-75307" selected="true" /><select idref="V-75309" selected="true" /><select idref="V-75311" selected="true" /><select idref="V-75313" selected="true" /><select idref="V-75315" selected="true" /></Profile><Profile id="MAC-2_Classified"><title>II - Mission Support Classified</title><description>&lt;ProfileDescription&gt;&lt;/ProfileDescription&gt;</description><select idref="V-75263" selected="true" /><select idref="V-75265" selected="true" /><select idref="V-75267" selected="true" /><select idref="V-75269" selected="true" /><select idref="V-75271" selected="true" /><select idref="V-75273" selected="true" /><select idref="V-75275" selected="true" /><select idref="V-75277" selected="true" /><select idref="V-75279" selected="true" /><select idref="V-75281" selected="true" /><select idref="V-75285" selected="true" /><select idref="V-75287" selected="true" /><select idref="V-75289" selected="true" /><select idref="V-75293" selected="true" /><select idref="V-75295" selected="true" /><select idref="V-75297" selected="true" /><select idref="V-75299" selected="true" /><select idref="V-75301" selected="true" /><select idref="V-75303" selected="true" /><select idref="V-75305" selected="true" /><select idref="V-75307" selected="true" /><select idref="V-75309" selected="true" /><select idref="V-75311" selected="true" /><select idref="V-75313" selected="true" /><select idref="V-75315" selected="true" /></Profile><Profile id="MAC-2_Public"><title>II - Mission Support Public</title><description>&lt;ProfileDescription&gt;&lt;/ProfileDescription&gt;</description><select idref="V-75263" selected="true" /><select idref="V-75265" selected="true" /><select idref="V-75267" selected="true" /><select idref="V-75269" selected="true" /><select idref="V-75271" selected="true" /><select idref="V-75273" selected="true" /><select idref="V-75275" selected="true" /><select idref="V-75277" selected="true" /><select idref="V-75279" selected="true" /><select idref="V-75281" selected="true" /><select idref="V-75285" selected="true" /><select idref="V-75287" selected="true" /><select idref="V-75289" selected="true" /><select idref="V-75293" selected="true" /><select idref="V-75295" selected="true" /><select idref="V-75297" selected="true" /><select idref="V-75299" selected="true" /><select idref="V-75301" selected="true" /><select idref="V-75303" selected="true" /><select idref="V-75305" selected="true" /><select idref="V-75307" selected="true" /><select idref="V-75309" selected="true" /><select idref="V-75311" selected="true" /><select idref="V-75313" selected="true" /><select idref="V-75315" selected="true" /></Profile><Profile id="MAC-2_Sensitive"><title>II - Mission Support Sensitive</title><description>&lt;ProfileDescription&gt;&lt;/ProfileDescription&gt;</description><select idref="V-75263" selected="true" /><select idref="V-75265" selected="true" /><select idref="V-75267" selected="true" /><select idref="V-75269" selected="true" /><select idref="V-75271" selected="true" /><select idref="V-75273" selected="true" /><select idref="V-75275" selected="true" /><select idref="V-75277" selected="true" /><select idref="V-75279" selected="true" /><select idref="V-75281" selected="true" /><select idref="V-75285" selected="true" /><select idref="V-75287" selected="true" /><select idref="V-75289" selected="true" /><select idref="V-75293" selected="true" /><select idref="V-75295" selected="true" /><select idref="V-75297" selected="true" /><select idref="V-75299" selected="true" /><select idref="V-75301" selected="true" /><select idref="V-75303" selected="true" /><select idref="V-75305" selected="true" /><select idref="V-75307" selected="true" /><select idref="V-75309" selected="true" /><select idref="V-75311" selected="true" /><select idref="V-75313" selected="true" /><select idref="V-75315" selected="true" /></Profile><Profile id="MAC-3_Classified"><title>III - Administrative Classified</title><description>&lt;ProfileDescription&gt;&lt;/ProfileDescription&gt;</description><select idref="V-75263" selected="true" /><select idref="V-75265" selected="true" /><select idref="V-75267" selected="true" /><select idref="V-75269" selected="true" /><select idref="V-75271" selected="true" /><select idref="V-75273" selected="true" /><select idref="V-75275" selected="true" /><select idref="V-75277" selected="true" /><select idref="V-75279" selected="true" /><select idref="V-75281" selected="true" /><select idref="V-75285" selected="true" /><select idref="V-75287" selected="true" /><select idref="V-75289" selected="true" /><select idref="V-75293" selected="true" /><select idref="V-75295" selected="true" /><select idref="V-75297" selected="true" /><select idref="V-75299" selected="true" /><select idref="V-75301" selected="true" /><select idref="V-75303" selected="true" /><select idref="V-75305" selected="true" /><select idref="V-75307" selected="true" /><select idref="V-75309" selected="true" /><select idref="V-75311" selected="true" /><select idref="V-75313" selected="true" /><select idref="V-75315" selected="true" /></Profile><Profile id="MAC-3_Public"><title>III - Administrative Public</title><description>&lt;ProfileDescription&gt;&lt;/ProfileDescription&gt;</description><select idref="V-75263" selected="true" /><select idref="V-75265" selected="true" /><select idref="V-75267" selected="true" /><select idref="V-75269" selected="true" /><select idref="V-75271" selected="true" /><select idref="V-75273" selected="true" /><select idref="V-75275" selected="true" /><select idref="V-75277" selected="true" /><select idref="V-75279" selected="true" /><select idref="V-75281" selected="true" /><select idref="V-75285" selected="true" /><select idref="V-75287" selected="true" /><select idref="V-75289" selected="true" /><select idref="V-75293" selected="true" /><select idref="V-75295" selected="true" /><select idref="V-75297" selected="true" /><select idref="V-75299" selected="true" /><select idref="V-75301" selected="true" /><select idref="V-75303" selected="true" /><select idref="V-75305" selected="true" /><select idref="V-75307" selected="true" /><select idref="V-75309" selected="true" /><select idref="V-75311" selected="true" /><select idref="V-75313" selected="true" /><select idref="V-75315" selected="true" /></Profile><Profile id="MAC-3_Sensitive"><title>III - Administrative Sensitive</title><description>&lt;ProfileDescription&gt;&lt;/ProfileDescription&gt;</description><select idref="V-75263" selected="true" /><select idref="V-75265" selected="true" /><select idref="V-75267" selected="true" /><select idref="V-75269" selected="true" /><select idref="V-75271" selected="true" /><select idref="V-75273" selected="true" /><select idref="V-75275" selected="true" /><select idref="V-75277" selected="true" /><select idref="V-75279" selected="true" /><select idref="V-75281" selected="true" /><select idref="V-75285" selected="true" /><select idref="V-75287" selected="true" /><select idref="V-75289" selected="true" /><select idref="V-75293" selected="true" /><select idref="V-75295" selected="true" /><select idref="V-75297" selected="true" /><select idref="V-75299" selected="true" /><select idref="V-75301" selected="true" /><select idref="V-75303" selected="true" /><select idref="V-75305" selected="true" /><select idref="V-75307" selected="true" /><select idref="V-75309" selected="true" /><select idref="V-75311" selected="true" /><select idref="V-75313" selected="true" /><select idref="V-75315" selected="true" /></Profile><Group id="V-75263"><title>SRG-APP-000112</title><description>&lt;GroupDescription&gt;&lt;/GroupDescription&gt;</description><Rule id="SV-89943r1_rule" severity="medium" weight="10.0"><version>ADBP-XI-000205</version><title>Adobe Acrobat Pro XI Enhanced Security for standalone mode must be enabled.</title><description>&lt;VulnDiscussion&gt;Enhanced Security (ES) is a sandbox capability that restricts access to system resources. ES can be configured in two modes: Standalone mode is when Acrobat opens the desktop PDF client. ES Browser mode is when a PDF is opened via the browser plugin. When Enhanced Security is enabled and a PDF file tries to complete a restricted action from an untrusted location, a security warning must appear.

Enhanced Security “hardens” the application against risky actions. It prevents cross domain access, prohibits script and data injection, blocks stream access to XObjects, silent printing, and execution of high privilege JavaScript.

Satisfies: SRG-APP-000112, SRG-APP-000431&lt;/VulnDiscussion&gt;&lt;FalsePositives&gt;&lt;/FalsePositives&gt;&lt;FalseNegatives&gt;&lt;/FalseNegatives&gt;&lt;Documentable&gt;false&lt;/Documentable&gt;&lt;Mitigations&gt;&lt;/Mitigations&gt;&lt;SeverityOverrideGuidance&gt;&lt;/SeverityOverrideGuidance&gt;&lt;PotentialImpacts&gt;&lt;/PotentialImpacts&gt;&lt;ThirdPartyTools&gt;&lt;/ThirdPartyTools&gt;&lt;MitigationControl&gt;&lt;/MitigationControl&gt;&lt;Responsibility&gt;&lt;/Responsibility&gt;&lt;IAControls&gt;&lt;/IAControls&gt;</description><reference><dc:title>DPMS Target Adobe Acrobat Pro XI</dc:title><dc:publisher>DISA</dc:publisher><dc:type>DPMS Target</dc:type><dc:subject>Adobe Acrobat Pro XI</dc:subject><dc:identifier>3195</dc:identifier></reference><ident system="http://iase.disa.mil/cci">CCI-001695</ident><ident system="http://iase.disa.mil/cci">CCI-002530</ident><fixtext fixref="F-81879r2_fix">Configure the following registry value:

Registry Hive:
HKEY_LOCAL_MACHINE
Registry Path:
\Software\Policies\Adobe\Adobe Acrobat\11.0\FeatureLockDown

Value Name: bEnhancedSecurityStandalone
Type: REG_DWORD
Value: 1</fixtext><fix id="F-81879r2_fix" /><check system="C-75047r3_chk"><check-content-ref name="M" href="DPMS_XCCDF_Benchmark_Adobe_Acrobat_Pro_XI_STIG.xml" /><check-content>Verify the following registry configuration:

Utilizing the Registry Editor, navigate to the following: HKEY_LOCAL_MACHINE\Software\Policies\Adobe\Adobe Acrobat\11.0\FeatureLockDown

Value Name: bEnhancedSecurityStandalone
Type: REG_DWORD
Value: 1

If the value for bEnhancedSecurityStandalone is not set to “1” and Type is not configured to REG_DWORD or does not exist, this is a finding.</check-content></check></Rule></Group><Group id="V-75265"><title>SRG-APP-000112</title><description>&lt;GroupDescription&gt;&lt;/GroupDescription&gt;</description><Rule id="SV-89945r1_rule" severity="medium" weight="10.0"><version>ADBP-XI-000210</version><title>Adobe Acrobat Pro XI Enhanced Security for browser mode must be enabled.</title><description>&lt;VulnDiscussion&gt;Enhanced Security (ES) is a sandbox capability that restricts access to system resources and prevents PDF cross domain access. ES can be configured in two modes: Standalone mode is when Acrobat opens the desktop PDF client. ES Browser mode is when a PDF is opened via the browser plugin. When Enhanced Security is enabled and a PDF file tries to complete a restricted action from an untrusted location, a security warning must appear.

Enhanced Security “hardens” the application against risky actions. It prevents cross domain access, prohibits script and data injection, blocks stream access to XObjects, silent printing, and execution of high privilege JavaScript.

Satisfies: SRG-APP-000112, SRG-APP-000431&lt;/VulnDiscussion&gt;&lt;FalsePositives&gt;&lt;/FalsePositives&gt;&lt;FalseNegatives&gt;&lt;/FalseNegatives&gt;&lt;Documentable&gt;false&lt;/Documentable&gt;&lt;Mitigations&gt;&lt;/Mitigations&gt;&lt;SeverityOverrideGuidance&gt;&lt;/SeverityOverrideGuidance&gt;&lt;PotentialImpacts&gt;&lt;/PotentialImpacts&gt;&lt;ThirdPartyTools&gt;&lt;/ThirdPartyTools&gt;&lt;MitigationControl&gt;&lt;/MitigationControl&gt;&lt;Responsibility&gt;&lt;/Responsibility&gt;&lt;IAControls&gt;&lt;/IAControls&gt;</description><reference><dc:title>DPMS Target Adobe Acrobat Pro XI</dc:title><dc:publisher>DISA</dc:publisher><dc:type>DPMS Target</dc:type><dc:subject>Adobe Acrobat Pro XI</dc:subject><dc:identifier>3195</dc:identifier></reference><ident system="http://iase.disa.mil/cci">CCI-001695</ident><ident system="http://iase.disa.mil/cci">CCI-002530</ident><fixtext fixref="F-81881r2_fix">Configure the following registry value:

Registry Hive:
HKEY_LOCAL_MACHINE
Registry Path:
\Software\Policies\Adobe\Adobe Acrobat\11.0\FeatureLockDown

Value Name: bEnhancedSecurityInBrowser
Type: REG_DWORD
Value: 1</fixtext><fix id="F-81881r2_fix" /><check system="C-75049r3_chk"><check-content-ref name="M" href="DPMS_XCCDF_Benchmark_Adobe_Acrobat_Pro_XI_STIG.xml" /><check-content>Verify the following registry configuration:

Utilizing the Registry Editor, navigate to the following: HKEY_LOCAL_MACHINE\Software\Policies\Adobe\Adobe Acrobat\11.0\FeatureLockDown

Value Name: bEnhancedSecurityInBrowser
Type: REG_DWORD
Value: 1

If the value for bEnhancedSecurityInBrowser is not set to “1” and Type is not configured to REG_DWORD or does not exist, this is a finding.</check-content></check></Rule></Group><Group id="V-75267"><title>SRG-APP-000141</title><description>&lt;GroupDescription&gt;&lt;/GroupDescription&gt;</description><Rule id="SV-89947r1_rule" severity="medium" weight="10.0"><version>ADBP-XI-000275</version><title>Adobe Acrobat Pro XI PDF file attachments must be blocked.</title><description>&lt;VulnDiscussion&gt;Acrobat Pro allows for files to be attached to PDF documents. Attachments represent a potential security risk because they can contain malicious content, open other dangerous files, or launch applications.

This feature prevents users from opening or launching file types other than PDF or FDF and disables the menu option to re-enable.&lt;/VulnDiscussion&gt;&lt;FalsePositives&gt;&lt;/FalsePositives&gt;&lt;FalseNegatives&gt;&lt;/FalseNegatives&gt;&lt;Documentable&gt;false&lt;/Documentable&gt;&lt;Mitigations&gt;&lt;/Mitigations&gt;&lt;SeverityOverrideGuidance&gt;&lt;/SeverityOverrideGuidance&gt;&lt;PotentialImpacts&gt;&lt;/PotentialImpacts&gt;&lt;ThirdPartyTools&gt;&lt;/ThirdPartyTools&gt;&lt;MitigationControl&gt;&lt;/MitigationControl&gt;&lt;Responsibility&gt;&lt;/Responsibility&gt;&lt;IAControls&gt;&lt;/IAControls&gt;</description><reference><dc:title>DPMS Target Adobe Acrobat Pro XI</dc:title><dc:publisher>DISA</dc:publisher><dc:type>DPMS Target</dc:type><dc:subject>Adobe Acrobat Pro XI</dc:subject><dc:identifier>3195</dc:identifier></reference><ident system="http://iase.disa.mil/cci">CCI-000381</ident><fixtext fixref="F-81883r2_fix">Configure the following registry value:

Registry Hive:
HKEY_LOCAL_MACHINE
Registry Path:
\Software\Policies\Adobe\Adobe Acrobat\11.0\FeatureLockDown

Value Name: iFileAttachmentPerms
Type: REG_DWORD
Value: 1</fixtext><fix id="F-81883r2_fix" /><check system="C-75051r3_chk"><check-content-ref name="M" href="DPMS_XCCDF_Benchmark_Adobe_Acrobat_Pro_XI_STIG.xml" /><check-content>Verify the following registry configuration:

Utilizing the Registry Editor, navigate to the following: HKEY_LOCAL_MACHINE\Software\Policies\Adobe\Adobe Acrobat\11.0\FeatureLockDown

Value Name: iFileAttachmentPerms
Type: REG_DWORD
Value: 1

If the value for iFileAttachmentPerms is not set to “1” and Type is not configured to REG_DWORD or does not exist, this is a finding.</check-content></check></Rule></Group><Group id="V-75269"><title>SRG-APP-000141</title><description>&lt;GroupDescription&gt;&lt;/GroupDescription&gt;</description><Rule id="SV-89949r1_rule" severity="low" weight="10.0"><version>ADBP-XI-000280</version><title>Adobe Acrobat Pro XI access to unknown websites must be restricted.</title><description>&lt;VulnDiscussion&gt;Acrobat provides the ability for the user to store a list of websites with an associated behavior of allow, ask, or block. Websites that are not in this list are unknown. PDF files can contain URLs that will initiate connections to unknown websites in order to share or get information. That access must be restricted.&lt;/VulnDiscussion&gt;&lt;FalsePositives&gt;&lt;/FalsePositives&gt;&lt;FalseNegatives&gt;&lt;/FalseNegatives&gt;&lt;Documentable&gt;false&lt;/Documentable&gt;&lt;Mitigations&gt;&lt;/Mitigations&gt;&lt;SeverityOverrideGuidance&gt;&lt;/SeverityOverrideGuidance&gt;&lt;PotentialImpacts&gt;&lt;/PotentialImpacts&gt;&lt;ThirdPartyTools&gt;&lt;/ThirdPartyTools&gt;&lt;MitigationControl&gt;&lt;/MitigationControl&gt;&lt;Responsibility&gt;&lt;/Responsibility&gt;&lt;IAControls&gt;&lt;/IAControls&gt;</description><reference><dc:title>DPMS Target Adobe Acrobat Pro XI</dc:title><dc:publisher>DISA</dc:publisher><dc:type>DPMS Target</dc:type><dc:subject>Adobe Acrobat Pro XI</dc:subject><dc:identifier>3195</dc:identifier></reference><ident system="http://iase.disa.mil/cci">CCI-000381</ident><fixtext fixref="F-81885r2_fix">Configure the following registry value:

Registry Hive:
HKEY_LOCAL_MACHINE
Registry Path:
\Software\Policies\Adobe\Adobe Acrobat\11.0\FeatureLockDown\cDefaultLaunchURLPerms\

Value Name: iUnknownURLPerms
Type: REG_DWORD
Value: 3</fixtext><fix id="F-81885r2_fix" /><check system="C-75053r3_chk"><check-content-ref name="M" href="DPMS_XCCDF_Benchmark_Adobe_Acrobat_Pro_XI_STIG.xml" /><check-content>Verify the following registry configuration:

Utilizing the Registry Editor, navigate to the following:
HKEY_LOCAL_MACHINE\Software\Policies\Adobe\Adobe Acrobat\11.0\FeatureLockDown\cDefaultLaunchURLPerms\

Value Name: iUnknownURLPerms
Type: REG_DWORD
Value: 3

If the value for iUnknownURLPerms is not set to “3” and Type is not configured to REG_DWORD or does not exist, this is a finding.</check-content></check></Rule></Group><Group id="V-75271"><title>SRG-APP-000141</title><description>&lt;GroupDescription&gt;&lt;/GroupDescription&gt;</description><Rule id="SV-89951r1_rule" severity="low" weight="10.0"><version>ADBP-XI-000285</version><title>Adobe Acrobat Pro XI access to websites must be blocked.</title><description>&lt;VulnDiscussion&gt;PDF files can contain URLs that initiate connections to websites in order to share or get information. Any Internet access introduces a security risk as malicious websites can transfer harmful content or silently gather data.&lt;/VulnDiscussion&gt;&lt;FalsePositives&gt;&lt;/FalsePositives&gt;&lt;FalseNegatives&gt;&lt;/FalseNegatives&gt;&lt;Documentable&gt;false&lt;/Documentable&gt;&lt;Mitigations&gt;&lt;/Mitigations&gt;&lt;SeverityOverrideGuidance&gt;&lt;/SeverityOverrideGuidance&gt;&lt;PotentialImpacts&gt;&lt;/PotentialImpacts&gt;&lt;ThirdPartyTools&gt;&lt;/ThirdPartyTools&gt;&lt;MitigationControl&gt;&lt;/MitigationControl&gt;&lt;Responsibility&gt;&lt;/Responsibility&gt;&lt;IAControls&gt;&lt;/IAControls&gt;</description><reference><dc:title>DPMS Target Adobe Acrobat Pro XI</dc:title><dc:publisher>DISA</dc:publisher><dc:type>DPMS Target</dc:type><dc:subject>Adobe Acrobat Pro XI</dc:subject><dc:identifier>3195</dc:identifier></reference><ident system="http://iase.disa.mil/cci">CCI-000381</ident><fixtext fixref="F-81887r2_fix">Configure the following registry value:

Registry Hive:
HKEY_LOCAL_MACHINE
Registry Path:
\Software\Policies\Adobe\Adobe Acrobat\11.0\FeatureLockDown\cDefaultLaunchURLPerms\

Value Name: iURLPerms
Type: REG_DWORD
Value: 1</fixtext><fix id="F-81887r2_fix" /><check system="C-75055r2_chk"><check-content-ref name="M" href="DPMS_XCCDF_Benchmark_Adobe_Acrobat_Pro_XI_STIG.xml" /><check-content>Verify the following registry configuration:

Utilizing the Registry Editor, navigate to the following:
HKEY_LOCAL_MACHINE\Software\Policies\Adobe\Adobe Acrobat\11.0\FeatureLockDown\cDefaultLaunchURLPerms\

Value Name: iURLPerms
Type: REG_DWORD
Value: 1

If the value for iURLPerms is not set to “1” and Type is not configured to REG_DWORD or does not exist, this is a finding.</check-content></check></Rule></Group><Group id="V-75273"><title>SRG-APP-000141</title><description>&lt;GroupDescription&gt;&lt;/GroupDescription&gt;</description><Rule id="SV-89953r1_rule" severity="medium" weight="10.0"><version>ADBP-XI-000290</version><title>Adobe Acrobat Pro XI must be configured to block Flash Content.</title><description>&lt;VulnDiscussion&gt;Flash has a long history of vulnerabilities.  Although Flash is no longer provided with Acrobat, if the system has Flash installed, a malicious PDF could execute code on the system.  Configuring Flash to run from a privileged location limits the execution capability of untrusted Flash content that may be embedded in the PDF.&lt;/VulnDiscussion&gt;&lt;FalsePositives&gt;&lt;/FalsePositives&gt;&lt;FalseNegatives&gt;&lt;/FalseNegatives&gt;&lt;Documentable&gt;false&lt;/Documentable&gt;&lt;Mitigations&gt;&lt;/Mitigations&gt;&lt;SeverityOverrideGuidance&gt;&lt;/SeverityOverrideGuidance&gt;&lt;PotentialImpacts&gt;&lt;/PotentialImpacts&gt;&lt;ThirdPartyTools&gt;&lt;/ThirdPartyTools&gt;&lt;MitigationControl&gt;&lt;/MitigationControl&gt;&lt;Responsibility&gt;&lt;/Responsibility&gt;&lt;IAControls&gt;&lt;/IAControls&gt;</description><reference><dc:title>DPMS Target Adobe Acrobat Pro XI</dc:title><dc:publisher>DISA</dc:publisher><dc:type>DPMS Target</dc:type><dc:subject>Adobe Acrobat Pro XI</dc:subject><dc:identifier>3195</dc:identifier></reference><ident system="http://iase.disa.mil/cci">CCI-000381</ident><fixtext fixref="F-81889r2_fix">Configure the following registry value:

Registry Hive:
HKEY_LOCAL_MACHINE
Registry Path:
\Software\Policies\Adobe\Adobe Acrobat\11.0\FeatureLockDown

Value Name: bEnableFlash
Type: REG_DWORD
Value: 0</fixtext><fix id="F-81889r2_fix" /><check system="C-75057r1_chk"><check-content-ref name="M" href="DPMS_XCCDF_Benchmark_Adobe_Acrobat_Pro_XI_STIG.xml" /><check-content>Verify the following registry configuration:

Using the Registry Editor, navigate to the following: HKEY_LOCAL_MACHINE\Software\Policies\Adobe\Adobe Acrobat\11.0\FeatureLockDown

Value Name: bEnableFlash
Type: REG_DWORD
Value: 0

If the value for bEnableFlash is not set to “0” and Type is not configured to REG_DWORD or does not exist, this is a finding.</check-content></check></Rule></Group><Group id="V-75275"><title>SRG-APP-000141</title><description>&lt;GroupDescription&gt;&lt;/GroupDescription&gt;</description><Rule id="SV-89955r1_rule" severity="medium" weight="10.0"><version>ADBP-XI-000295</version><title>The Adobe Acrobat Pro XI send and Track plugin for Outlook must be disabled.</title><description>&lt;VulnDiscussion&gt;When enabled, the Adobe Send and Track button appears in Outlook. When an email is composed it enables the ability to send large files as public links through Outlook. The attached files can be uploaded to the Adobe Document Cloud and public links to the files are inserted in the email body.&lt;/VulnDiscussion&gt;&lt;FalsePositives&gt;&lt;/FalsePositives&gt;&lt;FalseNegatives&gt;&lt;/FalseNegatives&gt;&lt;Documentable&gt;false&lt;/Documentable&gt;&lt;Mitigations&gt;&lt;/Mitigations&gt;&lt;SeverityOverrideGuidance&gt;&lt;/SeverityOverrideGuidance&gt;&lt;PotentialImpacts&gt;&lt;/PotentialImpacts&gt;&lt;ThirdPartyTools&gt;&lt;/ThirdPartyTools&gt;&lt;MitigationControl&gt;&lt;/MitigationControl&gt;&lt;Responsibility&gt;&lt;/Responsibility&gt;&lt;IAControls&gt;&lt;/IAControls&gt;</description><reference><dc:title>DPMS Target Adobe Acrobat Pro XI</dc:title><dc:publisher>DISA</dc:publisher><dc:type>DPMS Target</dc:type><dc:subject>Adobe Acrobat Pro XI</dc:subject><dc:identifier>3195</dc:identifier></reference><ident system="http://iase.disa.mil/cci">CCI-000381</ident><fixtext fixref="F-81891r2_fix">Configure the following registry value:

Note: The Key Name "cCloud" is not created by default in the Acrobat Pro XI install and must be created.

Registry Hive:
HKEY_LOCAL_MACHINE
Registry Path:
\Software\Policies\Adobe\Adobe Acrobat\11.0\FeatureLockDown\cCloud

Value Name: bAdobeSendPluginToggle
Type: REG_DWORD
Value: 0</fixtext><fix id="F-81891r2_fix" /><check system="C-75059r1_chk"><check-content-ref name="M" href="DPMS_XCCDF_Benchmark_Adobe_Acrobat_Pro_XI_STIG.xml" /><check-content>Verify the following registry configuration:

Note: The Key Name "cCloud" is not created by default in the Acrobat Pro XI install and must be created.

Using the Registry Editor, navigate to the following: HKEY_LOCAL_MACHINE\Software\Policies\Adobe\Adobe Acrobat\11.0\FeatureLockDown\cCloud

Value Name: bAdobeSendPluginToggle
Type: REG_DWORD
Value: 0

If the value for bAdobeSendPluginToggle is not set to “0” and Type is not configured to REG_DWORD or does not exist, this is a finding.</check-content></check></Rule></Group><Group id="V-75277"><title>SRG-APP-000380</title><description>&lt;GroupDescription&gt;&lt;/GroupDescription&gt;</description><Rule id="SV-89957r1_rule" severity="medium" weight="10.0"><version>ADBP-XI-000840</version><title>Adobe Acrobat Pro XI privileged file and folder locations must be disabled.</title><description>&lt;VulnDiscussion&gt;Privileged Locations are the primary method Acrobat uses to allow users and admins to specify trusted content that should be exempt from security restrictions, such as when Enhanced Security is enabled.

A Privileged Location may be a file, folder, or a host. If the user is allowed to set a Privileged Location, they could bypass security protections.&lt;/VulnDiscussion&gt;&lt;FalsePositives&gt;&lt;/FalsePositives&gt;&lt;FalseNegatives&gt;&lt;/FalseNegatives&gt;&lt;Documentable&gt;false&lt;/Documentable&gt;&lt;Mitigations&gt;&lt;/Mitigations&gt;&lt;SeverityOverrideGuidance&gt;&lt;/SeverityOverrideGuidance&gt;&lt;PotentialImpacts&gt;&lt;/PotentialImpacts&gt;&lt;ThirdPartyTools&gt;&lt;/ThirdPartyTools&gt;&lt;MitigationControl&gt;&lt;/MitigationControl&gt;&lt;Responsibility&gt;&lt;/Responsibility&gt;&lt;IAControls&gt;&lt;/IAControls&gt;</description><reference><dc:title>DPMS Target Adobe Acrobat Pro XI</dc:title><dc:publisher>DISA</dc:publisher><dc:type>DPMS Target</dc:type><dc:subject>Adobe Acrobat Pro XI</dc:subject><dc:identifier>3195</dc:identifier></reference><ident system="http://iase.disa.mil/cci">CCI-001813</ident><fixtext fixref="F-81893r2_fix">Configure the following registry value:

Registry Hive:
HKEY_LOCAL_MACHINE
Registry Path:
\Software\Policies\Adobe\Adobe Acrobat\11.0\FeatureLockDown

Value Name: bDisableTrustedFolders
Type: REG_DWORD
Value: 1</fixtext><fix id="F-81893r2_fix" /><check system="C-75061r1_chk"><check-content-ref name="M" href="DPMS_XCCDF_Benchmark_Adobe_Acrobat_Pro_XI_STIG.xml" /><check-content>Verify the following registry configuration:

Using the Registry Editor, navigate to the following: HKEY_LOCAL_MACHINE\Software\Policies\Adobe\Adobe Acrobat\11.0\FeatureLockDown

Value Name: bDisableTrustedFolders
Type: REG_DWORD
Value: 1

If the value for bDisableTrustedFolders is not set to “1” and Type is not configured to REG_DWORD or does not exist, this is a finding.</check-content></check></Rule></Group><Group id="V-75279"><title>SRG-APP-000416</title><description>&lt;GroupDescription&gt;&lt;/GroupDescription&gt;</description><Rule id="SV-89959r1_rule" severity="medium" weight="10.0"><version>ADBP-XI-000955</version><title>Adobe Acrobat Pro XI FIPS mode must be enabled.</title><description>&lt;VulnDiscussion&gt;Use of weak or untested encryption algorithms undermines the purposes of using encryption to protect data. The application must implement cryptographic modules adhering to the higher standards approved by the federal government since this provides assurance they have been tested and validated.

Satisfies: SRG-APP-000416, SRG-APP-000514&lt;/VulnDiscussion&gt;&lt;FalsePositives&gt;&lt;/FalsePositives&gt;&lt;FalseNegatives&gt;&lt;/FalseNegatives&gt;&lt;Documentable&gt;false&lt;/Documentable&gt;&lt;Mitigations&gt;&lt;/Mitigations&gt;&lt;SeverityOverrideGuidance&gt;&lt;/SeverityOverrideGuidance&gt;&lt;PotentialImpacts&gt;&lt;/PotentialImpacts&gt;&lt;ThirdPartyTools&gt;&lt;/ThirdPartyTools&gt;&lt;MitigationControl&gt;&lt;/MitigationControl&gt;&lt;Responsibility&gt;&lt;/Responsibility&gt;&lt;IAControls&gt;&lt;/IAControls&gt;</description><reference><dc:title>DPMS Target Adobe Acrobat Pro XI</dc:title><dc:publisher>DISA</dc:publisher><dc:type>DPMS Target</dc:type><dc:subject>Adobe Acrobat Pro XI</dc:subject><dc:identifier>3195</dc:identifier></reference><ident system="http://iase.disa.mil/cci">CCI-002450</ident><fixtext fixref="F-81895r3_fix">Configure the following registry value:

Note: The Key Name "bFIPSMode" is not created by default in the Acrobat Pro XI install and must be created.

Registry Hive:
HKEY_CURRENT_USER
Registry Path:
\Software\Adobe\Adobe Acrobat\11.0\AVGeneral

Value Name: bFIPSMode
Type: REG_DWORD
Value: 1</fixtext><fix id="F-81895r3_fix" /><check system="C-75063r2_chk"><check-content-ref name="M" href="DPMS_XCCDF_Benchmark_Adobe_Acrobat_Pro_XI_STIG.xml" /><check-content>Verify the following registry configuration:

Note: The Key Name "bFIPSMode" is not created by default in the Acrobat Pro XI install and must be created.

Using the Registry Editor, navigate to the following: HKEY_CURRENT_USER\Software\Adobe\Adobe Acrobat\11.0\AVGeneral

Value Name: bFIPSMode
Type: REG_DWORD
Value: 1

If the value for bFIPSMode is not set to “1” and Type is not configured to REG_DWORD or does not exist, this is a finding.</check-content></check></Rule></Group><Group id="V-75281"><title>SRG-APP-000427</title><description>&lt;GroupDescription&gt;&lt;/GroupDescription&gt;</description><Rule id="SV-89961r1_rule" severity="low" weight="10.0"><version>ADBP-XI-000990</version><title>Adobe Acrobat Pro XI periodic downloading of Adobe European certificates must be disabled.</title><description>&lt;VulnDiscussion&gt;By default, the user can update Adobe European certificates from an Adobe server through the GUI.

When updating Adobe European certificates is disabled, it prevents the automatic download and installation of certificates and disables and locks the end user's ability to download those certificates.&lt;/VulnDiscussion&gt;&lt;FalsePositives&gt;&lt;/FalsePositives&gt;&lt;FalseNegatives&gt;&lt;/FalseNegatives&gt;&lt;Documentable&gt;false&lt;/Documentable&gt;&lt;Mitigations&gt;&lt;/Mitigations&gt;&lt;SeverityOverrideGuidance&gt;&lt;/SeverityOverrideGuidance&gt;&lt;PotentialImpacts&gt;&lt;/PotentialImpacts&gt;&lt;ThirdPartyTools&gt;&lt;/ThirdPartyTools&gt;&lt;MitigationControl&gt;&lt;/MitigationControl&gt;&lt;Responsibility&gt;&lt;/Responsibility&gt;&lt;IAControls&gt;&lt;/IAControls&gt;</description><reference><dc:title>DPMS Target Adobe Acrobat Pro XI</dc:title><dc:publisher>DISA</dc:publisher><dc:type>DPMS Target</dc:type><dc:subject>Adobe Acrobat Pro XI</dc:subject><dc:identifier>3195</dc:identifier></reference><ident system="http://iase.disa.mil/cci">CCI-002470</ident><fixtext fixref="F-81897r3_fix">Configure the following registry value:

Note: The Key Names "cDigSig" and "cEUTLDownload" are not created by default in the Acrobat Pro XI install and must be created.

Registry Hive:
HKEY_CURRENT_USER
Registry Path:
\Software\Adobe\Adobe Acrobat\11.0\Security\cDigSig\cEUTLDownload

Value Name: bLoadSettingsFromURL
Type: REG_DWORD
Value: 0</fixtext><fix id="F-81897r3_fix" /><check system="C-75065r2_chk"><check-content-ref name="M" href="DPMS_XCCDF_Benchmark_Adobe_Acrobat_Pro_XI_STIG.xml" /><check-content>Verify the following registry configuration:

Note: The Key Names "cDigSig" and "cEUTLDownload" are not created by default in the Acrobat Pro XI install and must be created.

Using the Registry Editor, navigate to the following: HKEY_CURRENT_USER\Software\Adobe\Adobe Acrobat\11.0\Security\cDigSig\cEUTLDownload

Value Name: bLoadSettingsFromURL
Type: REG_DWORD
Value: 0

If the value for bLoadSettingsFromURL is not set to “0” and Type is not configured to REG_DWORD or does not exist, this is a finding.</check-content></check></Rule></Group><Group id="V-75285"><title>SRG-APP-000431</title><description>&lt;GroupDescription&gt;&lt;/GroupDescription&gt;</description><Rule id="SV-89965r1_rule" severity="medium" weight="10.0"><version>ADBP-XI-001010</version><title>Adobe Acrobat Pro XI Protected Mode must be enabled.</title><description>&lt;VulnDiscussion&gt;Protected Mode is a “sandbox” that is essentially a read-only mode.

When enabled, Acrobat allows the execution environment of untrusted PDF's and the processes the PDF may invoke but also presumes all PDFs are potentially malicious and confines processing to a restricted sandbox.&lt;/VulnDiscussion&gt;&lt;FalsePositives&gt;&lt;/FalsePositives&gt;&lt;FalseNegatives&gt;&lt;/FalseNegatives&gt;&lt;Documentable&gt;false&lt;/Documentable&gt;&lt;Mitigations&gt;&lt;/Mitigations&gt;&lt;SeverityOverrideGuidance&gt;&lt;/SeverityOverrideGuidance&gt;&lt;PotentialImpacts&gt;&lt;/PotentialImpacts&gt;&lt;ThirdPartyTools&gt;&lt;/ThirdPartyTools&gt;&lt;MitigationControl&gt;&lt;/MitigationControl&gt;&lt;Responsibility&gt;&lt;/Responsibility&gt;&lt;IAControls&gt;&lt;/IAControls&gt;</description><reference><dc:title>DPMS Target Adobe Acrobat Pro XI</dc:title><dc:publisher>DISA</dc:publisher><dc:type>DPMS Target</dc:type><dc:subject>Adobe Acrobat Pro XI</dc:subject><dc:identifier>3195</dc:identifier></reference><ident system="http://iase.disa.mil/cci">CCI-002530</ident><fixtext fixref="F-81901r2_fix">Configure the following registry value:

Registry Hive:
HKEY_LOCAL_MACHINE
Registry Path:
\Software\Policies\Adobe\Adobe Acrobat\11.0\FeatureLockDown

Value Name: bProtectedMode
Type: REG_DWORD
Value: 1</fixtext><fix id="F-81901r2_fix" /><check system="C-75069r1_chk"><check-content-ref name="M" href="DPMS_XCCDF_Benchmark_Adobe_Acrobat_Pro_XI_STIG.xml" /><check-content>Verify the following registry configuration:

Using the Registry Editor, navigate to the following: HKEY_LOCAL_MACHINE\Software\Policies\Adobe\Adobe Acrobat\11.0\FeatureLockDown

Value Name: bProtectedMode
Type: REG_DWORD
Value: 1

If the value for bProtectedMode is not set to “1” and Type is not configured to REG_DWORD or does not exist, this is a finding.</check-content></check></Rule></Group><Group id="V-75287"><title>SRG-APP-000431</title><description>&lt;GroupDescription&gt;&lt;/GroupDescription&gt;</description><Rule id="SV-89967r1_rule" severity="medium" weight="10.0"><version>ADBP-XI-001015</version><title>Adobe Acrobat Pro XI Protected View must be enabled.</title><description>&lt;VulnDiscussion&gt;Protected View is a “super-sandbox” that is essentially a read-only mode. When enabled, Acrobat strictly confines the execution environment of untrusted PDF's and the processes the PDF may invoke. Acrobat also assumes all PDFs are potentially malicious and confines processing to a restricted sandbox.

When the PDF is opened, the user is presented with the option to trust the document. When the user chooses to trust the document, all features are enabled, this action assigns trust to the document and adds the document to the users’ list of Privileged Locations.&lt;/VulnDiscussion&gt;&lt;FalsePositives&gt;&lt;/FalsePositives&gt;&lt;FalseNegatives&gt;&lt;/FalseNegatives&gt;&lt;Documentable&gt;false&lt;/Documentable&gt;&lt;Mitigations&gt;&lt;/Mitigations&gt;&lt;SeverityOverrideGuidance&gt;&lt;/SeverityOverrideGuidance&gt;&lt;PotentialImpacts&gt;&lt;/PotentialImpacts&gt;&lt;ThirdPartyTools&gt;&lt;/ThirdPartyTools&gt;&lt;MitigationControl&gt;&lt;/MitigationControl&gt;&lt;Responsibility&gt;&lt;/Responsibility&gt;&lt;IAControls&gt;&lt;/IAControls&gt;</description><reference><dc:title>DPMS Target Adobe Acrobat Pro XI</dc:title><dc:publisher>DISA</dc:publisher><dc:type>DPMS Target</dc:type><dc:subject>Adobe Acrobat Pro XI</dc:subject><dc:identifier>3195</dc:identifier></reference><ident system="http://iase.disa.mil/cci">CCI-002530</ident><fixtext fixref="F-81903r2_fix">Configure the following registry value:

Registry Hive:
HKEY_LOCAL_MACHINE
Registry Path:
\Software\Policies\Adobe\Adobe Acrobat\11.0\FeatureLockDown

Value Name: iProtectedView
Type: REG_DWORD
Value: 2</fixtext><fix id="F-81903r2_fix" /><check system="C-75071r1_chk"><check-content-ref name="M" href="DPMS_XCCDF_Benchmark_Adobe_Acrobat_Pro_XI_STIG.xml" /><check-content>Verify the following registry configuration:

Using the Registry Editor, navigate to the following: HKEY_LOCAL_MACHINE\Software\Policies\Adobe\Adobe Acrobat\11.0\FeatureLockDown

Value Name: iProtectedView
Type: REG_DWORD
Value: 2

If the value for iProtectedView is not set to “2” and Type is not configured to REG_DWORD or does not exist, this is a finding.</check-content></check></Rule></Group><Group id="V-75289"><title>SRG-APP-000456</title><description>&lt;GroupDescription&gt;&lt;/GroupDescription&gt;</description><Rule id="SV-89969r1_rule" severity="high" weight="10.0"><version>ADBP-XI-001075</version><title>The Adobe Acrobat Pro XI latest security-related software updates must be installed.</title><description>&lt;VulnDiscussion&gt;Security flaws with software applications are discovered daily. Vendors are constantly updating and patching their products to address newly discovered security vulnerabilities. Organizations (including any contractor to the organization) are required to promptly install security-relevant software updates (e.g., patches, service packs, and hot fixes). Flaws discovered during security assessments, continuous monitoring, incident response activities, or information system error handling must also be addressed expeditiously.

This requirement will apply to software patch management solutions that are used to install patches across the enclave and also to applications that are not part of that patch management solution. For example, many browsers today provide the capability to install their own patch software. Patch criticality, as well as system criticality, will vary. Therefore, the tactical situations regarding the patch management process will also vary. This means that the time period used must be a configurable parameter. Time frames for application of security-relevant software updates may be dependent upon the Information Assurance Vulnerability Management (IAVM) process.

The application will be configured to check for and install security-relevant software updates within an identified time period from the availability of the update. The specific time period will be defined by an authoritative source (e.g., IAVM, CTOs, DTMs, and STIGs).&lt;/VulnDiscussion&gt;&lt;FalsePositives&gt;&lt;/FalsePositives&gt;&lt;FalseNegatives&gt;&lt;/FalseNegatives&gt;&lt;Documentable&gt;false&lt;/Documentable&gt;&lt;Mitigations&gt;&lt;/Mitigations&gt;&lt;SeverityOverrideGuidance&gt;&lt;/SeverityOverrideGuidance&gt;&lt;PotentialImpacts&gt;&lt;/PotentialImpacts&gt;&lt;ThirdPartyTools&gt;&lt;/ThirdPartyTools&gt;&lt;MitigationControl&gt;&lt;/MitigationControl&gt;&lt;Responsibility&gt;&lt;/Responsibility&gt;&lt;IAControls&gt;&lt;/IAControls&gt;</description><reference><dc:title>DPMS Target Adobe Acrobat Pro XI</dc:title><dc:publisher>DISA</dc:publisher><dc:type>DPMS Target</dc:type><dc:subject>Adobe Acrobat Pro XI</dc:subject><dc:identifier>3195</dc:identifier></reference><ident system="http://iase.disa.mil/cci">CCI-002605</ident><fixtext fixref="F-81905r1_fix">Apply the latest security-related software updates to the Adobe Acrobat XI Pro application.</fixtext><fix id="F-81905r1_fix" /><check system="C-75073r1_chk"><check-content-ref name="M" href="DPMS_XCCDF_Benchmark_Adobe_Acrobat_Pro_XI_STIG.xml" /><check-content>Open Adobe Acrobat Pro XI.

Navigate to and click on Help &gt;&gt; About Adobe Acrobat XI Pro.

Verify that the latest security-related software updates by Adobe are being applied.

If the latest security-related software updates by Adobe are not being applied, this is a finding.</check-content></check></Rule></Group><Group id="V-75293"><title>SRG-APP-000133</title><description>&lt;GroupDescription&gt;&lt;/GroupDescription&gt;</description><Rule id="SV-89973r1_rule" severity="low" weight="10.0"><version>ADBP-XI-001280</version><title>Adobe Acrobat Pro XI Default Handler changes must be disabled.</title><description>&lt;VulnDiscussion&gt;Acrobat Pro allows users to change the version of Acrobat Pro that is used to read PDF files. This is a risk if multiple versions of Acrobat are installed on the system and the other version has dissimilar security configurations or known vulnerabilities. When the Default PDF Handler is disabled, the end users will not be able to change the default PDF viewer.&lt;/VulnDiscussion&gt;&lt;FalsePositives&gt;&lt;/FalsePositives&gt;&lt;FalseNegatives&gt;&lt;/FalseNegatives&gt;&lt;Documentable&gt;false&lt;/Documentable&gt;&lt;Mitigations&gt;&lt;/Mitigations&gt;&lt;SeverityOverrideGuidance&gt;&lt;/SeverityOverrideGuidance&gt;&lt;PotentialImpacts&gt;&lt;/PotentialImpacts&gt;&lt;ThirdPartyTools&gt;&lt;/ThirdPartyTools&gt;&lt;MitigationControl&gt;&lt;/MitigationControl&gt;&lt;Responsibility&gt;&lt;/Responsibility&gt;&lt;IAControls&gt;&lt;/IAControls&gt;</description><reference><dc:title>DPMS Target Adobe Acrobat Pro XI</dc:title><dc:publisher>DISA</dc:publisher><dc:type>DPMS Target</dc:type><dc:subject>Adobe Acrobat Pro XI</dc:subject><dc:identifier>3195</dc:identifier></reference><ident system="http://iase.disa.mil/cci">CCI-001499</ident><fixtext fixref="F-81909r2_fix">Configure the following registry value:

Registry Hive:
HKEY_LOCAL_MACHINE
Registry Path:
\Software\Policies\Adobe\Adobe Acrobat\11.0\FeatureLockDown

Value Name: bDisablePDFHandlerSwitching
Type: REG_DWORD
Value: 1</fixtext><fix id="F-81909r2_fix" /><check system="C-75077r1_chk"><check-content-ref name="M" href="DPMS_XCCDF_Benchmark_Adobe_Acrobat_Pro_XI_STIG.xml" /><check-content>Verify the following registry configuration:

Using the Registry Editor, navigate to the following: HKEY_LOCAL_MACHINE\Software\Policies\Adobe\Adobe Acrobat\11.0\FeatureLockDown

Value Name: bDisablePDFHandlerSwitching
Type: REG_DWORD
Value: 1

If the value for bDisablePDFHandlerSwitching is not set to “1” and Type is not configured to REG_DWORD or does not exist, this is a finding.</check-content></check></Rule></Group><Group id="V-75295"><title>SRG-APP-000141</title><description>&lt;GroupDescription&gt;&lt;/GroupDescription&gt;</description><Rule id="SV-89975r1_rule" severity="medium" weight="10.0"><version>ADBP-XI-001285</version><title>Adobe Acrobat Pro XI must disable the ability to store files on Acrobat.com.</title><description>&lt;VulnDiscussion&gt;Adobe Acrobat Pro XI provides the ability to store PDF files on Adobe.com servers. Allowing users to store files on non-DoD systems introduces risk of data compromise.&lt;/VulnDiscussion&gt;&lt;FalsePositives&gt;&lt;/FalsePositives&gt;&lt;FalseNegatives&gt;&lt;/FalseNegatives&gt;&lt;Documentable&gt;false&lt;/Documentable&gt;&lt;Mitigations&gt;&lt;/Mitigations&gt;&lt;SeverityOverrideGuidance&gt;&lt;/SeverityOverrideGuidance&gt;&lt;PotentialImpacts&gt;&lt;/PotentialImpacts&gt;&lt;ThirdPartyTools&gt;&lt;/ThirdPartyTools&gt;&lt;MitigationControl&gt;&lt;/MitigationControl&gt;&lt;Responsibility&gt;&lt;/Responsibility&gt;&lt;IAControls&gt;&lt;/IAControls&gt;</description><reference><dc:title>DPMS Target Adobe Acrobat Pro XI</dc:title><dc:publisher>DISA</dc:publisher><dc:type>DPMS Target</dc:type><dc:subject>Adobe Acrobat Pro XI</dc:subject><dc:identifier>3195</dc:identifier></reference><ident system="http://iase.disa.mil/cci">CCI-000381</ident><fixtext fixref="F-81911r3_fix">Configure the following registry value:

Note: The Key Name "cCloud" is not created by default in the Acrobat Pro XI install and must be created.

Registry Hive:
HKEY_LOCAL_MACHINE
Registry Path:
\Software\Policies\Adobe\Adobe Acrobat\11.0\FeatureLockDown\cCloud

Value Name: bDisableADCFileStore
Type: REG_DWORD
Value: 1</fixtext><fix id="F-81911r3_fix" /><check system="C-75079r3_chk"><check-content-ref name="M" href="DPMS_XCCDF_Benchmark_Adobe_Acrobat_Pro_XI_STIG.xml" /><check-content>Verify the following registry configuration:

Note: The Key Name "cCloud" is not created by default in the Acrobat Pro XI install and must be created.

Using the Registry Editor, navigate to the following: HKEY_LOCAL_MACHINE\Software\Policies\Adobe\Adobe Acrobat\11.0\FeatureLockDown\cCloud

Value Name: bDisableADCFileStore
Type: REG_DWORD
Value: 1

If the value for bDisableADCFileStore is not set to “1” and Type is not configured to REG_DWORD or does not exist, this is a finding.</check-content></check></Rule></Group><Group id="V-75297"><title>SRG-APP-000380</title><description>&lt;GroupDescription&gt;&lt;/GroupDescription&gt;</description><Rule id="SV-89977r1_rule" severity="medium" weight="10.0"><version>ADBP-XI-001335</version><title>Adobe Acrobat Pro XI certified document trust must be disabled.</title><description>&lt;VulnDiscussion&gt;Certified document trust elevates signed PDF files to a privileged location and bypasses privileged view security protections. Disabling certified documents disables and locks the end user's ability to elevate certified documents as a privileged location.&lt;/VulnDiscussion&gt;&lt;FalsePositives&gt;&lt;/FalsePositives&gt;&lt;FalseNegatives&gt;&lt;/FalseNegatives&gt;&lt;Documentable&gt;false&lt;/Documentable&gt;&lt;Mitigations&gt;&lt;/Mitigations&gt;&lt;SeverityOverrideGuidance&gt;&lt;/SeverityOverrideGuidance&gt;&lt;PotentialImpacts&gt;&lt;/PotentialImpacts&gt;&lt;ThirdPartyTools&gt;&lt;/ThirdPartyTools&gt;&lt;MitigationControl&gt;&lt;/MitigationControl&gt;&lt;Responsibility&gt;&lt;/Responsibility&gt;&lt;IAControls&gt;&lt;/IAControls&gt;</description><reference><dc:title>DPMS Target Adobe Acrobat Pro XI</dc:title><dc:publisher>DISA</dc:publisher><dc:type>DPMS Target</dc:type><dc:subject>Adobe Acrobat Pro XI</dc:subject><dc:identifier>3195</dc:identifier></reference><ident system="http://iase.disa.mil/cci">CCI-001813</ident><fixtext fixref="F-81913r2_fix">Configure the following registry value:

Registry Hive:
HKEY_LOCAL_MACHINE
Registry Path:
\Software\Policies\Adobe\Adobe Acrobat\11.0\FeatureLockDown

Value Name: bEnableCertificateBasedTrust
Type: REG_DWORD
Value: 0</fixtext><fix id="F-81913r2_fix" /><check system="C-75081r1_chk"><check-content-ref name="M" href="DPMS_XCCDF_Benchmark_Adobe_Acrobat_Pro_XI_STIG.xml" /><check-content>Verify the following registry configuration:

Using the Registry Editor, navigate to the following: HKEY_LOCAL_MACHINE\Software\Policies\Adobe\Adobe Acrobat\11.0\FeatureLockDown

Value Name: bEnableCertificateBasedTrust
Type: REG_DWORD
Value: 0

If the value for bEnableCertificateBasedTrust is not set to “0” and Type is not configured to REG_DWORD or does not exist, this is a finding.</check-content></check></Rule></Group><Group id="V-75299"><title>SRG-APP-000380</title><description>&lt;GroupDescription&gt;&lt;/GroupDescription&gt;</description><Rule id="SV-89979r1_rule" severity="medium" weight="10.0"><version>ADBP-XI-001330</version><title>Adobe Acrobat Pro XI privileged host locations must be disabled.</title><description>&lt;VulnDiscussion&gt;Privileged Locations are the primary method Acrobat uses to allow users and admins to specify trusted content that should be exempt from security restrictions, such as when Enhanced Security is enabled.

A Privileged Location may be a file, folder, or a host. If the user is allowed to set a Privileged Location, they could bypass security protections.&lt;/VulnDiscussion&gt;&lt;FalsePositives&gt;&lt;/FalsePositives&gt;&lt;FalseNegatives&gt;&lt;/FalseNegatives&gt;&lt;Documentable&gt;false&lt;/Documentable&gt;&lt;Mitigations&gt;&lt;/Mitigations&gt;&lt;SeverityOverrideGuidance&gt;&lt;/SeverityOverrideGuidance&gt;&lt;PotentialImpacts&gt;&lt;/PotentialImpacts&gt;&lt;ThirdPartyTools&gt;&lt;/ThirdPartyTools&gt;&lt;MitigationControl&gt;&lt;/MitigationControl&gt;&lt;Responsibility&gt;&lt;/Responsibility&gt;&lt;IAControls&gt;&lt;/IAControls&gt;</description><reference><dc:title>DPMS Target Adobe Acrobat Pro XI</dc:title><dc:publisher>DISA</dc:publisher><dc:type>DPMS Target</dc:type><dc:subject>Adobe Acrobat Pro XI</dc:subject><dc:identifier>3195</dc:identifier></reference><ident system="http://iase.disa.mil/cci">CCI-001813</ident><fixtext fixref="F-81915r2_fix">Configure the following registry value:

Registry Hive:
HKEY_LOCAL_MACHINE
Registry Path:
\Software\Policies\Adobe\Adobe Acrobat\11.0\FeatureLockDown

Value Name: bDisableOSTrustedSites
Type: REG_DWORD
Value: 1</fixtext><fix id="F-81915r2_fix" /><check system="C-75083r1_chk"><check-content-ref name="M" href="DPMS_XCCDF_Benchmark_Adobe_Acrobat_Pro_XI_STIG.xml" /><check-content>Verify the following registry configuration:

Using the Registry Editor, navigate to the following: HKEY_LOCAL_MACHINE\Software\Policies\Adobe\Adobe Acrobat\11.0\FeatureLockDown

Value Name: bDisableOSTrustedSites
Type: REG_DWORD
Value: 1

If the value for bDisableOSTrustedSites is not set to “1” and Type is not configured to REG_DWORD or does not exist, this is a finding.</check-content></check></Rule></Group><Group id="V-75301"><title>SRG-APP-000380</title><description>&lt;GroupDescription&gt;&lt;/GroupDescription&gt;</description><Rule id="SV-89981r1_rule" severity="low" weight="10.0"><version>ADBP-XI-001325</version><title>Adobe Acrobat Pro XI privileged site locations must be disabled.</title><description>&lt;VulnDiscussion&gt;Privileged Locations are the primary method Acrobat uses to allow users and admins to specify trusted content that should be exempt from security restrictions, such as when Enhanced Security is enabled.

A Privileged Location may be a file, folder, or a host. If the user is allowed to set a Privileged Location, they could bypass security protections.&lt;/VulnDiscussion&gt;&lt;FalsePositives&gt;&lt;/FalsePositives&gt;&lt;FalseNegatives&gt;&lt;/FalseNegatives&gt;&lt;Documentable&gt;false&lt;/Documentable&gt;&lt;Mitigations&gt;&lt;/Mitigations&gt;&lt;SeverityOverrideGuidance&gt;&lt;/SeverityOverrideGuidance&gt;&lt;PotentialImpacts&gt;&lt;/PotentialImpacts&gt;&lt;ThirdPartyTools&gt;&lt;/ThirdPartyTools&gt;&lt;MitigationControl&gt;&lt;/MitigationControl&gt;&lt;Responsibility&gt;&lt;/Responsibility&gt;&lt;IAControls&gt;&lt;/IAControls&gt;</description><reference><dc:title>DPMS Target Adobe Acrobat Pro XI</dc:title><dc:publisher>DISA</dc:publisher><dc:type>DPMS Target</dc:type><dc:subject>Adobe Acrobat Pro XI</dc:subject><dc:identifier>3195</dc:identifier></reference><ident system="http://iase.disa.mil/cci">CCI-001813</ident><fixtext fixref="F-81917r2_fix">Configure the following registry value:

Registry Hive:
HKEY_LOCAL_MACHINE
Registry Path:
\Software\Policies\Adobe\Adobe Acrobat\11.0\FeatureLockDown

Value Name: bDisableTrustedSites
Type: REG_DWORD
Value: 1</fixtext><fix id="F-81917r2_fix" /><check system="C-75085r1_chk"><check-content-ref name="M" href="DPMS_XCCDF_Benchmark_Adobe_Acrobat_Pro_XI_STIG.xml" /><check-content>Verify the following registry configuration:

Using the Registry Editor, navigate to the following: HKEY_LOCAL_MACHINE\Software\Policies\Adobe\Adobe Acrobat\11.0\FeatureLockDown

Value Name: bDisableTrustedSites
Type: REG_DWORD
Value: 1

If the value for bDisableTrustedSites is not set to “1” and Type is not configured to REG_DWORD or does not exist, this is a finding.</check-content></check></Rule></Group><Group id="V-75303"><title>SRG-APP-000427</title><description>&lt;GroupDescription&gt;&lt;/GroupDescription&gt;</description><Rule id="SV-89983r1_rule" severity="low" weight="10.0"><version>ADBP-XI-001320</version><title>Adobe Acrobat Pro XI Periodic downloading of Adobe certificates must be disabled.</title><description>&lt;VulnDiscussion&gt;By default, the user can update Adobe certificates from an Adobe server through the GUI.

When updating Adobe certificates is disabled, it prevents the automatic download and installation of certificates and disables and locks the end user's ability to download those certificates.&lt;/VulnDiscussion&gt;&lt;FalsePositives&gt;&lt;/FalsePositives&gt;&lt;FalseNegatives&gt;&lt;/FalseNegatives&gt;&lt;Documentable&gt;false&lt;/Documentable&gt;&lt;Mitigations&gt;&lt;/Mitigations&gt;&lt;SeverityOverrideGuidance&gt;&lt;/SeverityOverrideGuidance&gt;&lt;PotentialImpacts&gt;&lt;/PotentialImpacts&gt;&lt;ThirdPartyTools&gt;&lt;/ThirdPartyTools&gt;&lt;MitigationControl&gt;&lt;/MitigationControl&gt;&lt;Responsibility&gt;&lt;/Responsibility&gt;&lt;IAControls&gt;&lt;/IAControls&gt;</description><reference><dc:title>DPMS Target Adobe Acrobat Pro XI</dc:title><dc:publisher>DISA</dc:publisher><dc:type>DPMS Target</dc:type><dc:subject>Adobe Acrobat Pro XI</dc:subject><dc:identifier>3195</dc:identifier></reference><ident system="http://iase.disa.mil/cci">CCI-002470</ident><fixtext fixref="F-81919r3_fix">Configure the following registry value:

Note: The Key Names "cDigSig" and "cAdobeDownload" are not created by default in the Acrobat Pro XI install and must be created.

Registry Hive:
HKEY_CURRENT_USER
Registry Path:
\Software\Adobe\Adobe Acrobat\11.0\Security\cDigSig\cAdobeDownload

Value Name: bLoadSettingsFromURL
Type: REG_DWORD
Value: 0</fixtext><fix id="F-81919r3_fix" /><check system="C-75087r2_chk"><check-content-ref name="M" href="DPMS_XCCDF_Benchmark_Adobe_Acrobat_Pro_XI_STIG.xml" /><check-content>Verify the following registry configuration:

Note: The Key Names "cDigSig" and "cAdobeDownload" are not created by default in the Acrobat Pro XI install and must be created.

Using the Registry Editor, navigate to the following: HKEY_CURRENT_USER\Software\Adobe\Adobe Acrobat\11.0\Security\cDigSig\cAdobeDownload

Value Name: bLoadSettingsFromURL
Type: REG_DWORD
Value: 0

If the value for bLoadSettingsFromURL is not set to “0” and Type is not configured to REG_DWORD or does not exist, this is a finding.</check-content></check></Rule></Group><Group id="V-75305"><title>SRG-APP-000141</title><description>&lt;GroupDescription&gt;&lt;/GroupDescription&gt;</description><Rule id="SV-89985r1_rule" severity="low" weight="10.0"><version>ADBP-XI-001315</version><title>Adobe Acrobat Pro XI SharePoint and Office365 Access must be disabled.</title><description>&lt;VulnDiscussion&gt;Both SharePoint and Office365 configurations are shared in one setting. Disabling this setting removes the user’s ability to use both SharePoint and Office365 cloud features and functions. If the user is allowed to store files on public cloud services, there is a risk of data compromise.&lt;/VulnDiscussion&gt;&lt;FalsePositives&gt;&lt;/FalsePositives&gt;&lt;FalseNegatives&gt;&lt;/FalseNegatives&gt;&lt;Documentable&gt;false&lt;/Documentable&gt;&lt;Mitigations&gt;&lt;/Mitigations&gt;&lt;SeverityOverrideGuidance&gt;&lt;/SeverityOverrideGuidance&gt;&lt;PotentialImpacts&gt;&lt;/PotentialImpacts&gt;&lt;ThirdPartyTools&gt;&lt;/ThirdPartyTools&gt;&lt;MitigationControl&gt;&lt;/MitigationControl&gt;&lt;Responsibility&gt;&lt;/Responsibility&gt;&lt;IAControls&gt;&lt;/IAControls&gt;</description><reference><dc:title>DPMS Target Adobe Acrobat Pro XI</dc:title><dc:publisher>DISA</dc:publisher><dc:type>DPMS Target</dc:type><dc:subject>Adobe Acrobat Pro XI</dc:subject><dc:identifier>3195</dc:identifier></reference><ident system="http://iase.disa.mil/cci">CCI-000381</ident><fixtext fixref="F-81921r3_fix">Configure the following registry value:

Note: The Key Name "cSharePoint" is not created by default in the Acrobat Pro XI install and must be created.

Registry Hive:
HKEY_LOCAL_MACHINE
Registry Path:
\Software\Policies\Adobe\Acrobat Reader\11.0\FeatureLockDown\cSharePoint

Value Name: bDisableSharePointFeatures
Type: REG_DWORD
Value: 1</fixtext><fix id="F-81921r3_fix" /><check system="C-75089r2_chk"><check-content-ref name="M" href="DPMS_XCCDF_Benchmark_Adobe_Acrobat_Pro_XI_STIG.xml" /><check-content>Verify the following registry configuration:

Note: The Key Name "cSharePoint" is not created by default in the Acrobat Pro XI install and must be created.

Using the Registry Editor, navigate to the following: HKEY_LOCAL_MACHINE\Software\Policies\Adobe\Adobe Acrobat\11.0\FeatureLockDown\cSharePoint

Value Name: bDisableSharePointFeatures
Type: REG_DWORD
Value: 1

If the value for bDisableSharePointFeatures is not set to “1” and Type is not configured to REG_DWORD or does not exist, this is a finding.</check-content></check></Rule></Group><Group id="V-75307"><title>SRG-APP-000141</title><description>&lt;GroupDescription&gt;&lt;/GroupDescription&gt;</description><Rule id="SV-89987r1_rule" severity="low" weight="10.0"><version>ADBP-XI-001310</version><title>The Adobe Acrobat Pro XI Welcome Screen must be disabled.</title><description>&lt;VulnDiscussion&gt;The Adobe Welcome screen can be distracting. It provides marketing material and also has online links to the Adobe quick tips website, tutorials, blogs, and community forums.

When the Adobe Welcome screen is disabled, the Welcome screen will not be populated on application startup.&lt;/VulnDiscussion&gt;&lt;FalsePositives&gt;&lt;/FalsePositives&gt;&lt;FalseNegatives&gt;&lt;/FalseNegatives&gt;&lt;Documentable&gt;false&lt;/Documentable&gt;&lt;Mitigations&gt;&lt;/Mitigations&gt;&lt;SeverityOverrideGuidance&gt;&lt;/SeverityOverrideGuidance&gt;&lt;PotentialImpacts&gt;&lt;/PotentialImpacts&gt;&lt;ThirdPartyTools&gt;&lt;/ThirdPartyTools&gt;&lt;MitigationControl&gt;&lt;/MitigationControl&gt;&lt;Responsibility&gt;&lt;/Responsibility&gt;&lt;IAControls&gt;&lt;/IAControls&gt;</description><reference><dc:title>DPMS Target Adobe Acrobat Pro XI</dc:title><dc:publisher>DISA</dc:publisher><dc:type>DPMS Target</dc:type><dc:subject>Adobe Acrobat Pro XI</dc:subject><dc:identifier>3195</dc:identifier></reference><ident system="http://iase.disa.mil/cci">CCI-000381</ident><fixtext fixref="F-81923r2_fix">Configure the following registry value:

Note: The Key Name "cWelcomeScreen" is not created by default in the Acrobat Pro XI install and must be created.

Registry Hive:
HKEY_LOCAL_MACHINE
Registry Path:
\Software\Policies\Adobe\Adobe Acrobat\11.0\FeatureLockDown\cWelcomeScreen

Value Name: bShowWelcomeScreen
Type: REG_DWORD
Value: 0</fixtext><fix id="F-81923r2_fix" /><check system="C-75091r1_chk"><check-content-ref name="M" href="DPMS_XCCDF_Benchmark_Adobe_Acrobat_Pro_XI_STIG.xml" /><check-content>Verify the following registry configuration:

Note: The Key Name "cWelcomeScreen" is not created by default in the Acrobat Pro XI install and must be created.

Using the Registry Editor, navigate to the following: HKEY_LOCAL_MACHINE\Software\Policies\Adobe\Adobe Acrobat\11.0\FeatureLockDown\cWelcomeScreen

Value Name: bShowWelcomeScreen
Type: REG_DWORD
Value: 0

If the value for bShowWelcomeScreen is not set to “0” and Type is not configured to REG_DWORD or does not exist, this is a finding.</check-content></check></Rule></Group><Group id="V-75309"><title>SRG-APP-000141</title><description>&lt;GroupDescription&gt;&lt;/GroupDescription&gt;</description><Rule id="SV-89989r1_rule" severity="low" weight="10.0"><version>ADBP-XI-001305</version><title>Adobe Acrobat Pro XI Webmail must be disabled.</title><description>&lt;VulnDiscussion&gt;Acrobat Pro XI provides a Webmail capability. This allows users to send PDFs as email attachments using any mail account that supports SMTP/IMAP protocols. In addition to existing desktop email clients, users can now configure these mail accounts by providing User Name, Password, IMAP and SMTP details. The capability allows users to utilize Gmail and Yahoo mail accounts to send PDF files directly from within the Acrobat application. This capability allows the user to by-pass existing email protections provided by DoD email services.&lt;/VulnDiscussion&gt;&lt;FalsePositives&gt;&lt;/FalsePositives&gt;&lt;FalseNegatives&gt;&lt;/FalseNegatives&gt;&lt;Documentable&gt;false&lt;/Documentable&gt;&lt;Mitigations&gt;&lt;/Mitigations&gt;&lt;SeverityOverrideGuidance&gt;&lt;/SeverityOverrideGuidance&gt;&lt;PotentialImpacts&gt;&lt;/PotentialImpacts&gt;&lt;ThirdPartyTools&gt;&lt;/ThirdPartyTools&gt;&lt;MitigationControl&gt;&lt;/MitigationControl&gt;&lt;Responsibility&gt;&lt;/Responsibility&gt;&lt;IAControls&gt;&lt;/IAControls&gt;</description><reference><dc:title>DPMS Target Adobe Acrobat Pro XI</dc:title><dc:publisher>DISA</dc:publisher><dc:type>DPMS Target</dc:type><dc:subject>Adobe Acrobat Pro XI</dc:subject><dc:identifier>3195</dc:identifier></reference><ident system="http://iase.disa.mil/cci">CCI-000381</ident><fixtext fixref="F-81925r2_fix">Configure the following registry value:

Note: The Key Name "cWebmailProfiles" is not created by default in the Acrobat Pro XI install and must be created.

Registry Hive:
HKEY_LOCAL_MACHINE
Registry Path:
\Software\Policies\Adobe\Adobe Acrobat\11.0\FeatureLockDown\cWebmailProfiles

Value Name: bDisableWebmail
Type: REG_DWORD
Value: 1</fixtext><fix id="F-81925r2_fix" /><check system="C-75093r1_chk"><check-content-ref name="M" href="DPMS_XCCDF_Benchmark_Adobe_Acrobat_Pro_XI_STIG.xml" /><check-content>Verify the following registry configuration:

Note: The Key Name "cWebmailProfiles" is not created by default in the Acrobat Pro XI install and must be created.

Using the Registry Editor, navigate to the following: HKEY_LOCAL_MACHINE\Software\Policies\Adobe\Adobe Acrobat\11.0\FeatureLockDown\cWebmailProfiles

Value Name: bDisableWebmail
Type: REG_DWORD
Value: 1

If the value for bDisableWebmail is not set to “1” and Type is not configured to REG_DWORD or does not exist, this is a finding.</check-content></check></Rule></Group><Group id="V-75311"><title>SRG-APP-000141</title><description>&lt;GroupDescription&gt;&lt;/GroupDescription&gt;</description><Rule id="SV-89991r1_rule" severity="low" weight="10.0"><version>ADBP-XI-001300</version><title>Adobe Acrobat Pro XI third-party web connectors must be disabled.</title><description>&lt;VulnDiscussion&gt;Third-party connectors include services such as Dropbox and Google Drive. When third-party web connectors are disabled, it prevents access to third-party services for file storage. Allowing access to online storage services introduces the risk of data loss or data exfiltration.&lt;/VulnDiscussion&gt;&lt;FalsePositives&gt;&lt;/FalsePositives&gt;&lt;FalseNegatives&gt;&lt;/FalseNegatives&gt;&lt;Documentable&gt;false&lt;/Documentable&gt;&lt;Mitigations&gt;&lt;/Mitigations&gt;&lt;SeverityOverrideGuidance&gt;&lt;/SeverityOverrideGuidance&gt;&lt;PotentialImpacts&gt;&lt;/PotentialImpacts&gt;&lt;ThirdPartyTools&gt;&lt;/ThirdPartyTools&gt;&lt;MitigationControl&gt;&lt;/MitigationControl&gt;&lt;Responsibility&gt;&lt;/Responsibility&gt;&lt;IAControls&gt;&lt;/IAControls&gt;</description><reference><dc:title>DPMS Target Adobe Acrobat Pro XI</dc:title><dc:publisher>DISA</dc:publisher><dc:type>DPMS Target</dc:type><dc:subject>Adobe Acrobat Pro XI</dc:subject><dc:identifier>3195</dc:identifier></reference><ident system="http://iase.disa.mil/cci">CCI-000381</ident><fixtext fixref="F-81927r3_fix">Configure the following registry value:

Note: The Key Name "cServices" is not created by default in the Acrobat Pro XI install and must be created.

Registry Hive:
HKEY_LOCAL_MACHINE
Registry Path:
\Software\Policies\Adobe\Adobe Acrobat\11.0\FeatureLockDown\cServices

Value Name: bToggleWebConnectors
Type: REG_DWORD
Value: 1</fixtext><fix id="F-81927r3_fix" /><check system="C-75095r2_chk"><check-content-ref name="M" href="DPMS_XCCDF_Benchmark_Adobe_Acrobat_Pro_XI_STIG.xml" /><check-content>Verify the following registry configuration:

Note: The Key Name "cServices" is not created by default in the Acrobat Pro XI install and must be created.

Using the Registry Editor, navigate to the following: HKEY_LOCAL_MACHINE\Software\Policies\Adobe\Adobe Acrobat\11.0\FeatureLockDown\cServices

Value Name: bToggleWebConnectors
Type: REG_DWORD
Value: 1

If the value for bToggleWebConnectors is not set to “1” and Type is not configured to REG_DWORD or does not exist, this is a finding.</check-content></check></Rule></Group><Group id="V-75313"><title>SRG-APP-000141</title><description>&lt;GroupDescription&gt;&lt;/GroupDescription&gt;</description><Rule id="SV-89993r1_rule" severity="medium" weight="10.0"><version>ADBP-XI-001290</version><title>Adobe Acrobat Pro XI Adobe Cloud Synchronization must be disabled.</title><description>&lt;VulnDiscussion&gt;By default, Adobe online services are tightly integrated in Adobe Acrobat. When the Adobe Cloud synchronization is disabled it prevents the synchronization of desktop preferences across devices on which the user is signed in with an Adobe ID (including phones).&lt;/VulnDiscussion&gt;&lt;FalsePositives&gt;&lt;/FalsePositives&gt;&lt;FalseNegatives&gt;&lt;/FalseNegatives&gt;&lt;Documentable&gt;false&lt;/Documentable&gt;&lt;Mitigations&gt;&lt;/Mitigations&gt;&lt;SeverityOverrideGuidance&gt;&lt;/SeverityOverrideGuidance&gt;&lt;PotentialImpacts&gt;&lt;/PotentialImpacts&gt;&lt;ThirdPartyTools&gt;&lt;/ThirdPartyTools&gt;&lt;MitigationControl&gt;&lt;/MitigationControl&gt;&lt;Responsibility&gt;&lt;/Responsibility&gt;&lt;IAControls&gt;&lt;/IAControls&gt;</description><reference><dc:title>DPMS Target Adobe Acrobat Pro XI</dc:title><dc:publisher>DISA</dc:publisher><dc:type>DPMS Target</dc:type><dc:subject>Adobe Acrobat Pro XI</dc:subject><dc:identifier>3195</dc:identifier></reference><ident system="http://iase.disa.mil/cci">CCI-000381</ident><fixtext fixref="F-81929r2_fix">Configure the following registry value:

Note: The Key Name "cServices" is not created by default in the Acrobat Pro XI install and must be created.

Registry Hive:
HKEY_LOCAL_MACHINE
Registry Path:
\Software\Policies\Adobe\Adobe Acrobat\11.0\FeatureLockDown\cServices

Value Name: bTogglePrefsSync
Type: REG_DWORD
Value: 1</fixtext><fix id="F-81929r2_fix" /><check system="C-75097r1_chk"><check-content-ref name="M" href="DPMS_XCCDF_Benchmark_Adobe_Acrobat_Pro_XI_STIG.xml" /><check-content>Verify the following registry configuration:

Note: The Key Name "cServices" is not created by default in the Acrobat Pro XI install and must be created.

Using the Registry Editor, navigate to the following: HKEY_LOCAL_MACHINE\Software\Policies\Adobe\Adobe Acrobat\11.0\FeatureLockDown\cServices

Value Name: bTogglePrefsSync
Type: REG_DWORD
Value: 1

If the value for bTogglePrefsSync is not set to “1” and Type is not configured to REG_DWORD or does not exist, this is a finding.</check-content></check></Rule></Group><Group id="V-75315"><title>SRG-APP-000141</title><description>&lt;GroupDescription&gt;&lt;/GroupDescription&gt;</description><Rule id="SV-89995r1_rule" severity="low" weight="10.0"><version>ADBP-XI-001295</version><title>Adobe Acrobat Pro XI Adobe Repair Installation must be disabled.</title><description>&lt;VulnDiscussion&gt;When Repair Installation is disabled the user does not have the option (Help Menu) or ability to repair an Adobe Acrobat Pro XI install. Ability to repair includes the risk that established security settings could be overwritten.&lt;/VulnDiscussion&gt;&lt;FalsePositives&gt;&lt;/FalsePositives&gt;&lt;FalseNegatives&gt;&lt;/FalseNegatives&gt;&lt;Documentable&gt;false&lt;/Documentable&gt;&lt;Mitigations&gt;&lt;/Mitigations&gt;&lt;SeverityOverrideGuidance&gt;&lt;/SeverityOverrideGuidance&gt;&lt;PotentialImpacts&gt;&lt;/PotentialImpacts&gt;&lt;ThirdPartyTools&gt;&lt;/ThirdPartyTools&gt;&lt;MitigationControl&gt;&lt;/MitigationControl&gt;&lt;Responsibility&gt;&lt;/Responsibility&gt;&lt;IAControls&gt;&lt;/IAControls&gt;</description><reference><dc:title>DPMS Target Adobe Acrobat Pro XI</dc:title><dc:publisher>DISA</dc:publisher><dc:type>DPMS Target</dc:type><dc:subject>Adobe Acrobat Pro XI</dc:subject><dc:identifier>3195</dc:identifier></reference><ident system="http://iase.disa.mil/cci">CCI-000381</ident><fixtext fixref="F-81931r3_fix">Configure the following registry value:

For 32 bit:
Registry Hive:
HKEY_LOCAL_MACHINE
Registry Path:
\Software\Adobe\Adobe Acrobat\11.0\Installer

For 64 bit:
Registry Hive:
HKEY_LOCAL_MACHINE
Registry Path:
\SOFTWARE\Wow6432Node\Adobe\Adobe Acrobat\11.0\Installer

Value Name: DisableMaintenance
Type: REG_DWORD
Value: 1</fixtext><fix id="F-81931r3_fix" /><check system="C-75099r1_chk"><check-content-ref name="M" href="DPMS_XCCDF_Benchmark_Adobe_Acrobat_Pro_XI_STIG.xml" /><check-content>Verify the following registry configuration:

Using the Registry Editor, navigate to the following: 

For 32 bit:
HKEY_LOCAL_MACHINE\Software\Adobe\Adobe Acrobat\11.0\Installer

For 64 bit:
HKEY_LOCAL_MACHINE\SOFTWARE\Wow6432Node\Adobe\Adobe Acrobat\11.0\Installer

Value Name: DisableMaintenance
Type: REG_DWORD
Value: 1

If the value for DisableMaintenance is not set to “1” and Type is not configured to REG_DWORD or does not exist, this is a finding.</check-content></check></Rule></Group></Benchmark>