﻿<?xml version="1.0" encoding="utf-8"?><?xml-stylesheet type='text/xsl' href='STIG_unclass.xsl'?><Benchmark xmlns:dsig="http://www.w3.org/2000/09/xmldsig#" xmlns:xhtml="http://www.w3.org/1999/xhtml" xmlns:xsi="http://www.w3.org/2001/XMLSchema-instance" xmlns:cpe="http://cpe.mitre.org/language/2.0" xmlns:dc="http://purl.org/dc/elements/1.1/" id="Microsoft_Project_2010" xml:lang="en" xsi:schemaLocation="http://checklists.nist.gov/xccdf/1.1 http://nvd.nist.gov/schema/xccdf-1.1.4.xsd http://cpe.mitre.org/dictionary/2.0 http://cpe.mitre.org/files/cpe-dictionary_2.1.xsd" xmlns="http://checklists.nist.gov/xccdf/1.1"><status date="2014-01-07">accepted</status><title>Microsoft Project 2010</title><description>Settings in this guidance assume a complete installation of Microsoft Office 2010 on the Windows 7 Platform. Registry paths and values identified in each control assume the use of Group Policy Administrative Templates. Installations not using Group Policies to administer Microsoft Office products may observe alternate registry paths for stored configuration values.
</description><notice id="terms-of-use" xml:lang="en"></notice><reference href="http://iase.disa.mil"><dc:publisher>DISA, Field Security Operations</dc:publisher><dc:source>STIG.DOD.MIL</dc:source></reference><plain-text id="release-info">Release: 8 Benchmark Date: 23 Jan 2015</plain-text><version>1</version><Profile id="MAC-1_Classified"><title>I - Mission Critial Classified</title><description>&lt;ProfileDescription&gt;&lt;/ProfileDescription&gt;</description><select idref="V-17173" selected="true" /><select idref="V-17174" selected="true" /><select idref="V-17175" selected="true" /><select idref="V-17183" selected="true" /><select idref="V-17184" selected="true" /><select idref="V-26584" selected="true" /><select idref="V-26585" selected="true" /><select idref="V-26586" selected="true" /><select idref="V-26587" selected="true" /><select idref="V-26588" selected="true" /><select idref="V-26590" selected="true" /><select idref="V-26691" selected="true" /></Profile><Profile id="MAC-1_Public"><title>I - Mission Critial Public</title><description>&lt;ProfileDescription&gt;&lt;/ProfileDescription&gt;</description><select idref="V-17173" selected="true" /><select idref="V-17174" selected="true" /><select idref="V-17175" selected="true" /><select idref="V-17183" selected="true" /><select idref="V-17184" selected="true" /><select idref="V-26584" selected="true" /><select idref="V-26585" selected="true" /><select idref="V-26586" selected="true" /><select idref="V-26587" selected="true" /><select idref="V-26588" selected="true" /><select idref="V-26590" selected="true" /><select idref="V-26691" selected="true" /></Profile><Profile id="MAC-1_Sensitive"><title>I - Mission Critial Sensitive</title><description>&lt;ProfileDescription&gt;&lt;/ProfileDescription&gt;</description><select idref="V-17173" selected="true" /><select idref="V-17174" selected="true" /><select idref="V-17175" selected="true" /><select idref="V-17183" selected="true" /><select idref="V-17184" selected="true" /><select idref="V-26584" selected="true" /><select idref="V-26585" selected="true" /><select idref="V-26586" selected="true" /><select idref="V-26587" selected="true" /><select idref="V-26588" selected="true" /><select idref="V-26590" selected="true" /><select idref="V-26691" selected="true" /></Profile><Profile id="MAC-2_Classified"><title>II - Mission Support Classified</title><description>&lt;ProfileDescription&gt;&lt;/ProfileDescription&gt;</description><select idref="V-17173" selected="true" /><select idref="V-17174" selected="true" /><select idref="V-17175" selected="true" /><select idref="V-17183" selected="true" /><select idref="V-17184" selected="true" /><select idref="V-26584" selected="true" /><select idref="V-26585" selected="true" /><select idref="V-26586" selected="true" /><select idref="V-26587" selected="true" /><select idref="V-26588" selected="true" /><select idref="V-26590" selected="true" /><select idref="V-26691" selected="true" /></Profile><Profile id="MAC-2_Public"><title>II - Mission Support Public</title><description>&lt;ProfileDescription&gt;&lt;/ProfileDescription&gt;</description><select idref="V-17173" selected="true" /><select idref="V-17174" selected="true" /><select idref="V-17175" selected="true" /><select idref="V-17183" selected="true" /><select idref="V-17184" selected="true" /><select idref="V-26584" selected="true" /><select idref="V-26585" selected="true" /><select idref="V-26586" selected="true" /><select idref="V-26587" selected="true" /><select idref="V-26588" selected="true" /><select idref="V-26590" selected="true" /><select idref="V-26691" selected="true" /></Profile><Profile id="MAC-2_Sensitive"><title>II - Mission Support Sensitive</title><description>&lt;ProfileDescription&gt;&lt;/ProfileDescription&gt;</description><select idref="V-17173" selected="true" /><select idref="V-17174" selected="true" /><select idref="V-17175" selected="true" /><select idref="V-17183" selected="true" /><select idref="V-17184" selected="true" /><select idref="V-26584" selected="true" /><select idref="V-26585" selected="true" /><select idref="V-26586" selected="true" /><select idref="V-26587" selected="true" /><select idref="V-26588" selected="true" /><select idref="V-26590" selected="true" /><select idref="V-26691" selected="true" /></Profile><Profile id="MAC-3_Classified"><title>III - Administrative Classified</title><description>&lt;ProfileDescription&gt;&lt;/ProfileDescription&gt;</description><select idref="V-17173" selected="true" /><select idref="V-17174" selected="true" /><select idref="V-17175" selected="true" /><select idref="V-17183" selected="true" /><select idref="V-17184" selected="true" /><select idref="V-26584" selected="true" /><select idref="V-26585" selected="true" /><select idref="V-26586" selected="true" /><select idref="V-26587" selected="true" /><select idref="V-26588" selected="true" /><select idref="V-26590" selected="true" /><select idref="V-26691" selected="true" /></Profile><Profile id="MAC-3_Public"><title>III - Administrative Public</title><description>&lt;ProfileDescription&gt;&lt;/ProfileDescription&gt;</description><select idref="V-17173" selected="true" /><select idref="V-17174" selected="true" /><select idref="V-17175" selected="true" /><select idref="V-17183" selected="true" /><select idref="V-17184" selected="true" /><select idref="V-26584" selected="true" /><select idref="V-26585" selected="true" /><select idref="V-26586" selected="true" /><select idref="V-26587" selected="true" /><select idref="V-26588" selected="true" /><select idref="V-26590" selected="true" /><select idref="V-26691" selected="true" /></Profile><Profile id="MAC-3_Sensitive"><title>III - Administrative Sensitive</title><description>&lt;ProfileDescription&gt;&lt;/ProfileDescription&gt;</description><select idref="V-17173" selected="true" /><select idref="V-17174" selected="true" /><select idref="V-17175" selected="true" /><select idref="V-17183" selected="true" /><select idref="V-17184" selected="true" /><select idref="V-26584" selected="true" /><select idref="V-26585" selected="true" /><select idref="V-26586" selected="true" /><select idref="V-26587" selected="true" /><select idref="V-26588" selected="true" /><select idref="V-26590" selected="true" /><select idref="V-26691" selected="true" /></Profile><Group id="V-17173"><title>DTOO104 - Disable user name and password</title><description>&lt;GroupDescription&gt;&lt;/GroupDescription&gt;</description><Rule id="SV-33897r1_rule" severity="medium" weight="10.0"><version>DTOO104 - Project</version><title>Disabling of user name and password syntax from being used in URLs must be enforced.</title><description>&lt;VulnDiscussion&gt;The Uniform Resource Locator (URL) standard allows user authentication to be included in URL strings in the form http://username:password@example.com. A malicious user might use this URL syntax to create a hyperlink that appears to open a legitimate Web site but actually opens a deceptive (spoofed) Web site. For example, the URL http://www.wingtiptoys.com@example.com appears to open http://www.wingtiptoys.com but actually opens http://example.com. To protect users from such attacks, Internet Explorer usually blocks any URLs using this syntax.

This functionality can be controlled separately for instances of Internet Explorer spawned by Office applications (for example, if a user clicks a link in an Office document or selects a menu option that loads a Web page). If user names and passwords in URLs are allowed, users could be diverted to dangerous Web pages, which could pose a security risk.
&lt;/VulnDiscussion&gt;&lt;FalsePositives&gt;&lt;/FalsePositives&gt;&lt;FalseNegatives&gt;&lt;/FalseNegatives&gt;&lt;Documentable&gt;false&lt;/Documentable&gt;&lt;Mitigations&gt;&lt;/Mitigations&gt;&lt;SeverityOverrideGuidance&gt;&lt;/SeverityOverrideGuidance&gt;&lt;PotentialImpacts&gt;&lt;/PotentialImpacts&gt;&lt;ThirdPartyTools&gt;&lt;/ThirdPartyTools&gt;&lt;MitigationControl&gt;&lt;/MitigationControl&gt;&lt;Responsibility&gt;System Administrator&lt;/Responsibility&gt;&lt;Responsibility&gt;Information Assurance Officer&lt;/Responsibility&gt;&lt;IAControls&gt;ECSC-1&lt;/IAControls&gt;</description><reference><dc:title>VMS Target Microsoft Project 2010</dc:title><dc:publisher>DISA FSO</dc:publisher><dc:type>VMS Target</dc:type><dc:subject>Microsoft Project 2010</dc:subject><dc:identifier>2026</dc:identifier></reference><fixtext fixref="F-29968r1_fix">Set the policy value for Computer Configuration -&gt; Administrative Templates -&gt; Microsoft Office 2010 (Machine) -&gt; Security Settings -&gt; IE Security “Disable user name and password” to “Enabled” and place a check in the ‘winproj.exe’ check box.</fixtext><fix id="F-29968r1_fix" /><check system="C-34309r1_chk"><check-content-ref name="M" href="VMS_XCCDF_Benchmark_Microsoft Project 2010.xml" /><check-content>The policy value for Computer Configuration -&gt; Administrative Templates -&gt; Microsoft Office 2010 (Machine) -&gt; Security Settings -&gt; IE Security “Disable user name and password” must be “Enabled” and a check in the ‘winproj.exe’ check box must be present.

Procedure: Use the Windows Registry Editor to navigate to the following key: 

HKLM\Software\Microsoft\Internet Explorer\Main\FeatureControl\FEATURE_HTTP_USERNAME_PASSWORD_DISABLE

Criteria: If the value winproj.exe is REG_DWORD = 1, this is not a finding. 
</check-content></check></Rule></Group><Group id="V-17174"><title>DTOO111 - Enable IE Bind to Object </title><description>&lt;GroupDescription&gt;&lt;/GroupDescription&gt;</description><Rule id="SV-33889r1_rule" severity="medium" weight="10.0"><version>DTOO111 - Project</version><title>Enabling IE Bind to Object functionality must be present.</title><description>&lt;VulnDiscussion&gt;Internet Explorer performs a number of safety checks before initializing an ActiveX control. It will not initialize a control if the kill bit for the control is set in the registry, or if the security settings for the zone in which the control is located do not allow it to be initialized.
This functionality can be controlled separately for instances of Internet Explorer spawned by Office applications (for example, if a user clicks a link in an Office document or selects a menu option that loads a Web page). A security risk could occur if potentially dangerous controls are allowed to load.
&lt;/VulnDiscussion&gt;&lt;FalsePositives&gt;&lt;/FalsePositives&gt;&lt;FalseNegatives&gt;&lt;/FalseNegatives&gt;&lt;Documentable&gt;false&lt;/Documentable&gt;&lt;Mitigations&gt;&lt;/Mitigations&gt;&lt;SeverityOverrideGuidance&gt;&lt;/SeverityOverrideGuidance&gt;&lt;PotentialImpacts&gt;&lt;/PotentialImpacts&gt;&lt;ThirdPartyTools&gt;&lt;/ThirdPartyTools&gt;&lt;MitigationControl&gt;&lt;/MitigationControl&gt;&lt;Responsibility&gt;System Administrator&lt;/Responsibility&gt;&lt;Responsibility&gt;Information Assurance Officer&lt;/Responsibility&gt;&lt;IAControls&gt;ECSC-1&lt;/IAControls&gt;</description><reference><dc:title>VMS Target Microsoft Project 2010</dc:title><dc:publisher>DISA FSO</dc:publisher><dc:type>VMS Target</dc:type><dc:subject>Microsoft Project 2010</dc:subject><dc:identifier>2026</dc:identifier></reference><fixtext fixref="F-29960r1_fix">Set the policy value for Computer Configuration -&gt; Administrative Templates -&gt; Microsoft Office 2010 (Machine) -&gt; Security Settings -&gt; IE Security “Bind to Object” to “Enabled” and place a check in the ‘winproj.exe’ check box.</fixtext><fix id="F-29960r1_fix" /><check system="C-34286r1_chk"><check-content-ref name="M" href="VMS_XCCDF_Benchmark_Microsoft Project 2010.xml" /><check-content>The policy value for Computer Configuration -&gt; Administrative Templates -&gt; Microsoft Office 2010 (Machine) -&gt; Security Settings -&gt; IE Security “Bind to Object” must be “Enabled” and a check in the ‘winproj.exe’ check box must be present.

Procedure: Use the Windows Registry Editor to navigate to the following key: 

HKLM\Software\Microsoft\Internet Explorer\Main\FeatureControl\FEATURE_SAFE_BINDTOOBJECT

Criteria: If the value winproj.exe is REG_DWORD = 1, this is not a finding.
</check-content></check></Rule></Group><Group id="V-17175"><title>DTOO117 - Saved from URL</title><description>&lt;GroupDescription&gt;&lt;/GroupDescription&gt;</description><Rule id="SV-33918r1_rule" severity="medium" weight="10.0"><version>DTOO117 - Project</version><title>Saved from URL mark to assure Internet zone processing must be enforced.</title><description>&lt;VulnDiscussion&gt;Typically, when Internet Explorer loads a Web page from a Universal Naming Convention (UNC) share that contains a Mark of the Web (MOTW) comment, indicating the page was saved from a site on the Internet, Internet Explorer runs the page in the Internet security zone instead of the less restrictive Local Intranet security zone. This functionality can be controlled separately for instances of Internet Explorer spawned by Office applications (for example, if a user clicks a link in an Office document or selects a menu option that loads a Web page). If Internet Explorer does not evaluate the page for a MOTW, potentially dangerous code could be allowed to run.&lt;/VulnDiscussion&gt;&lt;FalsePositives&gt;&lt;/FalsePositives&gt;&lt;FalseNegatives&gt;&lt;/FalseNegatives&gt;&lt;Documentable&gt;false&lt;/Documentable&gt;&lt;Mitigations&gt;&lt;/Mitigations&gt;&lt;SeverityOverrideGuidance&gt;&lt;/SeverityOverrideGuidance&gt;&lt;PotentialImpacts&gt;&lt;/PotentialImpacts&gt;&lt;ThirdPartyTools&gt;&lt;/ThirdPartyTools&gt;&lt;MitigationControl&gt;&lt;/MitigationControl&gt;&lt;Responsibility&gt;System Administrator&lt;/Responsibility&gt;&lt;Responsibility&gt;Information Assurance Officer&lt;/Responsibility&gt;&lt;IAControls&gt;ECSC-1&lt;/IAControls&gt;</description><reference><dc:title>VMS Target Microsoft Project 2010</dc:title><dc:publisher>DISA FSO</dc:publisher><dc:type>VMS Target</dc:type><dc:subject>Microsoft Project 2010</dc:subject><dc:identifier>2026</dc:identifier></reference><fixtext fixref="F-29991r1_fix">Set the policy value for Computer Configuration -&gt; Administrative Templates -&gt; Microsoft Office 2010 (Machine) -&gt; Security Settings -&gt; IE Security “Saved from URL” to “Enabled” and place a check in the ‘winproj.exe’ check box.</fixtext><fix id="F-29991r1_fix" /><check system="C-34343r1_chk"><check-content-ref name="M" href="VMS_XCCDF_Benchmark_Microsoft Project 2010.xml" /><check-content>The policy value for Computer Configuration -&gt; Administrative Templates -&gt; Microsoft Office 2010 (Machine) -&gt; Security Settings -&gt; IE Security “Saved from URL” must be “Enabled” and a check in the ‘winproj.exe’ check box must be present.

Procedure: Use the Windows Registry Editor to navigate to the following key: 

HKLM\Software\Microsoft\Internet Explorer\Main\FeatureControl\FEATURE_UNC_SAVEDFILECHECK

Criteria: If the value winproj.exe is REG_DWORD = 1, this is not a finding.
</check-content></check></Rule></Group><Group id="V-17183"><title>DTOO123-Block Navigation to URL from Office </title><description>&lt;GroupDescription&gt;&lt;/GroupDescription&gt;</description><Rule id="SV-33898r1_rule" severity="medium" weight="10.0"><version>DTOO123 - Project</version><title>Navigation to URL's embedded in Office products must be blocked.</title><description>&lt;VulnDiscussion&gt;To protect users from attacks, Internet Explorer usually does not attempt to load malformed URLs. This functionality can be controlled separately for instances of Internet Explorer spawned by Office applications (for example, if a user clicks a link in an Office document or selects a menu option that loads a Web page). If Internet Explorer attempts to load a malformed URL, a security risk could occur in some cases.&lt;/VulnDiscussion&gt;&lt;FalsePositives&gt;&lt;/FalsePositives&gt;&lt;FalseNegatives&gt;&lt;/FalseNegatives&gt;&lt;Documentable&gt;false&lt;/Documentable&gt;&lt;Mitigations&gt;&lt;/Mitigations&gt;&lt;SeverityOverrideGuidance&gt;&lt;/SeverityOverrideGuidance&gt;&lt;PotentialImpacts&gt;&lt;/PotentialImpacts&gt;&lt;ThirdPartyTools&gt;&lt;/ThirdPartyTools&gt;&lt;MitigationControl&gt;&lt;/MitigationControl&gt;&lt;Responsibility&gt;System Administrator&lt;/Responsibility&gt;&lt;Responsibility&gt;Information Assurance Officer&lt;/Responsibility&gt;&lt;IAControls&gt;ECSC-1&lt;/IAControls&gt;</description><reference><dc:title>VMS Target Microsoft Project 2010</dc:title><dc:publisher>DISA FSO</dc:publisher><dc:type>VMS Target</dc:type><dc:subject>Microsoft Project 2010</dc:subject><dc:identifier>2026</dc:identifier></reference><fixtext fixref="F-29969r1_fix">Set the policy value for Computer Configuration -&gt; Administrative Templates -&gt; Microsoft Office 2010 (Machine) -&gt; Security Settings -&gt; IE Security “Navigate URL” to “Enabled” and place a check in the ‘winproj.exe’ check box.</fixtext><fix id="F-29969r1_fix" /><check system="C-34315r1_chk"><check-content-ref name="M" href="VMS_XCCDF_Benchmark_Microsoft Project 2010.xml" /><check-content>The policy value for Computer Configuration -&gt; Administrative Templates -&gt; Microsoft Office 2010 (Machine) -&gt; Security Settings -&gt; IE Security “Navigate URL” must be “Enabled” and a check in the ‘winproj.exe’ check box must be present.

Procedure: Use the Windows Registry Editor to navigate to the following key: 

HKLM\Software\Microsoft\Internet Explorer\Main\FeatureControl\FEATURE_VALIDATE_NAVIGATE_URL

Criteria: If the value winproj.exe is REG_DWORD = 1, this is not a finding.
</check-content></check></Rule></Group><Group id="V-17184"><title>DTOO129 - Block Pop-Ups</title><description>&lt;GroupDescription&gt;&lt;/GroupDescription&gt;</description><Rule id="SV-33892r1_rule" severity="medium" weight="10.0"><version>DTOO129 - Project</version><title>Links that invoke instances of IE from within an Office product must be blocked.</title><description>&lt;VulnDiscussion&gt;The Pop-up Blocker feature in Internet Explorer can be used to block most unwanted pop-up and pop-under windows from appearing. This functionality can be controlled separately for instances of Internet Explorer spawned by Office applications (for example, if a user clicks a link in an Office document or selects a menu option that loads a Web page). If the Pop-up Blocker is disabled, disruptive and potentially dangerous pop-up windows could load and present a security risk.&lt;/VulnDiscussion&gt;&lt;FalsePositives&gt;&lt;/FalsePositives&gt;&lt;FalseNegatives&gt;&lt;/FalseNegatives&gt;&lt;Documentable&gt;false&lt;/Documentable&gt;&lt;Mitigations&gt;&lt;/Mitigations&gt;&lt;SeverityOverrideGuidance&gt;&lt;/SeverityOverrideGuidance&gt;&lt;PotentialImpacts&gt;&lt;/PotentialImpacts&gt;&lt;ThirdPartyTools&gt;&lt;/ThirdPartyTools&gt;&lt;MitigationControl&gt;&lt;/MitigationControl&gt;&lt;Responsibility&gt;System Administrator&lt;/Responsibility&gt;&lt;Responsibility&gt;Information Assurance Officer&lt;/Responsibility&gt;&lt;IAControls&gt;ECSC-1&lt;/IAControls&gt;</description><reference><dc:title>VMS Target Microsoft Project 2010</dc:title><dc:publisher>DISA FSO</dc:publisher><dc:type>VMS Target</dc:type><dc:subject>Microsoft Project 2010</dc:subject><dc:identifier>2026</dc:identifier></reference><fixtext fixref="F-29963r1_fix">Set the policy value for Computer Configuration -&gt; Administrative Templates -&gt; Microsoft Office 2010 (Machine) -&gt; Security Settings -&gt; IE Security “Block popups” to “Enabled” and select ‘winproj.exe'. </fixtext><fix id="F-29963r1_fix" /><check system="C-34295r1_chk"><check-content-ref name="M" href="VMS_XCCDF_Benchmark_Microsoft Project 2010.xml" /><check-content>The policy value for Computer Configuration -&gt; Administrative Templates -&gt; Microsoft Office 2010 (Machine) -&gt; Security Settings -&gt; IE Security “Block popups” must be “Enabled” and ‘winproj.exe' is checked. 

Procedure: Use the Windows Registry Editor to navigate to the following key: 

HKLM\Software\Microsoft\Internet Explorer\Main\FeatureControl\FEATURE_WEBOC_POPUPMANAGEMENT

Criteria: If the value winproj.exe is REG_DWORD = 1, this is not a finding. 
</check-content></check></Rule></Group><Group id="V-26584"><title>DTOO126 - Add-on Management</title><description>&lt;GroupDescription&gt;&lt;/GroupDescription&gt;</description><Rule id="SV-33886r2_rule" severity="medium" weight="10.0"><version>DTOO126 - Project</version><title>Add-on Management functionality must be allowed.</title><description>&lt;VulnDiscussion&gt;Internet Explorer add-ons are pieces of code, run in Internet Explorer, to provide additional functionality. Rogue add-ons may contain viruses or other malicious code. Disabling or not configuring this setting could allow malicious code or users to become active on user computers or the network. For example, a malicious user can monitor and then use keystrokes users type into Internet Explorer. Even legitimate add-ons may demand resources, compromising the performance of Internet Explorer, and the operating systems for user computers.&lt;/VulnDiscussion&gt;&lt;FalsePositives&gt;&lt;/FalsePositives&gt;&lt;FalseNegatives&gt;&lt;/FalseNegatives&gt;&lt;Documentable&gt;false&lt;/Documentable&gt;&lt;Mitigations&gt;&lt;/Mitigations&gt;&lt;SeverityOverrideGuidance&gt;&lt;/SeverityOverrideGuidance&gt;&lt;PotentialImpacts&gt;&lt;/PotentialImpacts&gt;&lt;ThirdPartyTools&gt;&lt;/ThirdPartyTools&gt;&lt;MitigationControl&gt;&lt;/MitigationControl&gt;&lt;Responsibility&gt;System Administrator&lt;/Responsibility&gt;&lt;Responsibility&gt;Information Assurance Officer&lt;/Responsibility&gt;&lt;IAControls&gt;ECSC-1&lt;/IAControls&gt;</description><reference><dc:title>VMS Target Microsoft Project 2010</dc:title><dc:publisher>DISA FSO</dc:publisher><dc:type>VMS Target</dc:type><dc:subject>Microsoft Project 2010</dc:subject><dc:identifier>2026</dc:identifier></reference><fixtext fixref="F-29957r3_fix">Set the policy value for Computer Configuration -&gt; Administrative Templates -&gt; Microsoft Office 2010 (Machine) -&gt; Security Settings -&gt; IE Security “Add-on Management” to “Enabled” and  'winproj.exe' is checked. </fixtext><fix id="F-29957r3_fix" /><check system="C-34276r3_chk"><check-content-ref name="M" href="VMS_XCCDF_Benchmark_Microsoft Project 2010.xml" /><check-content>The policy value for Computer Configuration -&gt; Administrative Templates -&gt; Microsoft Office 2010 (Machine) -&gt; Security Settings -&gt; IE Security “Add-on Management” must be set to “Enabled” and  'winproj.exe' is checked. 

Procedure: Use the Windows Registry Editor to navigate to the following key: 

HKLM\Software\Microsoft\Internet Explorer\Main\FeatureControl\FEATURE_ADDON_MANAGEMENT

Criteria: If the value winproj.exe is REG_DWORD = 1, this is not a finding. </check-content></check></Rule></Group><Group id="V-26585"><title>DTOO209 - Zone Elevation Protection</title><description>&lt;GroupDescription&gt;&lt;/GroupDescription&gt;</description><Rule id="SV-33903r1_rule" severity="medium" weight="10.0"><version>DTOO209 - Project</version><title>Protection from zone elevation must be enforced.
</title><description>&lt;VulnDiscussion&gt;Internet Explorer places restrictions on each web page users can use the browser to open. Web pages on a user's local computer have the fewest security restrictions and reside in the Local Machine zone, making this security zone a prime target for malicious users and code. Disabling or not configuring this setting could allow pages in the Internet zone to navigate to pages in the Local Machine zone to then run code to elevate privileges. This could allow malicious code or users to become active on user computers or the network. &lt;/VulnDiscussion&gt;&lt;FalsePositives&gt;&lt;/FalsePositives&gt;&lt;FalseNegatives&gt;&lt;/FalseNegatives&gt;&lt;Documentable&gt;false&lt;/Documentable&gt;&lt;Mitigations&gt;&lt;/Mitigations&gt;&lt;SeverityOverrideGuidance&gt;&lt;/SeverityOverrideGuidance&gt;&lt;PotentialImpacts&gt;&lt;/PotentialImpacts&gt;&lt;ThirdPartyTools&gt;&lt;/ThirdPartyTools&gt;&lt;MitigationControl&gt;&lt;/MitigationControl&gt;&lt;Responsibility&gt;System Administrator&lt;/Responsibility&gt;&lt;Responsibility&gt;Information Assurance Officer&lt;/Responsibility&gt;&lt;IAControls&gt;ECSC-1&lt;/IAControls&gt;</description><reference><dc:title>VMS Target Microsoft Project 2010</dc:title><dc:publisher>DISA FSO</dc:publisher><dc:type>VMS Target</dc:type><dc:subject>Microsoft Project 2010</dc:subject><dc:identifier>2026</dc:identifier></reference><fixtext fixref="F-29974r1_fix">Set the policy value for Computer Configuration -&gt; Administrative Templates -&gt; Microsoft Office 2010 (Machine) -&gt; Security Settings -&gt; IE Security “Protection From Zone Elevation” to “Enabled” and 'winproj.exe' is checked. 
</fixtext><fix id="F-29974r1_fix" /><check system="C-34333r1_chk"><check-content-ref name="M" href="VMS_XCCDF_Benchmark_Microsoft Project 2010.xml" /><check-content>The policy value for Computer Configuration -&gt; Administrative Templates -&gt; Microsoft Office 2010 (Machine) -&gt; Security Settings -&gt; IE Security “Protection From Zone Elevation” must be set to “Enabled” and 'winproj.exe' is checked. 

Procedure: Use the Windows Registry Editor to navigate to the following key: 

HKLM\Software\Microsoft\Internet Explorer\Main\FeatureControl\FEATURE_ZONE_ELEVATION

Criteria: If the value winproj.exe is REG_DWORD = 1, this is not a finding.
</check-content></check></Rule></Group><Group id="V-26586"><title>DTOO211 - Restrict ActiveX Install</title><description>&lt;GroupDescription&gt;&lt;/GroupDescription&gt;</description><Rule id="SV-33907r1_rule" severity="medium" weight="10.0"><version>DTOO211 - Project</version><title>ActiveX Installs must be configured for proper restriction.</title><description>&lt;VulnDiscussion&gt;Microsoft ActiveX controls allow unmanaged, unprotected code to run on the user computers. ActiveX controls do not run within a protected container in the browser like the other types of HTML or Microsoft Silverlight-based controls. Disabling or not configuring this setting does not block prompts for ActiveX control installations and these prompts display to users. This could allow malicious code to become active on user computers or the network. &lt;/VulnDiscussion&gt;&lt;FalsePositives&gt;&lt;/FalsePositives&gt;&lt;FalseNegatives&gt;&lt;/FalseNegatives&gt;&lt;Documentable&gt;false&lt;/Documentable&gt;&lt;Mitigations&gt;&lt;/Mitigations&gt;&lt;SeverityOverrideGuidance&gt;&lt;/SeverityOverrideGuidance&gt;&lt;PotentialImpacts&gt;&lt;/PotentialImpacts&gt;&lt;ThirdPartyTools&gt;&lt;/ThirdPartyTools&gt;&lt;MitigationControl&gt;&lt;/MitigationControl&gt;&lt;Responsibility&gt;System Administrator&lt;/Responsibility&gt;&lt;Responsibility&gt;Information Assurance Officer&lt;/Responsibility&gt;&lt;IAControls&gt;ECSC-1&lt;/IAControls&gt;</description><reference><dc:title>VMS Target Microsoft Project 2010</dc:title><dc:publisher>DISA FSO</dc:publisher><dc:type>VMS Target</dc:type><dc:subject>Microsoft Project 2010</dc:subject><dc:identifier>2026</dc:identifier></reference><fixtext fixref="F-29983r1_fix">Set the policy value for Computer Configuration -&gt; Administrative Templates -&gt; Microsoft Office 2010 (Machine) -&gt; Security Settings -&gt; IE Security “Restrict ActiveX Install” to “Enabled” and 'winproj.exe' is checked.</fixtext><fix id="F-29983r1_fix" /><check system="C-34336r1_chk"><check-content-ref name="M" href="VMS_XCCDF_Benchmark_Microsoft Project 2010.xml" /><check-content>The policy value for Computer Configuration -&gt; Administrative Templates -&gt; Microsoft Office 2010 (Machine) -&gt; Security Settings -&gt; IE Security “Restrict ActiveX Install” must be set to “Enabled” and 'winproj.exe' is checked.

Procedure: Use the Windows Registry Editor to navigate to the following key: 

HKLM\Software\Microsoft\Internet Explorer\Main\FeatureControl\FEATURE_RESTRICT_ACTIVEXINSTALL

Criteria: If the value winproj.exe is REG_DWORD = 1, this is not a finding.
</check-content></check></Rule></Group><Group id="V-26587"><title>DTOO132 - Restrict File Download</title><description>&lt;GroupDescription&gt;&lt;/GroupDescription&gt;</description><Rule id="SV-33915r1_rule" severity="medium" weight="10.0"><version>DTOO132 - Project</version><title>File Downloads must be configured for proper restrictions.</title><description>&lt;VulnDiscussion&gt;Disabling this setting allows websites to present file download prompts via code without the user specifically initiating the download.  User preferences may also allow the download to occur without prompting or interacting with the user.  Even if Internet Explorer prompts the user to accept the download, some websites abuse this functionality.  Malicious websites may continually prompt users to download a file or present confusing dialog boxes to trick users into downloading or running a file.  If the download occurs and it contains malicious code, the code could become active on user computers or the network.  &lt;/VulnDiscussion&gt;&lt;FalsePositives&gt;&lt;/FalsePositives&gt;&lt;FalseNegatives&gt;&lt;/FalseNegatives&gt;&lt;Documentable&gt;false&lt;/Documentable&gt;&lt;Mitigations&gt;&lt;/Mitigations&gt;&lt;SeverityOverrideGuidance&gt;&lt;/SeverityOverrideGuidance&gt;&lt;PotentialImpacts&gt;&lt;/PotentialImpacts&gt;&lt;ThirdPartyTools&gt;&lt;/ThirdPartyTools&gt;&lt;MitigationControl&gt;&lt;/MitigationControl&gt;&lt;Responsibility&gt;System Administrator&lt;/Responsibility&gt;&lt;Responsibility&gt;Information Assurance Officer&lt;/Responsibility&gt;&lt;IAControls&gt;ECSC-1&lt;/IAControls&gt;</description><reference><dc:title>VMS Target Microsoft Project 2010</dc:title><dc:publisher>DISA FSO</dc:publisher><dc:type>VMS Target</dc:type><dc:subject>Microsoft Project 2010</dc:subject><dc:identifier>2026</dc:identifier></reference><fixtext fixref="F-29988r1_fix">Set the policy value for Computer Configuration -&gt; Administrative Templates -&gt; Microsoft Office 2010 (Machine) -&gt; Security Settings -&gt; IE Security “Restrict File Download” to “Enabled” and 'winproj.exe' is checked. 

</fixtext><fix id="F-29988r1_fix" /><check system="C-34340r1_chk"><check-content-ref name="M" href="VMS_XCCDF_Benchmark_Microsoft Project 2010.xml" /><check-content>The policy value for Computer Configuration -&gt; Administrative Templates -&gt; Microsoft Office 2010 (Machine) -&gt; Security Settings -&gt; IE Security “Restrict File Download” must be set to “Enabled” and 'winproj.exe' is checked. 

Procedure: Use the Windows Registry Editor to navigate to the following key: 

HKLM\Software\Microsoft\Internet Explorer\Main\FeatureControl\FEATURE_RESTRICT_FILEDOWNLOAD

Criteria: If the value winproj.exe is REG_DWORD = 1, this is not a finding.</check-content></check></Rule></Group><Group id="V-26588"><title>DTOO124 - Scripted Window Security</title><description>&lt;GroupDescription&gt;&lt;/GroupDescription&gt;</description><Rule id="SV-33921r1_rule" severity="medium" weight="10.0"><version>DTOO124 - Project</version><title>Scripted Window Security must be enforced.</title><description>&lt;VulnDiscussion&gt;Malicious websites often try to confuse or trick users into giving a site permission to perform an action allowing the site to take control of the users' computers in some manner. Disabling or not configuring this setting allows unknown websites to:
-Create browser windows appearing to be from the local operating system.
-Draw active windows displaying outside of the viewable areas of the screen capturing keyboard input.
-Overlay parent windows with their own browser windows to hide important system information, choices or prompts.
&lt;/VulnDiscussion&gt;&lt;FalsePositives&gt;&lt;/FalsePositives&gt;&lt;FalseNegatives&gt;&lt;/FalseNegatives&gt;&lt;Documentable&gt;false&lt;/Documentable&gt;&lt;Mitigations&gt;&lt;/Mitigations&gt;&lt;SeverityOverrideGuidance&gt;&lt;/SeverityOverrideGuidance&gt;&lt;PotentialImpacts&gt;&lt;/PotentialImpacts&gt;&lt;ThirdPartyTools&gt;&lt;/ThirdPartyTools&gt;&lt;MitigationControl&gt;&lt;/MitigationControl&gt;&lt;Responsibility&gt;System Administrator&lt;/Responsibility&gt;&lt;Responsibility&gt;Information Assurance Officer&lt;/Responsibility&gt;&lt;IAControls&gt;ECSC-1&lt;/IAControls&gt;</description><reference><dc:title>VMS Target Microsoft Project 2010</dc:title><dc:publisher>DISA FSO</dc:publisher><dc:type>VMS Target</dc:type><dc:subject>Microsoft Project 2010</dc:subject><dc:identifier>2026</dc:identifier></reference><fixtext fixref="F-29994r1_fix">Set the policy value for Computer Configuration -&gt; Administrative Templates -&gt; Microsoft Office 2010 (Machine) -&gt; Security Settings -&gt; IE Security “Scripted Window Security Restrictions” to “Enabled” and ‘winproj.exe’ is checked. 
</fixtext><fix id="F-29994r1_fix" /><check system="C-34346r1_chk"><check-content-ref name="M" href="VMS_XCCDF_Benchmark_Microsoft Project 2010.xml" /><check-content>The policy value for Computer Configuration -&gt; Administrative Templates -&gt; Microsoft Office 2010 (Machine) -&gt; Security Settings -&gt; IE Security “Scripted Window Security Restrictions” must be set to “Enabled” and ‘winproj.exe’ is checked. 

Procedure: Use the Windows Registry Editor to navigate to the following key: 

HKLM\Software\Microsoft\Internet Explorer\Main\FeatureControl\FEATURE_WINDOW_RESTRICTIONS

Criteria: If the value winproj.exe is REG_DWORD = 1, this is not a finding.
</check-content></check></Rule></Group><Group id="V-26590"><title>DTOO128 - Data Execution Prevention</title><description>&lt;GroupDescription&gt;&lt;/GroupDescription&gt;</description><Rule id="SV-33925r1_rule" severity="medium" weight="10.0"><version>DTOO128 - Project</version><title>Data Execution Prevention must be enforced.</title><description>&lt;VulnDiscussion&gt;Data Execution Prevention (DEP) is a set of hardware and software technologies performing additional checks on memory to help prevent malicious code from running on a system. The primary benefit of DEP is to help prevent code execution from data pages. Enabling this setting, turns off Data Execution Prevention. As a result, malicious code takes advantage of code injection or buffer overflow vulnerabilities possibly exploiting the computer.&lt;/VulnDiscussion&gt;&lt;FalsePositives&gt;&lt;/FalsePositives&gt;&lt;FalseNegatives&gt;&lt;/FalseNegatives&gt;&lt;Documentable&gt;false&lt;/Documentable&gt;&lt;Mitigations&gt;&lt;/Mitigations&gt;&lt;SeverityOverrideGuidance&gt;&lt;/SeverityOverrideGuidance&gt;&lt;PotentialImpacts&gt;&lt;/PotentialImpacts&gt;&lt;ThirdPartyTools&gt;&lt;/ThirdPartyTools&gt;&lt;MitigationControl&gt;&lt;/MitigationControl&gt;&lt;Responsibility&gt;System Administrator&lt;/Responsibility&gt;&lt;Responsibility&gt;Information Assurance Officer&lt;/Responsibility&gt;&lt;IAControls&gt;ECSC-1&lt;/IAControls&gt;</description><reference><dc:title>VMS Target Microsoft Project 2010</dc:title><dc:publisher>DISA FSO</dc:publisher><dc:type>VMS Target</dc:type><dc:subject>Microsoft Project 2010</dc:subject><dc:identifier>2026</dc:identifier></reference><fixtext fixref="F-29999r1_fix">Set the policy value for User Configuration -&gt; Administrative Templates -&gt; Microsoft Project 2010 -&gt; Security -&gt; Trust Center “Turn off Data Execution Prevention” to “Disabled”. 
</fixtext><fix id="F-29999r1_fix" /><check system="C-34366r1_chk"><check-content-ref name="M" href="VMS_XCCDF_Benchmark_Microsoft Project 2010.xml" /><check-content>The policy value for User Configuration -&gt; Administrative Templates -&gt; Microsoft Project 2010 -&gt; Security -&gt; Trust Center “Turn off Data Execution Prevention” must be set to “Disabled”. 

Procedure: Use the Windows Registry Editor to navigate to the following key: 

HKCU\Software\Policies\Microsoft\Office\14.0\ms project\security

Criteria: If the value EnableDEP is REG_DWORD = 1, this is not a finding. 
</check-content></check></Rule></Group><Group id="V-26691"><title>DTOO346 - Untrusted intranet zone access </title><description>&lt;GroupDescription&gt;&lt;/GroupDescription&gt;</description><Rule id="SV-34091r1_rule" severity="medium" weight="10.0"><version>DTOO346 - Project</version><title>Untrusted intranet zone access to Project servers must not be allowed.</title><description>&lt;VulnDiscussion&gt;Enabling this setting allows users to access Project Server websites and workspaces outside of the trusted Internet zone.  As a result, malicious code could become active on user computers or the network to gain access to sensitive data.  In this situation, the site could attempt to capture personal information, like passwords and user names.  &lt;/VulnDiscussion&gt;&lt;FalsePositives&gt;&lt;/FalsePositives&gt;&lt;FalseNegatives&gt;&lt;/FalseNegatives&gt;&lt;Documentable&gt;false&lt;/Documentable&gt;&lt;Mitigations&gt;&lt;/Mitigations&gt;&lt;SeverityOverrideGuidance&gt;&lt;/SeverityOverrideGuidance&gt;&lt;PotentialImpacts&gt;&lt;/PotentialImpacts&gt;&lt;ThirdPartyTools&gt;&lt;/ThirdPartyTools&gt;&lt;MitigationControl&gt;&lt;/MitigationControl&gt;&lt;Responsibility&gt;System Administrator&lt;/Responsibility&gt;&lt;Responsibility&gt;Information Assurance Officer&lt;/Responsibility&gt;&lt;IAControls&gt;ECSC-1&lt;/IAControls&gt;</description><reference><dc:title>VMS Target Microsoft Project 2010</dc:title><dc:publisher>DISA FSO</dc:publisher><dc:type>VMS Target</dc:type><dc:subject>Microsoft Project 2010</dc:subject><dc:identifier>2026</dc:identifier></reference><fixtext fixref="F-29998r1_fix">Set the policy value for User Configuration -&gt; Administrative Templates -&gt; Microsoft Project 2010 -&gt; Project Options -&gt; Security “Enable untrusted intranet zone access to Project server” to “Disabled”. 
</fixtext><fix id="F-29998r1_fix" /><check system="C-34359r1_chk"><check-content-ref name="M" href="VMS_XCCDF_Benchmark_Microsoft Project 2010.xml" /><check-content>The policy value for User Configuration -&gt; Administrative Templates -&gt; Microsoft Project 2010 -&gt; Project Options -&gt; Security “Enable untrusted intranet zone access to Project server” must be set to “Disabled”. 

Procedure: Use the Windows Registry Editor to navigate to the following key: 

HKCU\Software\Policies\Microsoft\Office\14.0\ms project\security

Criteria: If the value TrustWSS is REG_DWORD = 0, this is not a finding.
</check-content></check></Rule></Group></Benchmark>