<?xml version="1.0" encoding="utf-8"?><?xml-stylesheet type='text/xsl' href='STIG_unclass.xsl'?><Benchmark xmlns:dsig="http://www.w3.org/2000/09/xmldsig#" xmlns:xsi="http://www.w3.org/2001/XMLSchema-instance" xmlns:cpe="http://cpe.mitre.org/language/2.0" xmlns:xhtml="http://www.w3.org/1999/xhtml" xmlns:dc="http://purl.org/dc/elements/1.1/" id="BEMS_2-x_STIG" xml:lang="en" xsi:schemaLocation="http://checklists.nist.gov/xccdf/1.1 http://nvd.nist.gov/schema/xccdf-1.1.4.xsd http://cpe.mitre.org/dictionary/2.0 http://cpe.mitre.org/files/cpe-dictionary_2.1.xsd" xmlns="http://checklists.nist.gov/xccdf/1.1"><status date="2017-12-11">accepted</status><title>BlackBerry Enterprise Mobility Server 2.x Security Technical Implementation Guide</title><description>This Security Technical Implementation Guide is published as a tool to improve the security of Department of Defense (DoD) information systems. The requirements are derived from the National Institute of Standards and Technology (NIST) 800-53 and related documents. Comments or proposed revisions to this document should be sent via email to the following address: disa.stig_spt@mail.mil.</description><notice id="terms-of-use" xml:lang="en"></notice><reference href="http://iase.disa.mil"><dc:publisher>DISA</dc:publisher><dc:source>STIG.DOD.MIL</dc:source></reference><plain-text id="release-info">Release: 1 Benchmark Date: 11 Dec 2017</plain-text><version>1</version><Profile id="MAC-1_Classified"><title>I - Mission Critical Classified</title><description>&lt;ProfileDescription&gt;&lt;/ProfileDescription&gt;</description><select idref="V-79003" selected="true" /><select idref="V-79005" selected="true" /><select idref="V-79007" selected="true" /><select idref="V-79009" selected="true" /><select idref="V-79011" selected="true" /><select idref="V-79013" selected="true" /><select idref="V-79015" selected="true" /><select idref="V-79017" selected="true" /><select idref="V-79019" selected="true" /><select idref="V-79021" selected="true" /><select idref="V-79023" selected="true" /><select idref="V-79025" selected="true" /><select idref="V-79027" selected="true" /><select idref="V-79029" selected="true" /><select idref="V-79031" selected="true" /><select idref="V-79033" selected="true" /><select idref="V-79035" selected="true" /><select idref="V-79037" selected="true" /><select idref="V-79039" selected="true" /><select idref="V-79041" selected="true" /><select idref="V-79043" selected="true" /><select idref="V-79045" selected="true" /><select idref="V-79047" selected="true" /></Profile><Profile id="MAC-1_Public"><title>I - Mission Critical Public</title><description>&lt;ProfileDescription&gt;&lt;/ProfileDescription&gt;</description><select idref="V-79003" selected="true" /><select idref="V-79005" selected="true" /><select idref="V-79007" selected="true" /><select idref="V-79009" selected="true" /><select idref="V-79011" selected="true" /><select idref="V-79013" selected="true" /><select idref="V-79015" selected="true" /><select idref="V-79017" selected="true" /><select idref="V-79019" selected="true" /><select idref="V-79021" selected="true" /><select idref="V-79023" selected="true" /><select idref="V-79025" selected="true" /><select idref="V-79027" selected="true" /><select idref="V-79029" selected="true" /><select idref="V-79031" selected="true" /><select idref="V-79033" selected="true" /><select idref="V-79035" selected="true" /><select idref="V-79037" selected="true" /><select idref="V-79039" selected="true" /><select idref="V-79041" selected="true" /><select idref="V-79043" selected="true" /><select idref="V-79045" selected="true" /><select idref="V-79047" selected="true" /></Profile><Profile id="MAC-1_Sensitive"><title>I - Mission Critical Sensitive</title><description>&lt;ProfileDescription&gt;&lt;/ProfileDescription&gt;</description><select idref="V-79003" selected="true" /><select idref="V-79005" selected="true" /><select idref="V-79007" selected="true" /><select idref="V-79009" selected="true" /><select idref="V-79011" selected="true" /><select idref="V-79013" selected="true" /><select idref="V-79015" selected="true" /><select idref="V-79017" selected="true" /><select idref="V-79019" selected="true" /><select idref="V-79021" selected="true" /><select idref="V-79023" selected="true" /><select idref="V-79025" selected="true" /><select idref="V-79027" selected="true" /><select idref="V-79029" selected="true" /><select idref="V-79031" selected="true" /><select idref="V-79033" selected="true" /><select idref="V-79035" selected="true" /><select idref="V-79037" selected="true" /><select idref="V-79039" selected="true" /><select idref="V-79041" selected="true" /><select idref="V-79043" selected="true" /><select idref="V-79045" selected="true" /><select idref="V-79047" selected="true" /></Profile><Profile id="MAC-2_Classified"><title>II - Mission Support Classified</title><description>&lt;ProfileDescription&gt;&lt;/ProfileDescription&gt;</description><select idref="V-79003" selected="true" /><select idref="V-79005" selected="true" /><select idref="V-79007" selected="true" /><select idref="V-79009" selected="true" /><select idref="V-79011" selected="true" /><select idref="V-79013" selected="true" /><select idref="V-79015" selected="true" /><select idref="V-79017" selected="true" /><select idref="V-79019" selected="true" /><select idref="V-79021" selected="true" /><select idref="V-79023" selected="true" /><select idref="V-79025" selected="true" /><select idref="V-79027" selected="true" /><select idref="V-79029" selected="true" /><select idref="V-79031" selected="true" /><select idref="V-79033" selected="true" /><select idref="V-79035" selected="true" /><select idref="V-79037" selected="true" /><select idref="V-79039" selected="true" /><select idref="V-79041" selected="true" /><select idref="V-79043" selected="true" /><select idref="V-79045" selected="true" /><select idref="V-79047" selected="true" /></Profile><Profile id="MAC-2_Public"><title>II - Mission Support Public</title><description>&lt;ProfileDescription&gt;&lt;/ProfileDescription&gt;</description><select idref="V-79003" selected="true" /><select idref="V-79005" selected="true" /><select idref="V-79007" selected="true" /><select idref="V-79009" selected="true" /><select idref="V-79011" selected="true" /><select idref="V-79013" selected="true" /><select idref="V-79015" selected="true" /><select idref="V-79017" selected="true" /><select idref="V-79019" selected="true" /><select idref="V-79021" selected="true" /><select idref="V-79023" selected="true" /><select idref="V-79025" selected="true" /><select idref="V-79027" selected="true" /><select idref="V-79029" selected="true" /><select idref="V-79031" selected="true" /><select idref="V-79033" selected="true" /><select idref="V-79035" selected="true" /><select idref="V-79037" selected="true" /><select idref="V-79039" selected="true" /><select idref="V-79041" selected="true" /><select idref="V-79043" selected="true" /><select idref="V-79045" selected="true" /><select idref="V-79047" selected="true" /></Profile><Profile id="MAC-2_Sensitive"><title>II - Mission Support Sensitive</title><description>&lt;ProfileDescription&gt;&lt;/ProfileDescription&gt;</description><select idref="V-79003" selected="true" /><select idref="V-79005" selected="true" /><select idref="V-79007" selected="true" /><select idref="V-79009" selected="true" /><select idref="V-79011" selected="true" /><select idref="V-79013" selected="true" /><select idref="V-79015" selected="true" /><select idref="V-79017" selected="true" /><select idref="V-79019" selected="true" /><select idref="V-79021" selected="true" /><select idref="V-79023" selected="true" /><select idref="V-79025" selected="true" /><select idref="V-79027" selected="true" /><select idref="V-79029" selected="true" /><select idref="V-79031" selected="true" /><select idref="V-79033" selected="true" /><select idref="V-79035" selected="true" /><select idref="V-79037" selected="true" /><select idref="V-79039" selected="true" /><select idref="V-79041" selected="true" /><select idref="V-79043" selected="true" /><select idref="V-79045" selected="true" /><select idref="V-79047" selected="true" /></Profile><Profile id="MAC-3_Classified"><title>III - Administrative Classified</title><description>&lt;ProfileDescription&gt;&lt;/ProfileDescription&gt;</description><select idref="V-79003" selected="true" /><select idref="V-79005" selected="true" /><select idref="V-79007" selected="true" /><select idref="V-79009" selected="true" /><select idref="V-79011" selected="true" /><select idref="V-79013" selected="true" /><select idref="V-79015" selected="true" /><select idref="V-79017" selected="true" /><select idref="V-79019" selected="true" /><select idref="V-79021" selected="true" /><select idref="V-79023" selected="true" /><select idref="V-79025" selected="true" /><select idref="V-79027" selected="true" /><select idref="V-79029" selected="true" /><select idref="V-79031" selected="true" /><select idref="V-79033" selected="true" /><select idref="V-79035" selected="true" /><select idref="V-79037" selected="true" /><select idref="V-79039" selected="true" /><select idref="V-79041" selected="true" /><select idref="V-79043" selected="true" /><select idref="V-79045" selected="true" /><select idref="V-79047" selected="true" /></Profile><Profile id="MAC-3_Public"><title>III - Administrative Public</title><description>&lt;ProfileDescription&gt;&lt;/ProfileDescription&gt;</description><select idref="V-79003" selected="true" /><select idref="V-79005" selected="true" /><select idref="V-79007" selected="true" /><select idref="V-79009" selected="true" /><select idref="V-79011" selected="true" /><select idref="V-79013" selected="true" /><select idref="V-79015" selected="true" /><select idref="V-79017" selected="true" /><select idref="V-79019" selected="true" /><select idref="V-79021" selected="true" /><select idref="V-79023" selected="true" /><select idref="V-79025" selected="true" /><select idref="V-79027" selected="true" /><select idref="V-79029" selected="true" /><select idref="V-79031" selected="true" /><select idref="V-79033" selected="true" /><select idref="V-79035" selected="true" /><select idref="V-79037" selected="true" /><select idref="V-79039" selected="true" /><select idref="V-79041" selected="true" /><select idref="V-79043" selected="true" /><select idref="V-79045" selected="true" /><select idref="V-79047" selected="true" /></Profile><Profile id="MAC-3_Sensitive"><title>III - Administrative Sensitive</title><description>&lt;ProfileDescription&gt;&lt;/ProfileDescription&gt;</description><select idref="V-79003" selected="true" /><select idref="V-79005" selected="true" /><select idref="V-79007" selected="true" /><select idref="V-79009" selected="true" /><select idref="V-79011" selected="true" /><select idref="V-79013" selected="true" /><select idref="V-79015" selected="true" /><select idref="V-79017" selected="true" /><select idref="V-79019" selected="true" /><select idref="V-79021" selected="true" /><select idref="V-79023" selected="true" /><select idref="V-79025" selected="true" /><select idref="V-79027" selected="true" /><select idref="V-79029" selected="true" /><select idref="V-79031" selected="true" /><select idref="V-79033" selected="true" /><select idref="V-79035" selected="true" /><select idref="V-79037" selected="true" /><select idref="V-79039" selected="true" /><select idref="V-79041" selected="true" /><select idref="V-79043" selected="true" /><select idref="V-79045" selected="true" /><select idref="V-79047" selected="true" /></Profile><Group id="V-79003"><title>SRG-APP-000118-AS-000078</title><description>&lt;GroupDescription&gt;&lt;/GroupDescription&gt;</description><Rule id="SV-93709r1_rule" severity="medium" weight="10.0"><version>BEMS-00-002600</version><title>The BlackBerry Enterprise Mobility Server (BEMS) must protect log information from any type of unauthorized read access.</title><description>&lt;VulnDiscussion&gt;If log data were to become compromised, then competent forensic analysis and discovery of the true source of potentially malicious system activity is difficult, if not impossible, to achieve. In addition, access to log records provides information an attacker could potentially use to his or her advantage.

Application servers contain admin interfaces that allow reading and manipulation of log records. Therefore, these interfaces should not allow unfettered access to those records. Application servers also write log data to log files which are stored on the OS, so appropriate file permissions must also be used to restrict access.

Log information includes all information (e.g., log records, log settings, transaction logs, and log reports) needed to successfully log information system activity. Application servers must protect log information from unauthorized read access.&lt;/VulnDiscussion&gt;&lt;FalsePositives&gt;&lt;/FalsePositives&gt;&lt;FalseNegatives&gt;&lt;/FalseNegatives&gt;&lt;Documentable&gt;false&lt;/Documentable&gt;&lt;Mitigations&gt;&lt;/Mitigations&gt;&lt;SeverityOverrideGuidance&gt;&lt;/SeverityOverrideGuidance&gt;&lt;PotentialImpacts&gt;&lt;/PotentialImpacts&gt;&lt;ThirdPartyTools&gt;&lt;/ThirdPartyTools&gt;&lt;MitigationControl&gt;&lt;/MitigationControl&gt;&lt;Responsibility&gt;&lt;/Responsibility&gt;&lt;IAControls&gt;&lt;/IAControls&gt;</description><reference><dc:title>DPMS Target BEMS 2.x</dc:title><dc:publisher>DISA</dc:publisher><dc:type>DPMS Target</dc:type><dc:subject>BEMS 2.x</dc:subject><dc:identifier>3259</dc:identifier></reference><ident system="http://iase.disa.mil/cci">CCI-000162</ident><fixtext fixref="F-85753r1_fix">Configure BEMS to have at least one user in the following Administrator roles: Server primary administrator, auditor.

1. In the BEMS Dashboard, under "BEMS System Settings", click "BEMS Configuration".
2. Click "Dashboard Administrators".
3. Click "Add Group".
4. In the "Active Directory Security Group" field, type the name of the Microsoft Active Directory security group.
5. Click "Save".
6. Repeat steps 3 to 5 to add additional security groups.
7. For the server primary administrator, the default role of Admin meets the required roles and no additional configuration is needed.
8. For the Auditor role, complete the following steps:
  - In active directory, create a domain auditor group and assign personnel designated as auditors to that group.
  - Browse to the log repository.
  - Right-click on the folder.
  - Select "Properties".
  - Select the "Security" tab.
  - Click "Edit".
  - Click "Add".
  - Type in name of the user group.
  - Confirm that only the necessary groups have rights to the folder (CREATOR OWNER, SYSTEM, Administrators, Auditors).
  - Set proper permissions for auditors (Read, List folder contents, Read &amp; Execute).</fixtext><fix id="F-85753r1_fix" /><check system="C-78591r1_chk"><check-content-ref name="M" href="DPMS_XCCDF_Benchmark_BEMS_2-x_STIG.xml" /><check-content>Verify BEMS has been configured with the following administrator groups/roles, each group/role has required permissions, and at least one user has been assigned to each Administrator group/role: Server primary administrator, auditor.

Procedure for Server Primary Administrator:
1. In the BEMS Dashboard, under "BEMS System Settings", click "BEMS Configuration".
2. Click "Dashboard Administrators".
3. Confirm the Administrator role for the primary server administrator has been assigned the dashboard role of Admin.
4. Verify in AD at least one member has been assigned to the BEMS administrator group. (Note: Actual group name may be different.)

Procedure for Auditor:
1. Verify in AD an auditor group has been set up with at least one member.
2. Browse to the log repository.
3. Right-click on the folder.
4. Select "Properties".
5. Select the "Security" tab.
6. Confirm the auditor security group is listed.

If required administrator roles have not been set up on BEMS and at least one user has not been assigned to each role, this is a finding.</check-content></check></Rule></Group><Group id="V-79005"><title>SRG-APP-000119-AS-000079</title><description>&lt;GroupDescription&gt;&lt;/GroupDescription&gt;</description><Rule id="SV-93711r1_rule" severity="medium" weight="10.0"><version>BEMS-00-002700</version><title>The BlackBerry Enterprise Mobility Server (BEMS) must protect log information from unauthorized modification.</title><description>&lt;VulnDiscussion&gt;If log data were to become compromised, then competent forensic analysis and discovery of the true source of potentially malicious system activity is difficult, if not impossible, to achieve. In addition, access to log records provides information an attacker could potentially use to his or her advantage.

Application servers contain admin interfaces that allow reading and manipulation of log records. Therefore, these interfaces should not allow unfettered access to those records.  Application servers also write log data to log files which are stored on the OS, so appropriate file permissions must also be used to restrict access.

Log information includes all information (e.g., log records, log settings, transaction logs and log reports) needed to successfully log information system activity. Application servers must protect log information from unauthorized modification.&lt;/VulnDiscussion&gt;&lt;FalsePositives&gt;&lt;/FalsePositives&gt;&lt;FalseNegatives&gt;&lt;/FalseNegatives&gt;&lt;Documentable&gt;false&lt;/Documentable&gt;&lt;Mitigations&gt;&lt;/Mitigations&gt;&lt;SeverityOverrideGuidance&gt;&lt;/SeverityOverrideGuidance&gt;&lt;PotentialImpacts&gt;&lt;/PotentialImpacts&gt;&lt;ThirdPartyTools&gt;&lt;/ThirdPartyTools&gt;&lt;MitigationControl&gt;&lt;/MitigationControl&gt;&lt;Responsibility&gt;&lt;/Responsibility&gt;&lt;IAControls&gt;&lt;/IAControls&gt;</description><reference><dc:title>DPMS Target BEMS 2.x</dc:title><dc:publisher>DISA</dc:publisher><dc:type>DPMS Target</dc:type><dc:subject>BEMS 2.x</dc:subject><dc:identifier>3259</dc:identifier></reference><ident system="http://iase.disa.mil/cci">CCI-000163</ident><fixtext fixref="F-85755r1_fix">Configure BEMS to have at least one user in the following Administrator roles: Server primary administrator, auditor.

1. In the BEMS Dashboard, under "BEMS System Settings", click "BEMS Configuration".
2. Click "Dashboard Administrators".
3. Click "Add Group".
4. In the "Active Directory Security Group" field, type the name of the Microsoft Active Directory security group.
5. Click "Save".
6. Repeat steps 3 to 5 to add additional security groups.
7. For the server primary administrator, the default role of Admin meets the required roles and no additional configuration is needed.
8. For the Auditor role, complete the following steps:
  - In active directory, create a domain auditor group and assign personnel designated as auditors to that group.
  - Browse to the log repository.
  - Right-click on the folder.
  - Select "Properties".
  - Select the "Security" tab.
  - Click "Edit".
  - Click "Add".
  - Type in name of the user group.
  - Confirm that only the necessary groups have rights to the folder (CREATOR OWNER, SYSTEM, Administrators, Auditors).
  - Set proper permissions for auditors (Read, List folder contents, Read &amp; Execute).</fixtext><fix id="F-85755r1_fix" /><check system="C-78593r1_chk"><check-content-ref name="M" href="DPMS_XCCDF_Benchmark_BEMS_2-x_STIG.xml" /><check-content>Verify BEMS has been configured with the following administrator groups/roles, each group/role has required permissions, and at least one user has been assigned to each Administrator group/role: Server primary administrator, auditor.

Procedure for Server Primary Administrator:
1. In the BEMS Dashboard, under "BEMS System Settings", click "BEMS Configuration".
2. Click "Dashboard Administrators".
3. Confirm the Administrator role for the primary server administrator has been assigned the dashboard role of Admin.
4. Verify in AD at least one member has been assigned to the BEMS administrator group. (Note: Actual group name may be different.)

Procedure for Auditor:
1. Verify in AD an auditor group has been set up with at least one member.
2. Browse to the log repository.
3. Right-click on the folder.
4. Select "Properties".
5. Select the "Security" tab. 
6. Confirm the auditor security group is listed.

If required administrator roles have not been set up on BEMS and at least one user has not been assigned to each role, this is a finding.</check-content></check></Rule></Group><Group id="V-79007"><title>SRG-APP-000120-AS-000080</title><description>&lt;GroupDescription&gt;&lt;/GroupDescription&gt;</description><Rule id="SV-93713r1_rule" severity="medium" weight="10.0"><version>BEMS-00-002800</version><title>The BlackBerry Enterprise Mobility Server (BEMS) must protect log information from unauthorized deletion.</title><description>&lt;VulnDiscussion&gt;If log data were to become compromised, then competent forensic analysis and discovery of the true source of potentially malicious system activity is difficult, if not impossible, to achieve. 

Application servers contain admin interfaces that allow reading and manipulation of log records. Therefore, these interfaces should not allow for unfettered access to those records. Application servers also write log data to log files which are stored on the OS, so appropriate file permissions must also be used to restrict access.

Log information includes all information (e.g., log records, log settings, transaction logs, and log reports) needed to successfully log information system activity. Application servers must protect log information from unauthorized deletion.&lt;/VulnDiscussion&gt;&lt;FalsePositives&gt;&lt;/FalsePositives&gt;&lt;FalseNegatives&gt;&lt;/FalseNegatives&gt;&lt;Documentable&gt;false&lt;/Documentable&gt;&lt;Mitigations&gt;&lt;/Mitigations&gt;&lt;SeverityOverrideGuidance&gt;&lt;/SeverityOverrideGuidance&gt;&lt;PotentialImpacts&gt;&lt;/PotentialImpacts&gt;&lt;ThirdPartyTools&gt;&lt;/ThirdPartyTools&gt;&lt;MitigationControl&gt;&lt;/MitigationControl&gt;&lt;Responsibility&gt;&lt;/Responsibility&gt;&lt;IAControls&gt;&lt;/IAControls&gt;</description><reference><dc:title>DPMS Target BEMS 2.x</dc:title><dc:publisher>DISA</dc:publisher><dc:type>DPMS Target</dc:type><dc:subject>BEMS 2.x</dc:subject><dc:identifier>3259</dc:identifier></reference><ident system="http://iase.disa.mil/cci">CCI-000164</ident><fixtext fixref="F-85757r1_fix">Configure BEMS to have at least one user in the following Administrator roles: Server primary administrator, auditor.

1. In the BEMS Dashboard, under "BEMS System Settings", click "BEMS Configuration".
2. Click "Dashboard Administrators".
3. Click "Add Group".
4. In the "Active Directory Security Group" field, type the name of the Microsoft Active Directory security group.
5. Click "Save".
6. Repeat steps 3 to 5 to add additional security groups.
7. For the server primary administrator, the default role of Admin meets the required roles and no additional configuration is needed.
8. For the Auditor role, complete the following steps:
  - In active directory, create a domain auditor group and assign personnel designated as auditors to that group.
  - Browse to the log repository.
  - Right-click on the folder.
  - Select "Properties".
  - Select the "Security" tab.
  - Click "Edit".
  - Click "Add".
  - Type in name of the user group.
  - Confirm that only the necessary groups have rights to the folder (CREATOR OWNER, SYSTEM, Administrators, Auditors).
  - Set proper permissions for auditors (Read, List folder contents, Read &amp; Execute).</fixtext><fix id="F-85757r1_fix" /><check system="C-78595r1_chk"><check-content-ref name="M" href="DPMS_XCCDF_Benchmark_BEMS_2-x_STIG.xml" /><check-content>Verify BEMS has been configured with the following administrator groups/roles, each group/role has required permissions, and at least one user has been assigned to each Administrator group/role: Server primary administrator, auditor.

Procedure for Server Primary Administrator: 
1. In the BEMS Dashboard, under "BEMS System Settings", click "BEMS Configuration".
2. Click "Dashboard Administrators".
3. Confirm the Administrator role for the primary server administrator has been assigned the dashboard role of Admin.
4. Verify in AD at least one member has been assigned to the BEMS administrator group. (Note: Actual group name may be different.)

Procedure for Auditor:
1. Verify in AD an auditor group has been set up with at least one member.
2. Browse to the log repository.
3. Right-click on the folder.
4. Select "Properties".
5. Select the "Security" tab. 
6. Confirm the auditor security group is listed.

If required administrator roles have not been set up on BEMS and at least one user has not been assigned to each role, this is a finding.</check-content></check></Rule></Group><Group id="V-79009"><title>SRG-APP-000142-AS-000014</title><description>&lt;GroupDescription&gt;&lt;/GroupDescription&gt;</description><Rule id="SV-93715r1_rule" severity="medium" weight="10.0"><version>BEMS-00-003800</version><title>The BlackBerry Enterprise Mobility Server (BEMS) platform must be protected by a DoD-approved firewall.</title><description>&lt;VulnDiscussion&gt;Most information systems are capable of providing a wide variety of functions and services. Some of the functions and services provided by default may not be necessary to support essential organizational operations. Unneeded services and processes provide additional threat vectors and avenues of attack to the information system. BEMS is a critical component of the mobility architecture and must be configured to enable only those ports, protocols, and services (PPS) necessary to support functionality. All others must be expressly disabled or removed. A DoD-approved firewall implements the required network restrictions. A host-based firewall is appropriate where BEMS runs on a standalone platform. Network firewalls or other architectures may be preferred where BEMS runs in a cloud or virtualized solution.&lt;/VulnDiscussion&gt;&lt;FalsePositives&gt;&lt;/FalsePositives&gt;&lt;FalseNegatives&gt;&lt;/FalseNegatives&gt;&lt;Documentable&gt;false&lt;/Documentable&gt;&lt;Mitigations&gt;&lt;/Mitigations&gt;&lt;SeverityOverrideGuidance&gt;&lt;/SeverityOverrideGuidance&gt;&lt;PotentialImpacts&gt;&lt;/PotentialImpacts&gt;&lt;ThirdPartyTools&gt;&lt;/ThirdPartyTools&gt;&lt;MitigationControl&gt;&lt;/MitigationControl&gt;&lt;Responsibility&gt;&lt;/Responsibility&gt;&lt;IAControls&gt;&lt;/IAControls&gt;</description><reference><dc:title>DPMS Target BEMS 2.x</dc:title><dc:publisher>DISA</dc:publisher><dc:type>DPMS Target</dc:type><dc:subject>BEMS 2.x</dc:subject><dc:identifier>3259</dc:identifier></reference><ident system="http://iase.disa.mil/cci">CCI-000382</ident><fixtext fixref="F-85759r1_fix">Install a DoD-approved firewall.</fixtext><fix id="F-85759r1_fix" /><check system="C-78597r1_chk"><check-content-ref name="M" href="DPMS_XCCDF_Benchmark_BEMS_2-x_STIG.xml" /><check-content>Review the BEMS configuration to determine whether a DoD-approved firewall is installed or if the platform operating system provides a firewall service that can restrict both inbound and outbound traffic by TCP/UDP port and IP address.

If there is not a host-based firewall present on BEMS, this is a finding.</check-content></check></Rule></Group><Group id="V-79011"><title>SRG-APP-000142-AS-000014</title><description>&lt;GroupDescription&gt;&lt;/GroupDescription&gt;</description><Rule id="SV-93717r1_rule" severity="medium" weight="10.0"><version>BEMS-00-003900</version><title>The firewall protecting the BlackBerry Enterprise Mobility Server (BEMS) must be configured to restrict all network traffic to and from all addresses with the exception of ports, protocols, and IP address ranges required to support BEMS functions.</title><description>&lt;VulnDiscussion&gt;Most information systems are capable of providing a wide variety of functions and services. Some of the functions and services, provided by default, may not be necessary to support essential organizational operations. Since BEMS is a critical component of the mobility architecture and must be configured to enable only those ports, protocols, and services (PPS) necessary to support functionality, all others must be expressly disabled or removed. A firewall installed on BEMS provides a protection mechanism to ensure unwanted service requests do not reach BEMS and outbound traffic is limited to only BEMS functionality.&lt;/VulnDiscussion&gt;&lt;FalsePositives&gt;&lt;/FalsePositives&gt;&lt;FalseNegatives&gt;&lt;/FalseNegatives&gt;&lt;Documentable&gt;false&lt;/Documentable&gt;&lt;Mitigations&gt;&lt;/Mitigations&gt;&lt;SeverityOverrideGuidance&gt;&lt;/SeverityOverrideGuidance&gt;&lt;PotentialImpacts&gt;&lt;/PotentialImpacts&gt;&lt;ThirdPartyTools&gt;&lt;/ThirdPartyTools&gt;&lt;MitigationControl&gt;&lt;/MitigationControl&gt;&lt;Responsibility&gt;&lt;/Responsibility&gt;&lt;IAControls&gt;&lt;/IAControls&gt;</description><reference><dc:title>DPMS Target BEMS 2.x</dc:title><dc:publisher>DISA</dc:publisher><dc:type>DPMS Target</dc:type><dc:subject>BEMS 2.x</dc:subject><dc:identifier>3259</dc:identifier></reference><ident system="http://iase.disa.mil/cci">CCI-000382</ident><fixtext fixref="F-85761r1_fix">Configure the firewall on BEMS to only permit ports, protocols, and IP address ranges necessary for operation.</fixtext><fix id="F-85761r1_fix" /><check system="C-78599r1_chk"><check-content-ref name="M" href="DPMS_XCCDF_Benchmark_BEMS_2-x_STIG.xml" /><check-content>Ask the BEMS administrator for a list of ports, protocols, and IP address ranges necessary to support BEMS functionality. A list can usually be found in the STIG Supplemental document or MDM product documentation.

Compare the list against the configuration of the firewall and identify discrepancies.

If the host-based firewall is not configured to support only those ports, protocols, and IP address ranges necessary for operation, this is a finding.</check-content></check></Rule></Group><Group id="V-79013"><title>SRG-APP-000142-AS-000014</title><description>&lt;GroupDescription&gt;&lt;/GroupDescription&gt;</description><Rule id="SV-93719r1_rule" severity="medium" weight="10.0"><version>BEMS-00-004000</version><title>The firewall protecting the BlackBerry Enterprise Mobility Server (BEMS) must be configured so that only DoD-approved ports, protocols, and services are enabled. See the DoD Ports, Protocols, Services Management (PPSM) Category Assurance Levels (CAL) list for DoD-approved ports, protocols, and services.</title><description>&lt;VulnDiscussion&gt;All ports, protocols, and services used on DoD networks must be approved and registered via the DoD PPSM process. This is to ensure that a risk assessment has been completed before a new port, protocol, or service is configured on a DoD network and has been approved by proper DoD authorities. Otherwise, the new port, protocol, or service could cause a vulnerability to the DoD network, which could be exploited by an adversary.&lt;/VulnDiscussion&gt;&lt;FalsePositives&gt;&lt;/FalsePositives&gt;&lt;FalseNegatives&gt;&lt;/FalseNegatives&gt;&lt;Documentable&gt;false&lt;/Documentable&gt;&lt;Mitigations&gt;&lt;/Mitigations&gt;&lt;SeverityOverrideGuidance&gt;&lt;/SeverityOverrideGuidance&gt;&lt;PotentialImpacts&gt;&lt;/PotentialImpacts&gt;&lt;ThirdPartyTools&gt;&lt;/ThirdPartyTools&gt;&lt;MitigationControl&gt;&lt;/MitigationControl&gt;&lt;Responsibility&gt;&lt;/Responsibility&gt;&lt;IAControls&gt;&lt;/IAControls&gt;</description><reference><dc:title>DPMS Target BEMS 2.x</dc:title><dc:publisher>DISA</dc:publisher><dc:type>DPMS Target</dc:type><dc:subject>BEMS 2.x</dc:subject><dc:identifier>3259</dc:identifier></reference><ident system="http://iase.disa.mil/cci">CCI-000382</ident><fixtext fixref="F-85763r1_fix">Turn off any ports, protocols, and services on the BEMS host-based firewall that are not on the DoD PPSM CAL list.</fixtext><fix id="F-85763r1_fix" /><check system="C-78601r1_chk"><check-content-ref name="M" href="DPMS_XCCDF_Benchmark_BEMS_2-x_STIG.xml" /><check-content>Ask the BEMS administrator for a list of ports, protocols, and services that have been configured on the host-based firewall of BEMS or generate the list by inspecting the firewall. Verify all allowed ports, protocols, and services are included on the DoD PPSM CAL list.

If any allowed ports, protocols, and services on the MDM host-based firewall are not included on the DoD PPSM CAL list, this is a finding.</check-content></check></Rule></Group><Group id="V-79015"><title>SRG-APP-000439-AS-000155</title><description>&lt;GroupDescription&gt;&lt;/GroupDescription&gt;</description><Rule id="SV-93721r1_rule" severity="medium" weight="10.0"><version>BEMS-00-011400</version><title>The BlackBerry Enterprise Mobility Server (BEMS) must protect the confidentiality and integrity of transmitted information through the use of an approved TLS version.</title><description>&lt;VulnDiscussion&gt;Preventing the disclosure of transmitted information requires that the application server take measures to employ some form of cryptographic mechanism in order to protect the information during transmission. This is usually achieved through the use of Transport Layer Security (TLS).

Transmission of data can take place between the application server and a large number of devices/applications external to the application server. Examples are a web client used by a user, a backend database, a log server, or other application servers in an application server cluster.

If data is transmitted unencrypted, the data then becomes vulnerable to disclosure. The disclosure may reveal user identifier/password combinations, website code revealing business logic, or other user personal information.

FIPS 140-2 approved TLS versions include TLS V1.0 or greater.

TLS must be enabled and non-FIPS-approved SSL versions must be disabled. NIST SP 800-52 specifies the preferred configurations for government systems.&lt;/VulnDiscussion&gt;&lt;FalsePositives&gt;&lt;/FalsePositives&gt;&lt;FalseNegatives&gt;&lt;/FalseNegatives&gt;&lt;Documentable&gt;false&lt;/Documentable&gt;&lt;Mitigations&gt;&lt;/Mitigations&gt;&lt;SeverityOverrideGuidance&gt;&lt;/SeverityOverrideGuidance&gt;&lt;PotentialImpacts&gt;&lt;/PotentialImpacts&gt;&lt;ThirdPartyTools&gt;&lt;/ThirdPartyTools&gt;&lt;MitigationControl&gt;&lt;/MitigationControl&gt;&lt;Responsibility&gt;&lt;/Responsibility&gt;&lt;IAControls&gt;&lt;/IAControls&gt;</description><reference><dc:title>DPMS Target BEMS 2.x</dc:title><dc:publisher>DISA</dc:publisher><dc:type>DPMS Target</dc:type><dc:subject>BEMS 2.x</dc:subject><dc:identifier>3259</dc:identifier></reference><ident system="http://iase.disa.mil/cci">CCI-002418</ident><fixtext fixref="F-85765r1_fix">Configure BEMS to use approved versions of TLS.

1. Find the xml file "jetty.xml" located in the BEMS install directory on the BEMS host Windows server. 
2. Find the "ExcludeProtocols" field and remove all unauthorized versions or SSL and TLS.
3. Save the file.
4. Restart the BEMS server.</fixtext><fix id="F-85765r1_fix" /><check system="C-78603r1_chk"><check-content-ref name="M" href="DPMS_XCCDF_Benchmark_BEMS_2-x_STIG.xml" /><check-content>Verify BEMS has been configured to use only approved versions of TLS as follows:

1. Find the xml file "jetty.xml" located in the BEMS install directory on the BEMS host Windows server. 
2. Find the "ExcludeProtocols" field.
3. Verify if unauthorized versions of SSL and TLS are listed in the "jetty.xml" file.

If BEMS has not been configured to use only approved versions of TLS, this is a finding.</check-content></check></Rule></Group><Group id="V-79017"><title>SRG-APP-000439-AS-000274</title><description>&lt;GroupDescription&gt;&lt;/GroupDescription&gt;</description><Rule id="SV-93723r1_rule" severity="medium" weight="10.0"><version>BEMS-00-011500</version><title>The BlackBerry Enterprise Mobility Server (BEMS) must remove all export ciphers to protect the confidentiality and integrity of transmitted information.</title><description>&lt;VulnDiscussion&gt;During the initial setup of a Transport Layer Security (TLS) connection to the application server, the client sends a list of supported cipher suites in order of preference. The application server will reply with the cipher suite it will use for communication from the client list. If an attacker can intercept the submission of cipher suites to the application server and place, as the preferred cipher suite, a weak export suite, the encryption used for the session becomes easy for the attacker to break, often within minutes to hours.&lt;/VulnDiscussion&gt;&lt;FalsePositives&gt;&lt;/FalsePositives&gt;&lt;FalseNegatives&gt;&lt;/FalseNegatives&gt;&lt;Documentable&gt;false&lt;/Documentable&gt;&lt;Mitigations&gt;&lt;/Mitigations&gt;&lt;SeverityOverrideGuidance&gt;&lt;/SeverityOverrideGuidance&gt;&lt;PotentialImpacts&gt;&lt;/PotentialImpacts&gt;&lt;ThirdPartyTools&gt;&lt;/ThirdPartyTools&gt;&lt;MitigationControl&gt;&lt;/MitigationControl&gt;&lt;Responsibility&gt;&lt;/Responsibility&gt;&lt;IAControls&gt;&lt;/IAControls&gt;</description><reference><dc:title>DPMS Target BEMS 2.x</dc:title><dc:publisher>DISA</dc:publisher><dc:type>DPMS Target</dc:type><dc:subject>BEMS 2.x</dc:subject><dc:identifier>3259</dc:identifier></reference><ident system="http://iase.disa.mil/cci">CCI-002418</ident><fixtext fixref="F-85767r1_fix">Configure BEMS to remove all export ciphers.

1. Find the xml file "jetty.xml" located in the BEMS install directory on the BEMS host Windows server. 
2. Find the "ExcludeCiphersSuites" field and remove all export ciphers.
3. Save file.
4. Restart the BEMS server.</fixtext><fix id="F-85767r1_fix" /><check system="C-78605r1_chk"><check-content-ref name="M" href="DPMS_XCCDF_Benchmark_BEMS_2-x_STIG.xml" /><check-content>Verify BEMS has been configured to remove all export ciphers:

1. Find the xml file "jetty.xml" located in the BEMS install directory on the BEMS host Windows server. 
2. Find the "ExcludeCiphersSuites" field.
3. Verify if any export ciphers are listed in the "jetty.xml" file.

If BEMS has been configured to use export ciphers, this is a finding.</check-content></check></Rule></Group><Group id="V-79019"><title>SRG-APP-000516-AS-000237</title><description>&lt;GroupDescription&gt;&lt;/GroupDescription&gt;</description><Rule id="SV-93725r1_rule" severity="medium" weight="10.0"><version>BEMS-00-013300</version><title>The BlackBerry Enterprise Mobility Server (BEMS) must be configured to have at least one user in the following Administrator roles: Server primary administrator, auditor.</title><description>&lt;VulnDiscussion&gt;Having several administrative roles for the BEMS supports separation of duties. This allows administrator-level privileges to be granted granularly, such as giving application management privileges to one group and security policy privileges to another group. This helps prevent administrators from intentionally or inadvertently altering other settings and configurations they may not understand or approve of, which can weaken overall security and increase the risk of compromise.

- Server primary administrator: Responsible for server installation, initial configuration, and maintenance functions. Responsible for the setup and maintenance of security configuration administrator and auditor accounts. 
- Auditor: Responsible for reviewing and maintaining server and mobile device audit logs.&lt;/VulnDiscussion&gt;&lt;FalsePositives&gt;&lt;/FalsePositives&gt;&lt;FalseNegatives&gt;&lt;/FalseNegatives&gt;&lt;Documentable&gt;false&lt;/Documentable&gt;&lt;Mitigations&gt;&lt;/Mitigations&gt;&lt;SeverityOverrideGuidance&gt;&lt;/SeverityOverrideGuidance&gt;&lt;PotentialImpacts&gt;&lt;/PotentialImpacts&gt;&lt;ThirdPartyTools&gt;&lt;/ThirdPartyTools&gt;&lt;MitigationControl&gt;&lt;/MitigationControl&gt;&lt;Responsibility&gt;&lt;/Responsibility&gt;&lt;IAControls&gt;&lt;/IAControls&gt;</description><reference><dc:title>DPMS Target BEMS 2.x</dc:title><dc:publisher>DISA</dc:publisher><dc:type>DPMS Target</dc:type><dc:subject>BEMS 2.x</dc:subject><dc:identifier>3259</dc:identifier></reference><ident system="http://iase.disa.mil/cci">CCI-000213</ident><fixtext fixref="F-85769r1_fix">Configure BEMS to have at least one user in the following Administrator roles: Server primary administrator, auditor.

1. In the BEMS Dashboard, under "BEMS System Settings", click "BEMS Configuration".
2. Click "Dashboard Administrators".
3. Click "Add Group".
4. In the "Active Directory Security Group" field, type the name of the Microsoft Active Directory security group.
5. Click "Save".
6. Repeat steps 3 to 5 to add additional security groups.
7. For the server primary administrator, the default role of Admin meets the required roles and no additional configuration is needed.
8. For the Auditor role, complete the following steps:
  - In active directory, create a domain auditor group and assign personnel designated as auditors to that group.
  - Browse to the log repository.
  - Right-click on the folder.
  - Select "Properties".
  - Select the "Security" tab.
  - Click "Edit".
  - Click "Add".
  - Type in name of the user group.
  - Confirm that only the necessary groups have rights to the folder (CREATOR OWNER, SYSTEM, Administrators, Auditors).
  - Set proper permissions for auditors (Read, List folder contents, Read &amp; Execute).</fixtext><fix id="F-85769r1_fix" /><check system="C-78607r1_chk"><check-content-ref name="M" href="DPMS_XCCDF_Benchmark_BEMS_2-x_STIG.xml" /><check-content>Verify BEMS has been configured with the following administrator groups/roles, each group/role has required permissions, and at least one user has been assigned to each Administrator group/role: Server primary administrator, auditor.

Procedure for Server Primary Administrator:
1. In the BEMS Dashboard, under "BEMS System Settings", click "BEMS Configuration".
2. Click "Dashboard Administrators".
3. Confirm the Administrator role for the primary server administrator has been assigned the dashboard role of Admin.
4. Verify in AD at least one member has been assigned to the BEMS administrator group. (Note: Actual group name may be different.)

Procedure for Auditor:
1. Verify in AD an auditor group has been set up with at least one member.
2. Browse to the log repository.
3. Right-click on the folder.
4. Select "Properties".
5. Select the "Security" tab.
6. Confirm the auditor security group is listed.

If required administrator roles have not been set up on BEMS and at least one user has not been assigned to each role, this is a finding.</check-content></check></Rule></Group><Group id="V-79021"><title>SRG-APP-000516-AS-000237</title><description>&lt;GroupDescription&gt;&lt;/GroupDescription&gt;</description><Rule id="SV-93727r1_rule" severity="medium" weight="10.0"><version>BEMS-00-013400</version><title>The BlackBerry Enterprise Mobility Server (BEMS) must be configured to use Windows Authentication for the database connection.</title><description>&lt;VulnDiscussion&gt;To assure accountability and prevent unauthorized access, organizational users must be identified and authenticated. Organizational users include organizational employees or individuals the organization deems to have equivalent status of employees (e.g., contractors, guest researchers, individuals from allied nations). Users (and any processes acting on behalf of users) are uniquely identified and authenticated for all accesses other than those accesses explicitly identified and documented by the organization, which outlines specific user actions that can be performed on the information system without identification or authentication.&lt;/VulnDiscussion&gt;&lt;FalsePositives&gt;&lt;/FalsePositives&gt;&lt;FalseNegatives&gt;&lt;/FalseNegatives&gt;&lt;Documentable&gt;false&lt;/Documentable&gt;&lt;Mitigations&gt;&lt;/Mitigations&gt;&lt;SeverityOverrideGuidance&gt;&lt;/SeverityOverrideGuidance&gt;&lt;PotentialImpacts&gt;&lt;/PotentialImpacts&gt;&lt;ThirdPartyTools&gt;&lt;/ThirdPartyTools&gt;&lt;MitigationControl&gt;&lt;/MitigationControl&gt;&lt;Responsibility&gt;&lt;/Responsibility&gt;&lt;IAControls&gt;&lt;/IAControls&gt;</description><reference><dc:title>DPMS Target BEMS 2.x</dc:title><dc:publisher>DISA</dc:publisher><dc:type>DPMS Target</dc:type><dc:subject>BEMS 2.x</dc:subject><dc:identifier>3259</dc:identifier></reference><ident system="http://iase.disa.mil/cci">CCI-000764</ident><fixtext fixref="F-85771r1_fix">Set up Windows Authentication for the database connection on the BEMS console. In the Database Information dialog box, perform the following actions:

1. In the "Host" field, type the instance name of your SQL Server.
2. In the "Database" name field, type the name for the BEMS-Core database.
3. In the "Port" field, type the port number that connects to the SQL Server.
4. Select "Windows Authentication".
5. Click "Next".</fixtext><fix id="F-85771r1_fix" /><check system="C-78609r1_chk"><check-content-ref name="M" href="DPMS_XCCDF_Benchmark_BEMS_2-x_STIG.xml" /><check-content>Verify BEMS is configured for Windows Authentication for the database connection as follows:

In the Database Information dialog box, verify "Windows Authentication" is selected. 

If "Windows Authentication" is not selected for the BEMS database connection, this is a finding.</check-content></check></Rule></Group><Group id="V-79023"><title>SRG-APP-000516-AS-000237</title><description>&lt;GroupDescription&gt;&lt;/GroupDescription&gt;</description><Rule id="SV-93729r1_rule" severity="high" weight="10.0"><version>BEMS-00-013500</version><title>The BlackBerry Enterprise Mobility Server (BEMS) must be configured to use HTTPS.</title><description>&lt;VulnDiscussion&gt;Preventing the disclosure of transmitted information requires that applications take measures to employ some form of cryptographic mechanism in order to protect the information during transmission to web applications. This is usually achieved through the use of HTTPS.&lt;/VulnDiscussion&gt;&lt;FalsePositives&gt;&lt;/FalsePositives&gt;&lt;FalseNegatives&gt;&lt;/FalseNegatives&gt;&lt;Documentable&gt;false&lt;/Documentable&gt;&lt;Mitigations&gt;&lt;/Mitigations&gt;&lt;SeverityOverrideGuidance&gt;&lt;/SeverityOverrideGuidance&gt;&lt;PotentialImpacts&gt;&lt;/PotentialImpacts&gt;&lt;ThirdPartyTools&gt;&lt;/ThirdPartyTools&gt;&lt;MitigationControl&gt;&lt;/MitigationControl&gt;&lt;Responsibility&gt;&lt;/Responsibility&gt;&lt;IAControls&gt;&lt;/IAControls&gt;</description><reference><dc:title>DPMS Target BEMS 2.x</dc:title><dc:publisher>DISA</dc:publisher><dc:type>DPMS Target</dc:type><dc:subject>BEMS 2.x</dc:subject><dc:identifier>3259</dc:identifier></reference><ident system="http://iase.disa.mil/cci">CCI-000068</ident><fixtext fixref="F-85773r1_fix">Configure BEMS to use HTTPS as follows:

1. In the BEMS Dashboard, under "BEMS System Settings", click "BEMS Configuration".
2. Click "BlackBerry Dynamics".
3. In the Protocol drop-down list, select "HTTPS".</fixtext><fix id="F-85773r1_fix" /><check system="C-78611r1_chk"><check-content-ref name="M" href="DPMS_XCCDF_Benchmark_BEMS_2-x_STIG.xml" /><check-content>Verify BEMS has been configured to use HTTPS as follows:

1. In the BEMS Dashboard, under "BEMS System Settings", click "BEMS Configuration".
2. Click "BlackBerry Dynamics".
3. In the Protocol drop-down list, verify "HTTPS" is selected.

If HTTPS is not configured on BEMS, this is a finding.</check-content></check></Rule></Group><Group id="V-79025"><title>SRG-APP-000516-AS-000237</title><description>&lt;GroupDescription&gt;&lt;/GroupDescription&gt;</description><Rule id="SV-93731r1_rule" severity="medium" weight="10.0"><version>BEMS-00-013600</version><title>The BlackBerry Enterprise Mobility Server (BEMS) must be configured to use DoD certificates for SSL.</title><description>&lt;VulnDiscussion&gt;Untrusted Certificate Authorities (CA) can issue certificates, but they may be issued by organizations or individuals that seek to compromise DoD systems or by organizations with insufficient security controls. If the CA used for verifying the certificate is not a DoD-approved CA, trust of this CA has not been established.&lt;/VulnDiscussion&gt;&lt;FalsePositives&gt;&lt;/FalsePositives&gt;&lt;FalseNegatives&gt;&lt;/FalseNegatives&gt;&lt;Documentable&gt;false&lt;/Documentable&gt;&lt;Mitigations&gt;&lt;/Mitigations&gt;&lt;SeverityOverrideGuidance&gt;&lt;/SeverityOverrideGuidance&gt;&lt;PotentialImpacts&gt;&lt;/PotentialImpacts&gt;&lt;ThirdPartyTools&gt;&lt;/ThirdPartyTools&gt;&lt;MitigationControl&gt;&lt;/MitigationControl&gt;&lt;Responsibility&gt;&lt;/Responsibility&gt;&lt;IAControls&gt;&lt;/IAControls&gt;</description><reference><dc:title>DPMS Target BEMS 2.x</dc:title><dc:publisher>DISA</dc:publisher><dc:type>DPMS Target</dc:type><dc:subject>BEMS 2.x</dc:subject><dc:identifier>3259</dc:identifier></reference><ident system="http://iase.disa.mil/cci">CCI-002470</ident><fixtext fixref="F-85775r1_fix">Replace the auto-generated BEMS SSL certificate with a DoD certificate as follows:

1. Generate a CSR request and obtain a certificate from the DoD CA.
2. Import the certificate into the BEMS keystore.
3. Update the certificate passwords in BEMS.</fixtext><fix id="F-85775r1_fix" /><check system="C-78613r1_chk"><check-content-ref name="M" href="DPMS_XCCDF_Benchmark_BEMS_2-x_STIG.xml" /><check-content>Verify a DoD SSL certificate has been installed on BEMS as follows:

1. Open the browser.
2. Browse to the BEMS dashboard.
3. Select SSL certificate and view the certificate.
4. Verify the certificate is a DoD certificate (has the DoD CA listed in the certificate).

If the SSL certificate installed on BEMS is not a DoD certificate, this is a finding.</check-content></check></Rule></Group><Group id="V-79027"><title>SRG-APP-000516-AS-000237</title><description>&lt;GroupDescription&gt;&lt;/GroupDescription&gt;</description><Rule id="SV-93733r1_rule" severity="medium" weight="10.0"><version>BEMS-00-013700</version><title>The BlackBerry Enterprise Mobility Server (BEMS) must be configured with an inactivity timeout of 15 minutes or less.</title><description>&lt;VulnDiscussion&gt;A session time-out lock is a temporary action taken when a user stops work and moves away from the immediate physical vicinity of the information system but does not log out because of the temporary nature of the absence. Rather than relying on the user to manually lock their application session prior to vacating the vicinity, applications need to be able to identify when a user's application session has idled and take action to initiate the session lock.&lt;/VulnDiscussion&gt;&lt;FalsePositives&gt;&lt;/FalsePositives&gt;&lt;FalseNegatives&gt;&lt;/FalseNegatives&gt;&lt;Documentable&gt;false&lt;/Documentable&gt;&lt;Mitigations&gt;&lt;/Mitigations&gt;&lt;SeverityOverrideGuidance&gt;&lt;/SeverityOverrideGuidance&gt;&lt;PotentialImpacts&gt;&lt;/PotentialImpacts&gt;&lt;ThirdPartyTools&gt;&lt;/ThirdPartyTools&gt;&lt;MitigationControl&gt;&lt;/MitigationControl&gt;&lt;Responsibility&gt;&lt;/Responsibility&gt;&lt;IAControls&gt;&lt;/IAControls&gt;</description><reference><dc:title>DPMS Target BEMS 2.x</dc:title><dc:publisher>DISA</dc:publisher><dc:type>DPMS Target</dc:type><dc:subject>BEMS 2.x</dc:subject><dc:identifier>3259</dc:identifier></reference><ident system="http://iase.disa.mil/cci">CCI-002361</ident><fixtext fixref="F-85777r1_fix">Configure BEMS with an inactivity timeout of 15 minutes or less.

1. Find the xml file "jetty.xml" located in the BEMS install directory on the BEMS host Windows server. 
2. Find the "maxIdleTime" field and set it to 900 or less (seconds).
3. Save the file.
4. Restart the BEMS server.</fixtext><fix id="F-85777r1_fix" /><check system="C-78615r1_chk"><check-content-ref name="M" href="DPMS_XCCDF_Benchmark_BEMS_2-x_STIG.xml" /><check-content>Verify the BEMS inactivity timeout is set to 15 minutes or less as follows:

1. Find the xml file "jetty.xml" located in the BEMS install directory on the BEMS host Windows server. 
2. Find the "maxIdleTime" field.
3. Verify it is set to 900 or less (seconds).

If the BEMS inactivity timeout is not set to 15 minutes (900 seconds) or less, this is a finding.</check-content></check></Rule></Group><Group id="V-79029"><title>SRG-APP-000516-AS-000237</title><description>&lt;GroupDescription&gt;&lt;/GroupDescription&gt;</description><Rule id="SV-93735r1_rule" severity="medium" weight="10.0"><version>BEMS-00-013800</version><title>If the Mail service (Push Notifications support for BlackBerry Work) is installed on the BlackBerry Enterprise Mobility Server (BEMS), it must be configured to use Windows Authentication for the database connection.</title><description>&lt;VulnDiscussion&gt;To assure accountability and prevent unauthorized access, organizational users must be identified and authenticated. Organizational users include organizational employees or individuals the organization deems to have equivalent status of employees (e.g., contractors, guest researchers, individuals from allied nations). Users (and any processes acting on behalf of users) are uniquely identified and authenticated for all accesses other than those accesses explicitly identified and documented by the organization, which outlines specific user actions that can be performed on the information system without identification or authentication.&lt;/VulnDiscussion&gt;&lt;FalsePositives&gt;&lt;/FalsePositives&gt;&lt;FalseNegatives&gt;&lt;/FalseNegatives&gt;&lt;Documentable&gt;false&lt;/Documentable&gt;&lt;Mitigations&gt;&lt;/Mitigations&gt;&lt;SeverityOverrideGuidance&gt;&lt;/SeverityOverrideGuidance&gt;&lt;PotentialImpacts&gt;&lt;/PotentialImpacts&gt;&lt;ThirdPartyTools&gt;&lt;/ThirdPartyTools&gt;&lt;MitigationControl&gt;&lt;/MitigationControl&gt;&lt;Responsibility&gt;&lt;/Responsibility&gt;&lt;IAControls&gt;&lt;/IAControls&gt;</description><reference><dc:title>DPMS Target BEMS 2.x</dc:title><dc:publisher>DISA</dc:publisher><dc:type>DPMS Target</dc:type><dc:subject>BEMS 2.x</dc:subject><dc:identifier>3259</dc:identifier></reference><ident system="http://iase.disa.mil/cci">CCI-000764</ident><fixtext fixref="F-85779r1_fix">Set up Windows Authentication for the database connection for the mail service in BEMS:

1. In the BEMS Dashboard, under "BlackBerry Services Configuration", click "Mail". 
2. Click "Database".
3. In the "Server" field, type the Microsoft SQL Server host name and instance.
4. In the "Database" field, type the database name.
5. In the Windows Authentication drop-down list, select "Windows Authentication".
6. Click "Save".</fixtext><fix id="F-85779r1_fix" /><check system="C-78617r1_chk"><check-content-ref name="M" href="DPMS_XCCDF_Benchmark_BEMS_2-x_STIG.xml" /><check-content>This requirement is not applicable if the Mail service (Push Notifications support for BlackBerry Work) is not enabled on BEMS.

Verify the mail service in BEMS is configured for Windows Authentication for the database connection as follows:

1. In the BEMS Dashboard, under "BlackBerry Services Configuration", click "Mail".
2. Click "Database".
3. In the "Server" field, type the Microsoft SQL Server host name and instance.
4. In the "Database" field, type the database name.
5. In the Windows Authentication drop-down list, verify "Windows Authentication" is selected.

If "Windows Authentication" is not selected for the mail service database connection, this is a finding.</check-content></check></Rule></Group><Group id="V-79031"><title>SRG-APP-000516-AS-000237</title><description>&lt;GroupDescription&gt;&lt;/GroupDescription&gt;</description><Rule id="SV-93737r1_rule" severity="medium" weight="10.0"><version>BEMS-00-013900</version><title>If the Mail service (Push Notifications support for BlackBerry Work) is installed on the BlackBerry Enterprise Mobility Server (BEMS), it must be configured to use Windows Integrated Authentication for the Exchange connection.</title><description>&lt;VulnDiscussion&gt;To assure accountability and prevent unauthorized access, organizational users must be identified and authenticated. Organizational users include organizational employees or individuals the organization deems to have equivalent status of employees (e.g., contractors, guest researchers, individuals from allied nations). Users (and any processes acting on behalf of users) are uniquely identified and authenticated for all accesses other than those accesses explicitly identified and documented by the organization, which outlines specific user actions that can be performed on the information system without identification or authentication.&lt;/VulnDiscussion&gt;&lt;FalsePositives&gt;&lt;/FalsePositives&gt;&lt;FalseNegatives&gt;&lt;/FalseNegatives&gt;&lt;Documentable&gt;false&lt;/Documentable&gt;&lt;Mitigations&gt;&lt;/Mitigations&gt;&lt;SeverityOverrideGuidance&gt;&lt;/SeverityOverrideGuidance&gt;&lt;PotentialImpacts&gt;&lt;/PotentialImpacts&gt;&lt;ThirdPartyTools&gt;&lt;/ThirdPartyTools&gt;&lt;MitigationControl&gt;&lt;/MitigationControl&gt;&lt;Responsibility&gt;&lt;/Responsibility&gt;&lt;IAControls&gt;&lt;/IAControls&gt;</description><reference><dc:title>DPMS Target BEMS 2.x</dc:title><dc:publisher>DISA</dc:publisher><dc:type>DPMS Target</dc:type><dc:subject>BEMS 2.x</dc:subject><dc:identifier>3259</dc:identifier></reference><ident system="http://iase.disa.mil/cci">CCI-000764</ident><fixtext fixref="F-85781r1_fix">Set up Windows Integrated Authentication for the Exchange connection for the Mail service in BEMS:

1. Log on to BEMS with the service account that will be configured.
2. In the BEMS Dashboard, under "BlackBerry Services Configuration", click "Mail".
3. Click "Microsoft Exchange".
4. Under "Enter Service Account Details", select the "Use Windows Integrated Authentication" check box.
5. Click "Save".</fixtext><fix id="F-85781r1_fix" /><check system="C-78619r1_chk"><check-content-ref name="M" href="DPMS_XCCDF_Benchmark_BEMS_2-x_STIG.xml" /><check-content>This requirement is not applicable if the Mail service (Push Notifications support for BlackBerry Work) is not enabled on BEMS.

Verify Windows Integrated Authentication for the Exchange connection for the Mail service has been set up in BEMS as follows:

1. In the BEMS Dashboard, under "BlackBerry Services Configuration", click "Mail".
2. Click "Microsoft Exchange".
3. Under "Enter Service Account Details", verify "Use Windows Integrated Authentication" has been selected.

If Windows Integrated Authentication for the Exchange connection for the Mail service has not been set up in BEMS, this is a finding.</check-content></check></Rule></Group><Group id="V-79033"><title>SRG-APP-000516-AS-000237</title><description>&lt;GroupDescription&gt;&lt;/GroupDescription&gt;</description><Rule id="SV-93739r1_rule" severity="medium" weight="10.0"><version>BEMS-00-014000</version><title>If the Mail service (Push Notifications support for BlackBerry Work) is installed on the BlackBerry Enterprise Mobility Server (BEMS), it must be configured to Enable SSL LDAP when using LDAP Lookup for users.</title><description>&lt;VulnDiscussion&gt;Preventing the disclosure of transmitted information requires that applications take measures to employ some form of cryptographic mechanism in order to protect the information during transmission. This is usually achieved through the use of Transport Layer Security (TLS) or SSL.&lt;/VulnDiscussion&gt;&lt;FalsePositives&gt;&lt;/FalsePositives&gt;&lt;FalseNegatives&gt;&lt;/FalseNegatives&gt;&lt;Documentable&gt;false&lt;/Documentable&gt;&lt;Mitigations&gt;&lt;/Mitigations&gt;&lt;SeverityOverrideGuidance&gt;&lt;/SeverityOverrideGuidance&gt;&lt;PotentialImpacts&gt;&lt;/PotentialImpacts&gt;&lt;ThirdPartyTools&gt;&lt;/ThirdPartyTools&gt;&lt;MitigationControl&gt;&lt;/MitigationControl&gt;&lt;Responsibility&gt;&lt;/Responsibility&gt;&lt;IAControls&gt;&lt;/IAControls&gt;</description><reference><dc:title>DPMS Target BEMS 2.x</dc:title><dc:publisher>DISA</dc:publisher><dc:type>DPMS Target</dc:type><dc:subject>BEMS 2.x</dc:subject><dc:identifier>3259</dc:identifier></reference><ident system="http://iase.disa.mil/cci">CCI-000068</ident><fixtext fixref="F-85783r1_fix">Enable SSL LDAP when using LDAP Lookup for users for the Mail service in BEMS as follows:

1. In the BEMS Dashboard, under "BlackBerry Services Configuration", click "Mail".
2. Click "User Directory Lookup".
3. Select the "Enable LDAP Lookup" check box.
4. Select the "Enable SSL LDAP" check box.
5. Click "Save".</fixtext><fix id="F-85783r1_fix" /><check system="C-78621r1_chk"><check-content-ref name="M" href="DPMS_XCCDF_Benchmark_BEMS_2-x_STIG.xml" /><check-content>This requirement is not applicable if the Mail service (Push Notifications support for BlackBerry Work) is not enabled on BEMS.

Verify Enable SSL LDAP for LDAP Lookup for users for the Mail service is configured in BEMS as follows:

1. In the BEMS Dashboard, under "BlackBerry Services Configuration", click "Mail".
2. Click "User Directory Lookup".
3. If the "Enable LDAP Lookup" has been selected, verify the "Enable SSL LDAP" check box is also selected.

When LDAP Lookup for user has been configured on BEMS, if Enable SSL LDAP is not configured, this is a finding.</check-content></check></Rule></Group><Group id="V-79035"><title>SRG-APP-000516-AS-000237</title><description>&lt;GroupDescription&gt;&lt;/GroupDescription&gt;</description><Rule id="SV-93741r1_rule" severity="medium" weight="10.0"><version>BEMS-00-014100</version><title>If the Mail service (Push Notifications support for BlackBerry Work) is installed on the BlackBerry Enterprise Mobility Server (BEMS), it must be configured to Enable SSL LDAP for certificate directory lookup.</title><description>&lt;VulnDiscussion&gt;Preventing the disclosure of transmitted information requires that applications take measures to employ some form of cryptographic mechanism in order to protect the information during transmission. This is usually achieved through the use of Transport Layer Security (TLS) or SSL.&lt;/VulnDiscussion&gt;&lt;FalsePositives&gt;&lt;/FalsePositives&gt;&lt;FalseNegatives&gt;&lt;/FalseNegatives&gt;&lt;Documentable&gt;false&lt;/Documentable&gt;&lt;Mitigations&gt;&lt;/Mitigations&gt;&lt;SeverityOverrideGuidance&gt;&lt;/SeverityOverrideGuidance&gt;&lt;PotentialImpacts&gt;&lt;/PotentialImpacts&gt;&lt;ThirdPartyTools&gt;&lt;/ThirdPartyTools&gt;&lt;MitigationControl&gt;&lt;/MitigationControl&gt;&lt;Responsibility&gt;&lt;/Responsibility&gt;&lt;IAControls&gt;&lt;/IAControls&gt;</description><reference><dc:title>DPMS Target BEMS 2.x</dc:title><dc:publisher>DISA</dc:publisher><dc:type>DPMS Target</dc:type><dc:subject>BEMS 2.x</dc:subject><dc:identifier>3259</dc:identifier></reference><ident system="http://iase.disa.mil/cci">CCI-000068</ident><fixtext fixref="F-85785r1_fix">Enable SSL LDAP when using LDAP Lookup for certificates for the Mail service in BEMS as follows:

1. In the BEMS Dashboard, under "BlackBerry Services Configuration", click "Mail".
2. Click "Certificate Directory Lookup".
3. Select the "Enable LDAP Lookup" check box.
4. Select the "Enable SSL LDAP" check box.
5. Click "Save".</fixtext><fix id="F-85785r1_fix" /><check system="C-78623r1_chk"><check-content-ref name="M" href="DPMS_XCCDF_Benchmark_BEMS_2-x_STIG.xml" /><check-content>This requirement is not applicable if the Mail service (Push Notifications support for BlackBerry Work) is not enabled on BEMS.

Verify Enable SSL LDAP for LDAP Lookup for certificates for the Mail service is configured in BEMS as follows:

1. In the BEMS Dashboard, under BlackBerry Services Configuration, click mail and then click Certificate Directory Lookup
2. If the Enable LDAP Lookup has been selected, verify the Enable SSL LDAP check box is also selected.

When LDAP Lookup for certificates has been configured on BEMS, if Enable SSL LDAP is not configured, this is a finding.</check-content></check></Rule></Group><Group id="V-79037"><title>SRG-APP-000516-AS-000237</title><description>&lt;GroupDescription&gt;&lt;/GroupDescription&gt;</description><Rule id="SV-93743r1_rule" severity="medium" weight="10.0"><version>BEMS-00-014200</version><title>If the BlackBerry Connect service is installed on the BlackBerry Enterprise Mobility Server (BEMS), it must be configured to use Windows Authentication for the database connection.</title><description>&lt;VulnDiscussion&gt;To assure accountability and prevent unauthorized access, organizational users must be identified and authenticated. Organizational users include organizational employees or individuals the organization deems to have equivalent status of employees (e.g., contractors, guest researchers, individuals from allied nations). Users (and any processes acting on behalf of users) are uniquely identified and authenticated for all accesses other than those accesses explicitly identified and documented by the organization, which outlines specific user actions that can be performed on the information system without identification or authentication.&lt;/VulnDiscussion&gt;&lt;FalsePositives&gt;&lt;/FalsePositives&gt;&lt;FalseNegatives&gt;&lt;/FalseNegatives&gt;&lt;Documentable&gt;false&lt;/Documentable&gt;&lt;Mitigations&gt;&lt;/Mitigations&gt;&lt;SeverityOverrideGuidance&gt;&lt;/SeverityOverrideGuidance&gt;&lt;PotentialImpacts&gt;&lt;/PotentialImpacts&gt;&lt;ThirdPartyTools&gt;&lt;/ThirdPartyTools&gt;&lt;MitigationControl&gt;&lt;/MitigationControl&gt;&lt;Responsibility&gt;&lt;/Responsibility&gt;&lt;IAControls&gt;&lt;/IAControls&gt;</description><reference><dc:title>DPMS Target BEMS 2.x</dc:title><dc:publisher>DISA</dc:publisher><dc:type>DPMS Target</dc:type><dc:subject>BEMS 2.x</dc:subject><dc:identifier>3259</dc:identifier></reference><ident system="http://iase.disa.mil/cci">CCI-000764</ident><fixtext fixref="F-85787r1_fix">Set up Windows Authentication for the database connection for the BlackBerry Connect service in BEMS:

1. In the BEMS Dashboard, under "BlackBerry Services Configuration", click "Connect".
2. Click "Database".
3. In the "Database" field, type the database name.
4. In the Windows Authentication drop-down list, select "Windows Authentication".
5. Click "Save".</fixtext><fix id="F-85787r1_fix" /><check system="C-78625r1_chk"><check-content-ref name="M" href="DPMS_XCCDF_Benchmark_BEMS_2-x_STIG.xml" /><check-content>This requirement is not applicable if the BlackBerry Connect service is not enabled on BEMS.

Verify the BlackBerry Connect service in BEMS is configured for Windows Authentication for the database connection as follows:

1. In the BEMS Dashboard, under "BlackBerry Services Configuration", click "Connect".
2. Click "Database".
3. In the "Database" field, type the database name.
4. In the Windows Authentication drop-down list, verify "Windows Authentication" is selected.

If "Windows Authentication" is not selected for the BlackBerry Connect database connection, this is a finding.</check-content></check></Rule></Group><Group id="V-79039"><title>SRG-APP-000516-AS-000237</title><description>&lt;GroupDescription&gt;&lt;/GroupDescription&gt;</description><Rule id="SV-93745r1_rule" severity="medium" weight="10.0"><version>BEMS-00-014300</version><title>If the BlackBerry Connect service is installed on the BlackBerry Enterprise Mobility Server (BEMS), it must be configured to enable SSL support for BlackBerry Proxy and use only DoD approved certificates.</title><description>&lt;VulnDiscussion&gt;Preventing the disclosure of transmitted information requires that applications take measures to employ some form of cryptographic mechanism in order to protect the information during transmission. This is usually achieved through the use of Transport Layer Security (TLS) or SSL. Untrusted Certificate Authorities (CA) can issue certificates, but they may be issued by organizations or individuals that seek to compromise DoD systems or by organizations with insufficient security controls. If the CA used for verifying the certificate is not a DoD-approved CA, trust of this CA has not been established.&lt;/VulnDiscussion&gt;&lt;FalsePositives&gt;&lt;/FalsePositives&gt;&lt;FalseNegatives&gt;&lt;/FalseNegatives&gt;&lt;Documentable&gt;false&lt;/Documentable&gt;&lt;Mitigations&gt;&lt;/Mitigations&gt;&lt;SeverityOverrideGuidance&gt;&lt;/SeverityOverrideGuidance&gt;&lt;PotentialImpacts&gt;&lt;/PotentialImpacts&gt;&lt;ThirdPartyTools&gt;&lt;/ThirdPartyTools&gt;&lt;MitigationControl&gt;&lt;/MitigationControl&gt;&lt;Responsibility&gt;&lt;/Responsibility&gt;&lt;IAControls&gt;&lt;/IAControls&gt;</description><reference><dc:title>DPMS Target BEMS 2.x</dc:title><dc:publisher>DISA</dc:publisher><dc:type>DPMS Target</dc:type><dc:subject>BEMS 2.x</dc:subject><dc:identifier>3259</dc:identifier></reference><ident system="http://iase.disa.mil/cci">CCI-001453</ident><fixtext fixref="F-85789r1_fix">Configure BlackBerry Connect to enable SSL with a DoD certificate.

1. Submit a CSR request to the DoD CA.
2. Import the DoD certificate to the computer that hosts BEMS.
3. Bind the SSL certificate to the Connect SSL port.
4. Add the new certificate information to the BEMS configuration file.
5. Configure BlackBerry Connect to send requests over SSL.
6. Configure Connect to use SSL with BlackBerry Proxy.</fixtext><fix id="F-85789r1_fix" /><check system="C-78627r1_chk"><check-content-ref name="M" href="DPMS_XCCDF_Benchmark_BEMS_2-x_STIG.xml" /><check-content>This requirement is not applicable if the BlackBerry Connect service is not enabled on BEMS.

Verify SSL is enabled for the BlackBerry Connect service and a DoD certificate is used as follows:

1. Browse to FQDN of the BEMS Connect server(s) on port 8082.
2. Click on the SSL certificate to verify it has been issued by the DoD CA.
3. Repeat steps 1 and 2 for each BEMS server that has the Connect service added to it.

If SSL is not enabled for BlackBerry Connect and if the SSL certificate is not a DoD CA issued certificate, this is a finding.</check-content></check></Rule></Group><Group id="V-79041"><title>SRG-APP-000516-AS-000237</title><description>&lt;GroupDescription&gt;&lt;/GroupDescription&gt;</description><Rule id="SV-93747r1_rule" severity="medium" weight="10.0"><version>BEMS-00-014400</version><title>If the BlackBerry Docs service is installed on the BlackBerry Enterprise Mobility Server (BEMS), it must be configured to use Windows Authentication for the database connection.</title><description>&lt;VulnDiscussion&gt;To assure accountability and prevent unauthorized access, organizational users must be identified and authenticated. Organizational users include organizational employees or individuals the organization deems to have equivalent status of employees (e.g., contractors, guest researchers, individuals from allied nations). Users (and any processes acting on behalf of users) are uniquely identified and authenticated for all accesses other than those accesses explicitly identified and documented by the organization, which outlines specific user actions that can be performed on the information system without identification or authentication.&lt;/VulnDiscussion&gt;&lt;FalsePositives&gt;&lt;/FalsePositives&gt;&lt;FalseNegatives&gt;&lt;/FalseNegatives&gt;&lt;Documentable&gt;false&lt;/Documentable&gt;&lt;Mitigations&gt;&lt;/Mitigations&gt;&lt;SeverityOverrideGuidance&gt;&lt;/SeverityOverrideGuidance&gt;&lt;PotentialImpacts&gt;&lt;/PotentialImpacts&gt;&lt;ThirdPartyTools&gt;&lt;/ThirdPartyTools&gt;&lt;MitigationControl&gt;&lt;/MitigationControl&gt;&lt;Responsibility&gt;&lt;/Responsibility&gt;&lt;IAControls&gt;&lt;/IAControls&gt;</description><reference><dc:title>DPMS Target BEMS 2.x</dc:title><dc:publisher>DISA</dc:publisher><dc:type>DPMS Target</dc:type><dc:subject>BEMS 2.x</dc:subject><dc:identifier>3259</dc:identifier></reference><ident system="http://iase.disa.mil/cci">CCI-000764</ident><fixtext fixref="F-85791r1_fix">Set up Windows Authentication for the database connection for the BlackBerry Docs service in BEMS:

1. In the BEMS Dashboard, under "BlackBerry Services Configuration", click "Docs".
2. Click "Database".
3. In the "Database" field, type the database name.
4. In the Windows Authentication drop-down list, select "Windows Authentication".
5. Click "Save".</fixtext><fix id="F-85791r1_fix" /><check system="C-78629r1_chk"><check-content-ref name="M" href="DPMS_XCCDF_Benchmark_BEMS_2-x_STIG.xml" /><check-content>This requirement is not applicable if the BlackBerry Docs service is not enabled on BEMS.

Verify the BlackBerry Docs service in BEMS is configured for Windows Authentication for the database connection as follows:

1. In the BEMS Dashboard, under "BlackBerry Services Configuration", click "Docs".
2. Click "Database".
3. In the "Database" field, type the database name.
4. In the Windows Authentication drop-down list, verify "Windows Authentication" is selected.

If "Windows Authentication" is not selected for the BlackBerry Docs database connection, this is a finding.</check-content></check></Rule></Group><Group id="V-79043"><title>SRG-APP-000516-AS-000237</title><description>&lt;GroupDescription&gt;&lt;/GroupDescription&gt;</description><Rule id="SV-93749r1_rule" severity="medium" weight="10.0"><version>BEMS-00-014500</version><title>If the BlackBerry Docs service is installed on the BlackBerry Enterprise Mobility Server (BEMS), it must be configured to use NTLM authentication.</title><description>&lt;VulnDiscussion&gt;To assure accountability and prevent unauthorized access, organizational users must be identified and authenticated. Organizational users include organizational employees or individuals the organization deems to have equivalent status of employees (e.g., contractors, guest researchers, individuals from allied nations). Users (and any processes acting on behalf of users) are uniquely identified and authenticated for all accesses other than those accesses explicitly identified and documented by the organization, which outlines specific user actions that can be performed on the information system without identification or authentication.&lt;/VulnDiscussion&gt;&lt;FalsePositives&gt;&lt;/FalsePositives&gt;&lt;FalseNegatives&gt;&lt;/FalseNegatives&gt;&lt;Documentable&gt;false&lt;/Documentable&gt;&lt;Mitigations&gt;&lt;/Mitigations&gt;&lt;SeverityOverrideGuidance&gt;&lt;/SeverityOverrideGuidance&gt;&lt;PotentialImpacts&gt;&lt;/PotentialImpacts&gt;&lt;ThirdPartyTools&gt;&lt;/ThirdPartyTools&gt;&lt;MitigationControl&gt;&lt;/MitigationControl&gt;&lt;Responsibility&gt;&lt;/Responsibility&gt;&lt;IAControls&gt;&lt;/IAControls&gt;</description><reference><dc:title>DPMS Target BEMS 2.x</dc:title><dc:publisher>DISA</dc:publisher><dc:type>DPMS Target</dc:type><dc:subject>BEMS 2.x</dc:subject><dc:identifier>3259</dc:identifier></reference><ident system="http://iase.disa.mil/cci">CCI-000764</ident><fixtext fixref="F-85793r1_fix">Configure NTLM authentication for the BlackBerry Docs service as follows:

1. In the BEMS Dashboard, under "Good Services Configuration", click "Docs".
2. Click "Web Proxy".
3. Select the "Use Web Proxy".
4. In the Proxy Server Authentication Type drop-down list, select "NTLM authentication".
5. Click "Save".</fixtext><fix id="F-85793r1_fix" /><check system="C-78631r1_chk"><check-content-ref name="M" href="DPMS_XCCDF_Benchmark_BEMS_2-x_STIG.xml" /><check-content>This requirement is not applicable if the BlackBerry Docs service is not enabled on BEMS.

Verify NTLM authentication is enabled for the BlackBerry Docs service as follows:

1. In the BEMS Dashboard, under "Good Services Configuration", click "Docs".
2. Click "Web Proxy".
3. Select "Use Web Proxy".
4. In the Proxy Server Authentication Type drop-down list, verify "NTLM authentication" is selected.

If NTLM authentication is not enabled for the BlackBerry Docs service, this is a finding.</check-content></check></Rule></Group><Group id="V-79045"><title>SRG-APP-000516-AS-000237</title><description>&lt;GroupDescription&gt;&lt;/GroupDescription&gt;</description><Rule id="SV-93751r1_rule" severity="high" weight="10.0"><version>BEMS-00-014600</version><title>If the BlackBerry Docs service is installed on the BlackBerry Enterprise Mobility Server (BEMS), it must be configured to use SSL for LDAP lookup to connect to the Office Web App Server (e.g., SharePoint).</title><description>&lt;VulnDiscussion&gt;Preventing the disclosure of transmitted information requires that applications take measures to employ some form of cryptographic mechanism in order to protect the information during transmission. This is usually achieved through the use of Transport Layer Security (TLS) or SSL.&lt;/VulnDiscussion&gt;&lt;FalsePositives&gt;&lt;/FalsePositives&gt;&lt;FalseNegatives&gt;&lt;/FalseNegatives&gt;&lt;Documentable&gt;false&lt;/Documentable&gt;&lt;Mitigations&gt;&lt;/Mitigations&gt;&lt;SeverityOverrideGuidance&gt;&lt;/SeverityOverrideGuidance&gt;&lt;PotentialImpacts&gt;&lt;/PotentialImpacts&gt;&lt;ThirdPartyTools&gt;&lt;/ThirdPartyTools&gt;&lt;MitigationControl&gt;&lt;/MitigationControl&gt;&lt;Responsibility&gt;&lt;/Responsibility&gt;&lt;IAControls&gt;&lt;/IAControls&gt;</description><reference><dc:title>DPMS Target BEMS 2.x</dc:title><dc:publisher>DISA</dc:publisher><dc:type>DPMS Target</dc:type><dc:subject>BEMS 2.x</dc:subject><dc:identifier>3259</dc:identifier></reference><ident system="http://iase.disa.mil/cci">CCI-001453</ident><fixtext fixref="F-85795r1_fix">This requirement is not applicable if the BlackBerry Docs service is not enabled on BEMS.

Configure the BlackBerry Docs service to use SSL for LDAP Lookup to connect to the Office Web App Server (e.g., SharePoint) as follows:

1. In the BEMS Dashboard, under "BlackBerry Services Configuration", click "Docs". 
2. Click "Settings".
3. Select the "Enable Kerberos Constrained Delegation" check box to allow Docs to use Kerberos constrained delegation.
4. Enter each of the Microsoft SharePoint Online domains you plan to make available.
5. Enter the URL for your approved Office Web App Server.
6. Provide your Microsoft Active Directory user domains (separated by commas) and then enter the corresponding LDAP Port. 
7. Select the "Use SSL for LDAP" check box.
8. Click "Save".</fixtext><fix id="F-85795r1_fix" /><check system="C-78633r1_chk"><check-content-ref name="M" href="DPMS_XCCDF_Benchmark_BEMS_2-x_STIG.xml" /><check-content>This requirement is not applicable if the BlackBerry Docs service is not enabled on BEMS.

Verify the BlackBerry Docs service is configured to use SSL for LDAP Lookup to connect to the Office Web App Server (e.g., SharePoint) as follows:

1. In the BEMS Dashboard, under "BlackBerry Services Configuration", click "Docs".
2. Click "Settings".
3. Verify "Use SSL for LDAP" is selected.

If SSL for LDAP is not enabled for the BlackBerry Docs service, this is a finding.</check-content></check></Rule></Group><Group id="V-79047"><title>SRG-APP-000516-AS-000237</title><description>&lt;GroupDescription&gt;&lt;/GroupDescription&gt;</description><Rule id="SV-93753r1_rule" severity="medium" weight="10.0"><version>BEMS-00-014700</version><title>If the BlackBerry Docs service is installed on the BlackBerry Enterprise Mobility Server (BEMS), it must be configured to enable audit logs.</title><description>&lt;VulnDiscussion&gt;Logging must be used in order to track system activity, assist in diagnosing system issues, and provide evidence needed for forensic investigations post security incident.&lt;/VulnDiscussion&gt;&lt;FalsePositives&gt;&lt;/FalsePositives&gt;&lt;FalseNegatives&gt;&lt;/FalseNegatives&gt;&lt;Documentable&gt;false&lt;/Documentable&gt;&lt;Mitigations&gt;&lt;/Mitigations&gt;&lt;SeverityOverrideGuidance&gt;&lt;/SeverityOverrideGuidance&gt;&lt;PotentialImpacts&gt;&lt;/PotentialImpacts&gt;&lt;ThirdPartyTools&gt;&lt;/ThirdPartyTools&gt;&lt;MitigationControl&gt;&lt;/MitigationControl&gt;&lt;Responsibility&gt;&lt;/Responsibility&gt;&lt;IAControls&gt;&lt;/IAControls&gt;</description><reference><dc:title>DPMS Target BEMS 2.x</dc:title><dc:publisher>DISA</dc:publisher><dc:type>DPMS Target</dc:type><dc:subject>BEMS 2.x</dc:subject><dc:identifier>3259</dc:identifier></reference><ident system="http://iase.disa.mil/cci">CCI-000067</ident><fixtext fixref="F-85797r1_fix">Enable audit logging for the BlackBerry Docs service as follows:

1. In the BEMS Dashboard, under "BlackBerry Services Configuration", click "Docs".
2. Click "Audit".
3. On the "Audit Settings" tab, select the "Enable Audit Logs" check box.
4. Click "Save".</fixtext><fix id="F-85797r1_fix" /><check system="C-78635r1_chk"><check-content-ref name="M" href="DPMS_XCCDF_Benchmark_BEMS_2-x_STIG.xml" /><check-content>This requirement is not applicable if the BlackBerry Docs service is not enabled on BEMS.

Verify audit logging is enabled for the BlackBerry Docs service as follows:

1. In the BEMS Dashboard, under "BlackBerry Services Configuration", click "Docs".
2. Click "Audit".
3. On the "Audit Settings" tab, verify "Enable Audit Logs" is selected.

If audit logging is not enabled for the BlackBerry Docs service, this is a finding.</check-content></check></Rule></Group></Benchmark>