<?xml version="1.0" encoding="utf-8"?><?xml-stylesheet type='text/xsl' href='STIG_unclass.xsl'?><Benchmark xmlns:dsig="http://www.w3.org/2000/09/xmldsig#" xmlns:xhtml="http://www.w3.org/1999/xhtml" xmlns:xsi="http://www.w3.org/2001/XMLSchema-instance" xmlns:cpe="http://cpe.mitre.org/language/2.0" xmlns:dc="http://purl.org/dc/elements/1.1/" id="zOS_SRRAUDIT_for_TSS_STIG" xml:lang="en" xsi:schemaLocation="http://checklists.nist.gov/xccdf/1.1 http://nvd.nist.gov/schema/xccdf-1.1.4.xsd http://cpe.mitre.org/dictionary/2.0 http://cpe.mitre.org/files/cpe-dictionary_2.1.xsd" xmlns="http://checklists.nist.gov/xccdf/1.1"><status date="2015-01-15">accepted</status><title>z/OS SRRAUDIT for TSS STIG</title><notice id="terms-of-use" xml:lang="en"></notice><reference href="http://iase.disa.mil"><dc:publisher>DISA, Field Security Operations</dc:publisher><dc:source>STIG.DOD.MIL</dc:source></reference><plain-text id="release-info">Release: 4 Benchmark Date: 20 Jan 2015</plain-text><version>6</version><Profile id="MAC-1_Classified"><title>I - Mission Critical Classified</title><description>&lt;ProfileDescription&gt;&lt;/ProfileDescription&gt;</description><select idref="V-16932" selected="true" /><select idref="V-21592" selected="true" /></Profile><Profile id="MAC-1_Public"><title>I - Mission Critical Public</title><description>&lt;ProfileDescription&gt;&lt;/ProfileDescription&gt;</description><select idref="V-16932" selected="true" /><select idref="V-21592" selected="true" /></Profile><Profile id="MAC-1_Sensitive"><title>I - Mission Critical Sensitive</title><description>&lt;ProfileDescription&gt;&lt;/ProfileDescription&gt;</description><select idref="V-16932" selected="true" /><select idref="V-21592" selected="true" /></Profile><Profile id="MAC-2_Classified"><title>II - Mission Support Classified</title><description>&lt;ProfileDescription&gt;&lt;/ProfileDescription&gt;</description><select idref="V-16932" selected="true" /><select idref="V-21592" selected="true" /></Profile><Profile id="MAC-2_Public"><title>II - Mission Support Public</title><description>&lt;ProfileDescription&gt;&lt;/ProfileDescription&gt;</description><select idref="V-16932" selected="true" /><select idref="V-21592" selected="true" /></Profile><Profile id="MAC-2_Sensitive"><title>II - Mission Support Sensitive</title><description>&lt;ProfileDescription&gt;&lt;/ProfileDescription&gt;</description><select idref="V-16932" selected="true" /><select idref="V-21592" selected="true" /></Profile><Profile id="MAC-3_Classified"><title>III - Administrative Classified</title><description>&lt;ProfileDescription&gt;&lt;/ProfileDescription&gt;</description><select idref="V-16932" selected="true" /><select idref="V-21592" selected="true" /></Profile><Profile id="MAC-3_Public"><title>III - Administrative Public</title><description>&lt;ProfileDescription&gt;&lt;/ProfileDescription&gt;</description><select idref="V-16932" selected="true" /><select idref="V-21592" selected="true" /></Profile><Profile id="MAC-3_Sensitive"><title>III - Administrative Sensitive</title><description>&lt;ProfileDescription&gt;&lt;/ProfileDescription&gt;</description><select idref="V-16932" selected="true" /><select idref="V-21592" selected="true" /></Profile><Group id="V-16932"><title>ZB000000</title><description>&lt;GroupDescription&gt;&lt;/GroupDescription&gt;</description><Rule id="SV-21731r2_rule" severity="medium" weight="10.0"><version>ZSRRT000</version><title>SRRAUDIT installation data sets must be properly protected.</title><description>&lt;VulnDiscussion&gt;SRRAUDIT installation data sets have the ability to use privileged functions and/or have access to sensitive data.  Failure to properly restrict access to these data sets could result in violating the integrity of the base product which could result in compromising the operating system or sensitive data.&lt;/VulnDiscussion&gt;&lt;FalsePositives&gt;&lt;/FalsePositives&gt;&lt;FalseNegatives&gt;&lt;/FalseNegatives&gt;&lt;Documentable&gt;false&lt;/Documentable&gt;&lt;Mitigations&gt;&lt;/Mitigations&gt;&lt;SeverityOverrideGuidance&gt;&lt;/SeverityOverrideGuidance&gt;&lt;PotentialImpacts&gt;&lt;/PotentialImpacts&gt;&lt;ThirdPartyTools&gt;&lt;/ThirdPartyTools&gt;&lt;MitigationControl&gt;&lt;/MitigationControl&gt;&lt;Responsibility&gt;Information Assurance Officer&lt;/Responsibility&gt;&lt;Responsibility&gt;Systems Programmer&lt;/Responsibility&gt;&lt;IAControls&gt;DCSL-1, ECAR-1, ECAR-2, ECCD-1, ECCD-2&lt;/IAControls&gt;</description><reference><dc:title>DPMS Target SRRAUDIT</dc:title><dc:publisher>DISA FSO</dc:publisher><dc:type>DPMS Target</dc:type><dc:subject>SRRAUDIT</dc:subject><dc:identifier>1664</dc:identifier></reference><ident system="http://iase.disa.mil/cci">CCI-000213</ident><ident system="http://iase.disa.mil/cci">CCI-002234</ident><fixtext fixref="F-48449r1_fix">The IAO will ensure WRITE and/or greater access to SRRAUDIT installation data sets is limited to System Programmers only, and all WRITE and/or greater access is logged.  All failures and successful WRITE and/or greater accesses are logged.

The installing Systems Programmer will identify and document the product data sets and categorize them according to who will have WRITE and/or greater access and, if required, that all WRITE and/or greater accesses are logged.  He will identify if any additional groups have WRITE and/or greater access for specific data sets, and once documented he will work with the IAO to see that they are properly restricted to the ACP (Access Control Program) active on the system.

(Note:  The data sets and/or data set prefixes identified below are examples of a possible installation.  The actual data sets and/or prefixes are determined when the product is actually installed on a system through the product’s installation guide and can be site specific.)

Data sets to be protected will be: 
SYS2.SRRAUDIT.

The following commands are provided as a sample for implementing data set controls:

TSS PERMIT(syspaudt) DSN(SYS2.SRRAUDIT.) ACCESS(R)
TSS PERMIT(syspaudt) DSN(SYS2.SRRAUDIT.) ACCESS(ALL) ACTION(AUDIT)
TSS PERMIT(tstcaudt) DSN(SYS2.SRRAUDIT.) ACCESS(R)
TSS PERMIT(tstcaudt) DSN(SYS2.SRRAUDIT.) ACCESS(ALL) ACTION(AUDIT)
TSS PERMIT(audtaudt) DSN(SYS2.SRRAUDIT.) ACCESS(R)
TSS PERMIT(pcspaudt) DSN(SYS2.SRRAUDIT.) ACCESS(R)
TSS PERMIT(secaaudt) DSN(SYS2.SRRAUDIT.) ACCESS(R)</fixtext><fix id="F-48449r1_fix" /><check system="C-23860r2_chk"><check-content-ref name="M" href="DPMS_XCCDF_Benchmark_zOS SRRAUDIT for TSS STIG.xml" /><check-content>Refer to the following report produced by the Data Set and Resource Data Collection:

-	SENSITVE.RPT(SRRPROD)

Automated Analysis
Refer to the following report produced by the Data Set and Resource Data Collection:

-	PDI(ZSRR0000)

Verify that the accesses to the SRRAUDIT installation data sets are properly restricted.  If the following guidance is true, this is not a finding.
 
___	The TSS data set access authorizations restricts READ access to systems programming personnel, domain level production control and scheduling personnel, security personnel, and auditors.

___	The TSS data set access authorizations restricts WRITE and/or greater access to systems programming personnel.

___	The TSS data set access authorizations specify that all (i.e., failures and successes) WRITE and/or greater accesses are logged.</check-content></check></Rule></Group><Group id="V-21592"><title>ZB000002</title><description>&lt;GroupDescription&gt;&lt;/GroupDescription&gt;</description><Rule id="SV-23905r1_rule" severity="medium" weight="10.0"><version>ZSRRT002</version><title>SRRAUDIT User data sets are not properly protected.</title><description>&lt;VulnDiscussion&gt;SRRAUDIT User data sets provide the capability to use privileged functions and/or have access to sensitive data. Failure to properly restrict access to their data sets could result in violating the integrity of the base product which could result in compromising the operating system or sensitive data.&lt;/VulnDiscussion&gt;&lt;FalsePositives&gt;&lt;/FalsePositives&gt;&lt;FalseNegatives&gt;&lt;/FalseNegatives&gt;&lt;Documentable&gt;false&lt;/Documentable&gt;&lt;Mitigations&gt;&lt;/Mitigations&gt;&lt;SeverityOverrideGuidance&gt;&lt;/SeverityOverrideGuidance&gt;&lt;PotentialImpacts&gt;&lt;/PotentialImpacts&gt;&lt;ThirdPartyTools&gt;&lt;/ThirdPartyTools&gt;&lt;MitigationControl&gt;&lt;/MitigationControl&gt;&lt;Responsibility&gt;Information Assurance Officer&lt;/Responsibility&gt;&lt;Responsibility&gt;Systems Programmer&lt;/Responsibility&gt;&lt;IAControls&gt;DCSL-1, ECAR-1, ECAR-2, ECCD-1, ECCD-2&lt;/IAControls&gt;</description><reference><dc:title>DPMS Target SRRAUDIT</dc:title><dc:publisher>DISA FSO</dc:publisher><dc:type>DPMS Target</dc:type><dc:subject>SRRAUDIT</dc:subject><dc:identifier>1664</dc:identifier></reference><ident system="http://iase.disa.mil/cci">CCI-001499</ident><fixtext fixref="F-20279r1_fix">The IAO will ensure that read, update, and allocate access to program product user data sets is limited to System Programmers, Security Personnel, and Auditors and all update and allocate access is logged.

The installing System Programmer will identify and document the product user data sets and categorize them according to who will have update and allocate access and if required that all update and allocate access is logged. He will identify if any additional groups have update access for specific data sets, and once documented he will work with the IAO to see that they are properly restricted to the ACP (Access Control Program ) active on the system.

Data set prefix to be protected will be:

SYS3.SRRAUDIT.

If doing a full SRR review using the z/OS STIG Instruction, the following data set prefix to be protected will be:

SYS3.FSO.
 
The following commands are provided as a sample for implementing dataset controls: 

TSS ADD(SYS3) DSN(SYS3) 
TSS PER(syspaudt) DSN(SYS3.SRRAUDIT.) ACC(R)
TSS PER(secaaudt) DSN(SYS3.SRRAUDIT.) ACC(R)
TSS PER(audtaudt) DSN(SYS3.SRRAUDIT.) ACC(R)
TSS PER(syspaudt) DSN(SYS3.SRRAUDIT.) ACC(A) ACTION(AUDIT)
TSS PER(secaaudt) DSN(SYS3.SRRAUDIT.) ACC(A) ACTION(AUDIT)
TSS PER(audtaudt) DSN(SYS3.SRRAUDIT.) ACC(A) ACTION(AUDIT)

TSS PER(syspaudt) DSN(SYS3.FSO.) ACC(R)
TSS PER(secaaudt) DSN(SYS3.FSO.) ACC(R)
TSS PER(audtaudt) DSN(SYS3.FSO.) ACC(R)
TSS PER(syspaudt) DSN(SYS3.FSO.) ACC(A) ACTION(AUDIT)
TSS PER(secaaudt) DSN(SYS3.FSO.) ACC(A) ACTION(AUDIT)
TSS PER(audtaudt) DSN(SYS3.FSO.) ACC(A) ACTION(AUDIT)
</fixtext><fix id="F-20279r1_fix" /><check system="C-27826r1_chk"><check-content-ref name="M" href="DPMS_XCCDF_Benchmark_zOS SRRAUDIT for TSS STIG.xml" /><check-content>a)	Refer to the following report produced by the Data Set and Resource Data Collection:

-	SENSITVE.RPT(SRRUSER) 

Automated Analysis
Refer to the following report produced by the Data Set and Resource Data Collection:

-	PDI(ZSRR0002)

b)	Verify that access to the SRRAUDIT User data sets are properly restricted.

___	The TSS data set rules for the data sets does not restrict READ, UPDATE, and/or ALTER access to systems programming personnel, security personnel, and auditors.

___	The TSS data set rules for the data sets do not specify that all (i.e., failures and successes) UPDATE and/or ALTER access will be logged.

b)	If all of the above are untrue, there is NO FINDING.

c)	If any of the above is true, this is a FINDING.</check-content></check></Rule></Group></Benchmark>