<?xml version="1.0" encoding="utf-8"?><?xml-stylesheet type='text/xsl' href='STIG_unclass.xsl'?><Benchmark xmlns:dsig="http://www.w3.org/2000/09/xmldsig#" xmlns:xhtml="http://www.w3.org/1999/xhtml" xmlns:xsi="http://www.w3.org/2001/XMLSchema-instance" xmlns:cpe="http://cpe.mitre.org/language/2.0" xmlns:dc="http://purl.org/dc/elements/1.1/" id="zOS_CA_Common_Services_for_ACF2_STIG" xml:lang="en" xsi:schemaLocation="http://checklists.nist.gov/xccdf/1.1 http://nvd.nist.gov/schema/xccdf-1.1.4.xsd http://cpe.mitre.org/dictionary/2.0 http://cpe.mitre.org/files/cpe-dictionary_2.1.xsd" xmlns="http://checklists.nist.gov/xccdf/1.1"><status date="2015-01-15">accepted</status><title>z/OS CA Common Services for ACF2 STIG</title><notice id="terms-of-use" xml:lang="en"></notice><reference href="http://iase.disa.mil"><dc:publisher>DISA, Field Security Operations</dc:publisher><dc:source>STIG.DOD.MIL</dc:source></reference><plain-text id="release-info">Release: 2 Benchmark Date: 20 Jan 2015</plain-text><version>6</version><Profile id="MAC-1_Classified"><title>I - Mission Critical Classified</title><description>&lt;ProfileDescription&gt;&lt;/ProfileDescription&gt;</description><select idref="V-16932" selected="true" /><select idref="V-17452" selected="true" /></Profile><Profile id="MAC-1_Public"><title>I - Mission Critical Public</title><description>&lt;ProfileDescription&gt;&lt;/ProfileDescription&gt;</description><select idref="V-16932" selected="true" /><select idref="V-17452" selected="true" /></Profile><Profile id="MAC-1_Sensitive"><title>I - Mission Critical Sensitive</title><description>&lt;ProfileDescription&gt;&lt;/ProfileDescription&gt;</description><select idref="V-16932" selected="true" /><select idref="V-17452" selected="true" /></Profile><Profile id="MAC-2_Classified"><title>II - Mission Support Classified</title><description>&lt;ProfileDescription&gt;&lt;/ProfileDescription&gt;</description><select idref="V-16932" selected="true" /><select idref="V-17452" selected="true" /></Profile><Profile id="MAC-2_Public"><title>II - Mission Support Public</title><description>&lt;ProfileDescription&gt;&lt;/ProfileDescription&gt;</description><select idref="V-16932" selected="true" /><select idref="V-17452" selected="true" /></Profile><Profile id="MAC-2_Sensitive"><title>II - Mission Support Sensitive</title><description>&lt;ProfileDescription&gt;&lt;/ProfileDescription&gt;</description><select idref="V-16932" selected="true" /><select idref="V-17452" selected="true" /></Profile><Profile id="MAC-3_Classified"><title>III - Administrative Classified</title><description>&lt;ProfileDescription&gt;&lt;/ProfileDescription&gt;</description><select idref="V-16932" selected="true" /><select idref="V-17452" selected="true" /></Profile><Profile id="MAC-3_Public"><title>III - Administrative Public</title><description>&lt;ProfileDescription&gt;&lt;/ProfileDescription&gt;</description><select idref="V-16932" selected="true" /><select idref="V-17452" selected="true" /></Profile><Profile id="MAC-3_Sensitive"><title>III - Administrative Sensitive</title><description>&lt;ProfileDescription&gt;&lt;/ProfileDescription&gt;</description><select idref="V-16932" selected="true" /><select idref="V-17452" selected="true" /></Profile><Group id="V-16932"><title>ZB000000</title><description>&lt;GroupDescription&gt;&lt;/GroupDescription&gt;</description><Rule id="SV-40833r1_rule" severity="medium" weight="10.0"><version>ZCCSA000</version><title>CA Common Services installation data sets will be properly protected.</title><description>&lt;VulnDiscussion&gt;CA Common Services installation data sets have the ability to use privileged functions and/or have access to sensitive data. Failure to properly restrict access to these data sets could result in violating the integrity of the base product which could result in compromising the operating system or sensitive data.&lt;/VulnDiscussion&gt;&lt;FalsePositives&gt;&lt;/FalsePositives&gt;&lt;FalseNegatives&gt;&lt;/FalseNegatives&gt;&lt;Documentable&gt;false&lt;/Documentable&gt;&lt;Mitigations&gt;&lt;/Mitigations&gt;&lt;SeverityOverrideGuidance&gt;&lt;/SeverityOverrideGuidance&gt;&lt;PotentialImpacts&gt;&lt;/PotentialImpacts&gt;&lt;ThirdPartyTools&gt;&lt;/ThirdPartyTools&gt;&lt;MitigationControl&gt;&lt;/MitigationControl&gt;&lt;Responsibility&gt;Information Assurance Officer&lt;/Responsibility&gt;&lt;Responsibility&gt;Systems Programmer&lt;/Responsibility&gt;&lt;IAControls&gt;DCSL-1, ECAR-1, ECAR-2, ECCD-1, ECCD-2&lt;/IAControls&gt;</description><reference><dc:title>DPMS Target CA Common Services for zOS</dc:title><dc:publisher>DISA FSO</dc:publisher><dc:type>DPMS Target</dc:type><dc:subject>CA Common Services for zOS</dc:subject><dc:identifier>2017</dc:identifier></reference><ident system="http://iase.disa.mil/cci">CCI-000213</ident><ident system="http://iase.disa.mil/cci">CCI-002234</ident><fixtext fixref="F-180r1_fix">The IAO will ensure that WRITE and/or greater access to CA Common Services installation data sets is limited to System Programmers only, and all WRITE and/or greater access is logged.  READ access can be given to all authorized users.

The installing Systems Programmer will identify and document the product data sets and categorize them according to who will have WRITE and/or greater access and if required that all WRITE and/or greater access is logged.  He will identify if any additional groups have WRITE and/or greater access for specific data sets, and once documented he will work with the IAO to see that they are properly restricted to the ACP (Access Control Program) active on the system.

Data sets to be protected may begin with:
SYS2.CCS.
SYS2A.CCS.
SYS3.CCS.

The following commands are provided as a sample for implementing data set controls:

$KEY(S2C)
$PREFIX(SYS2)
CCS.- UID(syspaudt) R(A) W(L) A(L) E(A)
CCS.- UID(&lt;tstcaudt&gt;) R(A) W(L) A(L) E(A)
CCS.- UID(authorized users/*) R(A) E(A)

SET RULE
COMPILE 'ACF2.MVA.DSNRULES(S2C)' STORE</fixtext><fix id="F-180r1_fix" /><check system="C-25788r1_chk"><check-content-ref name="M" href="DPMS_XCCDF_Benchmark_zOS CA Common Services for ACF2 STIG.xml" /><check-content>Refer to the following report produced by the Data Set and Resource Data Collection:

-	SENSITVE.RPT(CCSRPT)

Automated Analysis
Refer to the following report produced by the Data Set and Resource Data Collection:

-	PDI(ZCCS0000)

Verify that the accesses to the CA Common Services installation data sets are properly restricted.  If the following guidance is true, this is not a finding.

___	The ACF2 data set rules for the data sets restricts READ access to all authorized users.

___	The ACF2 data set rules for the data sets restricts WRITE and/or greater access to systems programming personnel.

___	The ACF2 data set rules for the data sets specify that all (i.e., failures and successes) WRITE and/or greater access is logged.</check-content></check></Rule></Group><Group id="V-17452"><title>ZB000030</title><description>&lt;GroupDescription&gt;&lt;/GroupDescription&gt;</description><Rule id="SV-40856r1_rule" severity="medium" weight="10.0"><version>ZCCSA030</version><title>CA Common Services Started Task name will be properly identified and/or defined to the system ACP.</title><description>&lt;VulnDiscussion&gt;CA Common Services requires a started task that will be restricted to certain resources, datasets and other system functions. By defining the started task as a userid to the system ACP, It allows the ACP to control the access and authorized users that require these capabilities. Failure to properly control these capabilities, could compromise of the operating system environment, ACP, and customer data.&lt;/VulnDiscussion&gt;&lt;FalsePositives&gt;&lt;/FalsePositives&gt;&lt;FalseNegatives&gt;&lt;/FalseNegatives&gt;&lt;Documentable&gt;false&lt;/Documentable&gt;&lt;Mitigations&gt;&lt;/Mitigations&gt;&lt;SeverityOverrideGuidance&gt;&lt;/SeverityOverrideGuidance&gt;&lt;PotentialImpacts&gt;&lt;/PotentialImpacts&gt;&lt;ThirdPartyTools&gt;&lt;/ThirdPartyTools&gt;&lt;MitigationControl&gt;&lt;/MitigationControl&gt;&lt;Responsibility&gt;Information Assurance Officer&lt;/Responsibility&gt;&lt;Responsibility&gt;Systems Programmer&lt;/Responsibility&gt;&lt;IAControls&gt;ECCD-1, ECCD-2&lt;/IAControls&gt;</description><reference><dc:title>DPMS Target CA Common Services for zOS</dc:title><dc:publisher>DISA FSO</dc:publisher><dc:type>DPMS Target</dc:type><dc:subject>CA Common Services for zOS</dc:subject><dc:identifier>2017</dc:identifier></reference><ident system="http://iase.disa.mil/cci">CCI-000764</ident><fixtext fixref="F-256r1_fix">The IAO working with the systems programmer will ensure the CA Common Services Started Task(s) is properly identified and/or defined to the System ACP. 

If the product requires a Started Task, verify that it is properly defined to the System ACP with the proper attributes.

Most installation manuals will indicate how a Started Task is identified and any additional attributes that must be specified.

The following commands are provided as a sample for defining Started Task(s):

SET LID
insert CAS9 stc name('STC, CAS9')</fixtext><fix id="F-256r1_fix" /><check system="C-4864r1_chk"><check-content-ref name="M" href="DPMS_XCCDF_Benchmark_zOS CA Common Services for ACF2 STIG.xml" /><check-content>Refer to the following report produced by the ACF2 Data Collection:

-	ACF2CMDS.RPT(ATTSTC)

Verify that the logonid(s) for the CA Common Services started task(s) is (are) properly defined.  If the following attributes are defined, this is not a finding.

STC</check-content></check></Rule></Group></Benchmark>