<?xml version="1.0" encoding="utf-8"?><?xml-stylesheet type='text/xsl' href='STIG_unclass.xsl'?><Benchmark xmlns:dsig="http://www.w3.org/2000/09/xmldsig#" xmlns:xhtml="http://www.w3.org/1999/xhtml" xmlns:xsi="http://www.w3.org/2001/XMLSchema-instance" xmlns:cpe="http://cpe.mitre.org/language/2.0" xmlns:dc="http://purl.org/dc/elements/1.1/" id="zOS_CA_VTAPE_for_ACF2_STIG" xml:lang="en" xsi:schemaLocation="http://checklists.nist.gov/xccdf/1.1 http://nvd.nist.gov/schema/xccdf-1.1.4.xsd http://cpe.mitre.org/dictionary/2.0 http://cpe.mitre.org/files/cpe-dictionary_2.1.xsd" xmlns="http://checklists.nist.gov/xccdf/1.1"><status date="2015-01-15">accepted</status><title>z/OS CA VTAPE for ACF2 STIG</title><notice id="terms-of-use" xml:lang="en"></notice><reference href="http://iase.disa.mil"><dc:publisher>DISA, Field Security Operations</dc:publisher><dc:source>STIG.DOD.MIL</dc:source></reference><plain-text id="release-info">Release: 4 Benchmark Date: 20 Jan 2015</plain-text><version>6</version><Profile id="MAC-1_Classified"><title>I - Mission Critical Classified</title><description>&lt;ProfileDescription&gt;&lt;/ProfileDescription&gt;</description><select idref="V-16932" selected="true" /><select idref="V-17067" selected="true" /><select idref="V-17452" selected="true" /></Profile><Profile id="MAC-1_Public"><title>I - Mission Critical Public</title><description>&lt;ProfileDescription&gt;&lt;/ProfileDescription&gt;</description><select idref="V-16932" selected="true" /><select idref="V-17067" selected="true" /><select idref="V-17452" selected="true" /></Profile><Profile id="MAC-1_Sensitive"><title>I - Mission Critical Sensitive</title><description>&lt;ProfileDescription&gt;&lt;/ProfileDescription&gt;</description><select idref="V-16932" selected="true" /><select idref="V-17067" selected="true" /><select idref="V-17452" selected="true" /></Profile><Profile id="MAC-2_Classified"><title>II - Mission Support Classified</title><description>&lt;ProfileDescription&gt;&lt;/ProfileDescription&gt;</description><select idref="V-16932" selected="true" /><select idref="V-17067" selected="true" /><select idref="V-17452" selected="true" /></Profile><Profile id="MAC-2_Public"><title>II - Mission Support Public</title><description>&lt;ProfileDescription&gt;&lt;/ProfileDescription&gt;</description><select idref="V-16932" selected="true" /><select idref="V-17067" selected="true" /><select idref="V-17452" selected="true" /></Profile><Profile id="MAC-2_Sensitive"><title>II - Mission Support Sensitive</title><description>&lt;ProfileDescription&gt;&lt;/ProfileDescription&gt;</description><select idref="V-16932" selected="true" /><select idref="V-17067" selected="true" /><select idref="V-17452" selected="true" /></Profile><Profile id="MAC-3_Classified"><title>III - Administrative Classified</title><description>&lt;ProfileDescription&gt;&lt;/ProfileDescription&gt;</description><select idref="V-16932" selected="true" /><select idref="V-17067" selected="true" /><select idref="V-17452" selected="true" /></Profile><Profile id="MAC-3_Public"><title>III - Administrative Public</title><description>&lt;ProfileDescription&gt;&lt;/ProfileDescription&gt;</description><select idref="V-16932" selected="true" /><select idref="V-17067" selected="true" /><select idref="V-17452" selected="true" /></Profile><Profile id="MAC-3_Sensitive"><title>III - Administrative Sensitive</title><description>&lt;ProfileDescription&gt;&lt;/ProfileDescription&gt;</description><select idref="V-16932" selected="true" /><select idref="V-17067" selected="true" /><select idref="V-17452" selected="true" /></Profile><Group id="V-16932"><title>ZB000000</title><description>&lt;GroupDescription&gt;&lt;/GroupDescription&gt;</description><Rule id="SV-33824r1_rule" severity="medium" weight="10.0"><version>ZVTAA000</version><title>CA VTAPE installation data sets are not properly protected.</title><description>&lt;VulnDiscussion&gt;CA VTAPE installation data sets have the ability to use privileged functions and/or have access to sensitive data. Failure to properly restrict access to these data sets could result in violating the integrity of the base product which could result in compromising the operating system or sensitive data.&lt;/VulnDiscussion&gt;&lt;FalsePositives&gt;&lt;/FalsePositives&gt;&lt;FalseNegatives&gt;&lt;/FalseNegatives&gt;&lt;Documentable&gt;false&lt;/Documentable&gt;&lt;Mitigations&gt;&lt;/Mitigations&gt;&lt;SeverityOverrideGuidance&gt;&lt;/SeverityOverrideGuidance&gt;&lt;PotentialImpacts&gt;&lt;/PotentialImpacts&gt;&lt;ThirdPartyTools&gt;&lt;/ThirdPartyTools&gt;&lt;MitigationControl&gt;&lt;/MitigationControl&gt;&lt;Responsibility&gt;Information Assurance Officer&lt;/Responsibility&gt;&lt;Responsibility&gt;Systems Programmer&lt;/Responsibility&gt;&lt;IAControls&gt;DCSL-1, ECAR-1, ECAR-2, ECCD-1, ECCD-2&lt;/IAControls&gt;</description><reference><dc:title>DPMS Target CA VTape</dc:title><dc:publisher>DISA FSO</dc:publisher><dc:type>DPMS Target</dc:type><dc:subject>CA VTape</dc:subject><dc:identifier>2092</dc:identifier></reference><ident system="http://iase.disa.mil/cci">CCI-000213</ident><ident system="http://iase.disa.mil/cci">CCI-002234</ident><fixtext fixref="F-283r1_fix">The IAO will ensure that update and allocate access to CA VTAPE installation data sets is limited to System Programmers only, and all update and allocate access is logged.  Read access can be given to all authorized users.

The installing Systems Programmer will identify and document the product data sets and categorize them according to who will have update and alter access and if required that all update and allocate access is logged.  He will identify if any additional groups have update and/or alter access for specific data sets, and once documented he will work with the IAO to see that they are properly restricted to the ACP (Access Control Program) active on the system.

Data sets to be protected will be: 
SYS2.VTAPE.
SYS3.VTAPE. (data sets that are not altered by product STCs, can be more specific)

The following commands are provided as a sample for implementing data set controls: 

$KEY(SYS2)
VTAPE.- UID(&lt;syspaudt&gt;) R(A) W(L) A(L) E(A)
VTAPE.- UID(&lt;tstcaudt&gt;) R(A) W(L) A(L) E(A)
VTAPE.- UID(&lt;audtaudt&gt;) R(A) E(A)
VTAPE.- UID(authorized users) R(A) E(A)
VTAPE.- UID(&lt;audtaudt&gt;) R(A) E(A)
VTAPE.- UID(VTAPE STCs) R(A) E(A)

$KEY(SYS3)
VTAPE.- UID(&lt;syspaudt&gt;) R(A) W(L) A(L) E(A)
VTAPE.- UID(&lt;tstcaudt&gt;) R(A) W(L) A(L) E(A)
VTAPE.- UID(&lt;audtaudt&gt;) R(A) E(A)
VTAPE.- UID(authorized users) R(A) E(A)
VTAPE.- UID(VTAPE STCs) R(A) E(A)</fixtext><fix id="F-283r1_fix" /><check system="C-4633r1_chk"><check-content-ref name="M" href="DPMS_XCCDF_Benchmark_zOS CA VTAPE for ACF2 STIG.xml" /><check-content>Refer to the following report produced by the Data Set and Resource Data Collection:

-	SENSITVE.RPT(VTARPT)

Automated Analysis
Refer to the following report produced by the Data Set and Resource Data Collection:

-	PDI(ZVTA0000)

Verify that the accesses to the CA VTAPE installation data sets are properly restricted.
 
___	The ACF2 data set rules for the data sets restricts READ access to all authorized users.

___	The ACF2 data set rules for the data sets restricts UPDATE and/or ALTER access to systems programming personnel.

___	The ACF2 data set rules for the data sets specify that all (i.e., failures and successes) UPDATE and/or ALTER access are logged.</check-content></check></Rule></Group><Group id="V-17067"><title>ZB000001</title><description>&lt;GroupDescription&gt;&lt;/GroupDescription&gt;</description><Rule id="SV-33827r1_rule" severity="medium" weight="10.0"><version>ZVTAA001</version><title>CA VTAPE STC data sets will be properly protected.</title><description>&lt;VulnDiscussion&gt;CA VTAPE STC data sets have the ability to use privileged functions and/or have access to sensitive data.  Failure to properly restrict access to these data sets could result in violating the integrity of the base product which could result in compromising the operating system or sensitive data.&lt;/VulnDiscussion&gt;&lt;FalsePositives&gt;&lt;/FalsePositives&gt;&lt;FalseNegatives&gt;&lt;/FalseNegatives&gt;&lt;Documentable&gt;false&lt;/Documentable&gt;&lt;Mitigations&gt;&lt;/Mitigations&gt;&lt;SeverityOverrideGuidance&gt;&lt;/SeverityOverrideGuidance&gt;&lt;PotentialImpacts&gt;&lt;/PotentialImpacts&gt;&lt;ThirdPartyTools&gt;&lt;/ThirdPartyTools&gt;&lt;MitigationControl&gt;&lt;/MitigationControl&gt;&lt;Responsibility&gt;Information Assurance Officer&lt;/Responsibility&gt;&lt;Responsibility&gt;Systems Programmer&lt;/Responsibility&gt;&lt;IAControls&gt;DCSL-1, ECAR-1, ECAR-2, ECAR-3, ECCD-1, ECCD-2&lt;/IAControls&gt;</description><reference><dc:title>DPMS Target CA VTape</dc:title><dc:publisher>DISA FSO</dc:publisher><dc:type>DPMS Target</dc:type><dc:subject>CA VTape</dc:subject><dc:identifier>2092</dc:identifier></reference><ident system="http://iase.disa.mil/cci">CCI-001499</ident><fixtext fixref="F-34569r1_fix">The IAO will ensure that WRITE and/or greater access to CA VTAPE STC data sets is limited to System Programmers, tape management personnel,  and/or CA VTAPE’s STC(s) and/or batch user(s) only.  Read access can be given to auditors and authorized users.

The installing Systems Programmer will identify and document the product data sets and categorize them according to who will have update and alter access and if required that all update and allocate access is logged.  He will identify if any additional groups have update and/or alter access for specific data sets, and once documented he will work with the IAO to see that they are properly restricted to the ACP (Access Control Program) active on the system.

Data sets to be protected will be: 
SYS3.VTAPE (data sets that are altered by the product’s STCs, this can be more specific)

The following commands are provided as a sample for implementing data set controls: 

$KEY(SYS3)
VTAPE.- UID(&lt;syspaudt&gt;) R(A) W(A) A(A) E(A)
VTAPE.- UID(&lt;tapeaudt&gt;) R(A) W(A) A(A) E(A)
VTAPE.- UID(&lt;tstcaudt&gt;) R(A) W(A) A(A) E(A)
VTAPE.- UID(VTAPE STCs) R(A) W(A) A(A) E(A)
VTAPE.- UID(&lt;audtaudt&gt;) R(A) E(A)
VTAPE.- UID(authorize users) R(A) E(A)</fixtext><fix id="F-34569r1_fix" /><check system="C-39440r1_chk"><check-content-ref name="M" href="DPMS_XCCDF_Benchmark_zOS CA VTAPE for ACF2 STIG.xml" /><check-content>Refer to the following report produced by the Data Set and Resource Data Collection:

-	SENSITVE.RPT(VTASTC)

Automated Analysis
Refer to the following report produced by the Data Set and Resource Data Collection:

-	PDI(ZVTA0001)

Verify that the accesses to the CA VTAPE STC data sets are properly restricted.  If the following guidance is true, this is not a finding.
 
___	The ACF2 data set rules for the data sets restricts READ access to auditors and authorized users.

___	The ACF2 data set rules for the data sets restricts WRITE and/or greater access to systems programming personnel and Tape Management personnel.

___	The ACF2 data set rules for the data sets restricts WRITE and/or greater access to the CA VTAPE’s STC(s) and/or batch user(s).</check-content></check></Rule></Group><Group id="V-17452"><title>ZB000030</title><description>&lt;GroupDescription&gt;&lt;/GroupDescription&gt;</description><Rule id="SV-33830r1_rule" severity="medium" weight="10.0"><version>ZVTAA030</version><title>CA VTAPE Started Task name is not properly identified/defined to the system ACP.</title><description>&lt;VulnDiscussion&gt;CA VTAPE requires a started task that will be restricted to certain resources, datasets and other system functions. By defining the started task as a userid to the system ACP, It allows the ACP to control the access and authorized users that require these capabilities. Failure to properly control these capabilities, could compromise of the operating system environment, ACP, and customer data.&lt;/VulnDiscussion&gt;&lt;FalsePositives&gt;&lt;/FalsePositives&gt;&lt;FalseNegatives&gt;&lt;/FalseNegatives&gt;&lt;Documentable&gt;false&lt;/Documentable&gt;&lt;Mitigations&gt;&lt;/Mitigations&gt;&lt;SeverityOverrideGuidance&gt;&lt;/SeverityOverrideGuidance&gt;&lt;PotentialImpacts&gt;&lt;/PotentialImpacts&gt;&lt;ThirdPartyTools&gt;&lt;/ThirdPartyTools&gt;&lt;MitigationControl&gt;&lt;/MitigationControl&gt;&lt;Responsibility&gt;Information Assurance Officer&lt;/Responsibility&gt;&lt;IAControls&gt;ECCD-1, ECCD-2&lt;/IAControls&gt;</description><reference><dc:title>DPMS Target CA VTape</dc:title><dc:publisher>DISA FSO</dc:publisher><dc:type>DPMS Target</dc:type><dc:subject>CA VTape</dc:subject><dc:identifier>2092</dc:identifier></reference><ident system="http://iase.disa.mil/cci">CCI-000764</ident><fixtext fixref="F-183r1_fix">The CA VTAPE system programmer and the IAO will ensure that a product's Started Task(s) is properly identified/defined to the System ACP. 

If the product requires a Started Task, verify that it is properly defined to the System ACP with the proper attributes.

Most installation manuals will indicate how the Started Task is identified and any additional attributes that must be specified.

Example:

SET LID
INSERT SVTS STC NO-SMC
INSERT SVTSAS STC NO-SMC</fixtext><fix id="F-183r1_fix" /><check system="C-4781r1_chk"><check-content-ref name="M" href="DPMS_XCCDF_Benchmark_zOS CA VTAPE for ACF2 STIG.xml" /><check-content>Refer to the following report produced by the ACF2 Data Collection:

-	ACF2CMDS.RPT(ATTSTC)

Insure that the logonids(s) for the CA VTAPE started task(s) includes the following:

STC
NO-SMC</check-content></check></Rule></Group></Benchmark>