<?xml version="1.0" encoding="utf-8"?><?xml-stylesheet type='text/xsl' href='STIG_unclass.xsl'?><Benchmark xmlns:dsig="http://www.w3.org/2000/09/xmldsig#" xmlns:xhtml="http://www.w3.org/1999/xhtml" xmlns:xsi="http://www.w3.org/2001/XMLSchema-instance" xmlns:cpe="http://cpe.mitre.org/language/2.0" xmlns:dc="http://purl.org/dc/elements/1.1/" id="zOS_BMC_IOA_for_RACF_STIG" xml:lang="en" xsi:schemaLocation="http://checklists.nist.gov/xccdf/1.1 http://nvd.nist.gov/schema/xccdf-1.1.4.xsd http://cpe.mitre.org/dictionary/2.0 http://cpe.mitre.org/files/cpe-dictionary_2.1.xsd" xmlns="http://checklists.nist.gov/xccdf/1.1"><status date="2015-09-28">accepted</status><title>z/OS BMC IOA for RACF STIG</title><notice id="terms-of-use" xml:lang="en"></notice><reference href="http://iase.disa.mil"><dc:publisher>DISA</dc:publisher><dc:source>STIG.DOD.MIL</dc:source></reference><plain-text id="release-info">Release: 6 Benchmark Date: 23 Oct 2015</plain-text><version>6</version><Profile id="MAC-1_Classified"><title>I - Mission Critical Classified</title><description>&lt;ProfileDescription&gt;&lt;/ProfileDescription&gt;</description><select idref="V-16932" selected="true" /><select idref="V-17067" selected="true" /><select idref="V-17452" selected="true" /><select idref="V-17454" selected="true" /><select idref="V-17947" selected="true" /><select idref="V-17985" selected="true" /><select idref="V-18014" selected="true" /><select idref="V-21592" selected="true" /></Profile><Profile id="MAC-1_Public"><title>I - Mission Critical Public</title><description>&lt;ProfileDescription&gt;&lt;/ProfileDescription&gt;</description><select idref="V-16932" selected="true" /><select idref="V-17067" selected="true" /><select idref="V-17452" selected="true" /><select idref="V-17454" selected="true" /><select idref="V-17947" selected="true" /><select idref="V-17985" selected="true" /><select idref="V-18014" selected="true" /><select idref="V-21592" selected="true" /></Profile><Profile id="MAC-1_Sensitive"><title>I - Mission Critical Sensitive</title><description>&lt;ProfileDescription&gt;&lt;/ProfileDescription&gt;</description><select idref="V-16932" selected="true" /><select idref="V-17067" selected="true" /><select idref="V-17452" selected="true" /><select idref="V-17454" selected="true" /><select idref="V-17947" selected="true" /><select idref="V-17985" selected="true" /><select idref="V-18014" selected="true" /><select idref="V-21592" selected="true" /></Profile><Profile id="MAC-2_Classified"><title>II - Mission Support Classified</title><description>&lt;ProfileDescription&gt;&lt;/ProfileDescription&gt;</description><select idref="V-16932" selected="true" /><select idref="V-17067" selected="true" /><select idref="V-17452" selected="true" /><select idref="V-17454" selected="true" /><select idref="V-17947" selected="true" /><select idref="V-17985" selected="true" /><select idref="V-18014" selected="true" /><select idref="V-21592" selected="true" /></Profile><Profile id="MAC-2_Public"><title>II - Mission Support Public</title><description>&lt;ProfileDescription&gt;&lt;/ProfileDescription&gt;</description><select idref="V-16932" selected="true" /><select idref="V-17067" selected="true" /><select idref="V-17452" selected="true" /><select idref="V-17454" selected="true" /><select idref="V-17947" selected="true" /><select idref="V-17985" selected="true" /><select idref="V-18014" selected="true" /><select idref="V-21592" selected="true" /></Profile><Profile id="MAC-2_Sensitive"><title>II - Mission Support Sensitive</title><description>&lt;ProfileDescription&gt;&lt;/ProfileDescription&gt;</description><select idref="V-16932" selected="true" /><select idref="V-17067" selected="true" /><select idref="V-17452" selected="true" /><select idref="V-17454" selected="true" /><select idref="V-17947" selected="true" /><select idref="V-17985" selected="true" /><select idref="V-18014" selected="true" /><select idref="V-21592" selected="true" /></Profile><Profile id="MAC-3_Classified"><title>III - Administrative Classified</title><description>&lt;ProfileDescription&gt;&lt;/ProfileDescription&gt;</description><select idref="V-16932" selected="true" /><select idref="V-17067" selected="true" /><select idref="V-17452" selected="true" /><select idref="V-17454" selected="true" /><select idref="V-17947" selected="true" /><select idref="V-17985" selected="true" /><select idref="V-18014" selected="true" /><select idref="V-21592" selected="true" /></Profile><Profile id="MAC-3_Public"><title>III - Administrative Public</title><description>&lt;ProfileDescription&gt;&lt;/ProfileDescription&gt;</description><select idref="V-16932" selected="true" /><select idref="V-17067" selected="true" /><select idref="V-17452" selected="true" /><select idref="V-17454" selected="true" /><select idref="V-17947" selected="true" /><select idref="V-17985" selected="true" /><select idref="V-18014" selected="true" /><select idref="V-21592" selected="true" /></Profile><Profile id="MAC-3_Sensitive"><title>III - Administrative Sensitive</title><description>&lt;ProfileDescription&gt;&lt;/ProfileDescription&gt;</description><select idref="V-16932" selected="true" /><select idref="V-17067" selected="true" /><select idref="V-17452" selected="true" /><select idref="V-17454" selected="true" /><select idref="V-17947" selected="true" /><select idref="V-17985" selected="true" /><select idref="V-18014" selected="true" /><select idref="V-21592" selected="true" /></Profile><Group id="V-16932"><title>ZB000000</title><description>&lt;GroupDescription&gt;&lt;/GroupDescription&gt;</description><Rule id="SV-31825r2_rule" severity="medium" weight="10.0"><version>ZIOAR000</version><title>BMC IOA installation data sets will be properly protected.</title><description>&lt;VulnDiscussion&gt;BMC IOA installation data sets have the ability to use privileged functions and/or have access to sensitive data.  Failure to properly restrict access to these data sets could result in violating the integrity of the base product which could result in compromising the operating system or sensitive data.&lt;/VulnDiscussion&gt;&lt;FalsePositives&gt;&lt;/FalsePositives&gt;&lt;FalseNegatives&gt;&lt;/FalseNegatives&gt;&lt;Documentable&gt;false&lt;/Documentable&gt;&lt;Mitigations&gt;&lt;/Mitigations&gt;&lt;SeverityOverrideGuidance&gt;&lt;/SeverityOverrideGuidance&gt;&lt;PotentialImpacts&gt;&lt;/PotentialImpacts&gt;&lt;ThirdPartyTools&gt;&lt;/ThirdPartyTools&gt;&lt;MitigationControl&gt;&lt;/MitigationControl&gt;&lt;Responsibility&gt;Information Assurance Officer&lt;/Responsibility&gt;&lt;Responsibility&gt;Systems Programmer&lt;/Responsibility&gt;&lt;IAControls&gt;DCSL-1, ECAR-1, ECAR-2, ECCD-1, ECCD-2&lt;/IAControls&gt;</description><reference><dc:title>DPMS Target BMC IOA</dc:title><dc:publisher>DISA</dc:publisher><dc:type>DPMS Target</dc:type><dc:subject>BMC IOA</dc:subject><dc:identifier>2002</dc:identifier></reference><ident system="http://iase.disa.mil/cci">CCI-000213</ident><ident system="http://iase.disa.mil/cci">CCI-002234</ident><fixtext fixref="F-3264r4_fix">The IAO will ensure that WRITE and/or greater access to BMC IOA installation data sets are limited to System Programmers only.  READ access can be given to auditors, BMC users, operations, production control and scheduling personnel, and BMC STCs and/or batch users.  All failures and successful WRITE and/or greater accesses are logged.

The installing Systems Programmer will identify and document the product data sets and categorize them according to who will have update and alter access and if required that all update and allocate access is logged.  He will identify if any additional groups have update and/or alter access for specific data sets, and once documented he will work with the IAO to see that they are properly restricted to the ACP (Access Control Program) active on the system.

(Note:  The data sets and/or data set prefixes identified below are examples of a possible installation.  The actual data sets and/or prefixes are determined when the product is actually installed on a system through the product’s installation guide and can be site specific.)

Data sets to be protected will be: 
SYS2.IOA.*.IOAI.

The following commands are provided as a sample for implementing data set controls: 

ad 'SYS2.IOA.*.IOAI.**' uacc(none) owner(SYS2) -
	audit(success(update) failures(read)) -
	data('BMC IOA Install DS')

pe 'SYS2.IOA.*.IOAI.**' id(&lt;syspaudt&gt; &lt;tstcaudt&gt;) acc(a)
pe 'SYS2.IOA.*.IOAI.**' id(&lt;audtaudt&gt; &lt;bmcuser&gt; &lt;operaudt&gt;) acc(r)
pe 'SYS2.IOA.*.IOAI.**' id(&lt;pcspaudt&gt; BMC STCs) acc(r)

setr generic(dataset) refresh</fixtext><fix id="F-3264r4_fix" /><check system="C-6193r4_chk"><check-content-ref name="M" href="DPMS_XCCDF_Benchmark_zOS BMC IOA for RACF STIG.xml" /><check-content>Refer to the following report produced by the Data Set and Resource Data Collection:

-	SENSITVE.RPT(IOARPT)

Automated Analysis
Refer to the following report produced by the Data Set and Resource Data Collection:

-	PDI(ZIOA0000)

Verify that the accesses to the BMC IOA installation data sets are properly restricted.  If the following guidance is true, this is not a finding.
 
___	The RACF data set access authorizations restrict READ access to auditors, BMC users, operations, production control and scheduling personnel, and BMC STCs and/or batch users.

___	The RACF data set access authorizations restrict WRITE and/or greater access to systems programming personnel.

___	The RACF data set access authorizations specify that all (i.e., failures and successes) WRITE and/or greater access are logged.

___	The RACF data set access authorizations specify UACC(NONE) and NOWARNING.</check-content></check></Rule></Group><Group id="V-17067"><title>ZB000001</title><description>&lt;GroupDescription&gt;&lt;/GroupDescription&gt;</description><Rule id="SV-31947r3_rule" severity="medium" weight="10.0"><version>ZIOAR001</version><title>BMC IOA STC data sets must be properly protected.</title><description>&lt;VulnDiscussion&gt;BMC IOA STC data sets have the ability to use privileged functions and/or have access to sensitive data.  Failure to properly restrict access to these data sets could result in violating the integrity of the base product which could result in compromising the operating system or sensitive data.&lt;/VulnDiscussion&gt;&lt;FalsePositives&gt;&lt;/FalsePositives&gt;&lt;FalseNegatives&gt;&lt;/FalseNegatives&gt;&lt;Documentable&gt;false&lt;/Documentable&gt;&lt;Mitigations&gt;&lt;/Mitigations&gt;&lt;SeverityOverrideGuidance&gt;&lt;/SeverityOverrideGuidance&gt;&lt;PotentialImpacts&gt;&lt;/PotentialImpacts&gt;&lt;ThirdPartyTools&gt;&lt;/ThirdPartyTools&gt;&lt;MitigationControl&gt;&lt;/MitigationControl&gt;&lt;Responsibility&gt;Information Assurance Officer&lt;/Responsibility&gt;&lt;Responsibility&gt;Systems Programmer&lt;/Responsibility&gt;&lt;IAControls&gt;DCSL-1, ECAR-1, ECAR-2, ECAR-3, ECCD-1, ECCD-2&lt;/IAControls&gt;</description><reference><dc:title>DPMS Target BMC IOA</dc:title><dc:publisher>DISA</dc:publisher><dc:type>DPMS Target</dc:type><dc:subject>BMC IOA</dc:subject><dc:identifier>2002</dc:identifier></reference><ident system="http://iase.disa.mil/cci">CCI-001499</ident><fixtext fixref="F-377r2_fix">Ensure that WRITE and/or greater access to BMC IOA STC data sets are limited to System Programmers only. UPDATE access can be given to BMC STCs,  batch users and BMC administrators. READ access can be given to auditors and BMC users.

The installing Systems Programmer will identify and document the product data sets and categorize them according to who will have update and alter access and if required that all update and allocate access is logged. 

The installing Systems Programmer will identify if any additional groups have update and/or alter access for specific data sets, and once documented will work with the IAO to see that they are properly restricted to the ACP (Access Control Program) active on the system.

(Note: The data sets and/or data set prefixes identified below are examples of a possible installation. The actual data sets and/or prefixes are determined when the product is actually installed on a system through the product’s installation guide and can be site specific.)

Data sets to be protected will be:
SYS3.IOA.*.IOAO.

The following commands are provided as a sample for implementing data set controls: 

ad 'SYS3.IOA.*.IOAO.**' uacc(none) owner(sys3) -
      audit(failures(read)) -
      data('BMC IOA STC DS')
pe 'SYS3.IOA.*.IOAO.**' id(&lt;syspaudt&gt; &lt;tstcaudt&gt;) acc(a)
pe 'SYS3.IOA.*.IOAO.**' id(BMC STCs &lt;bmcadmin&gt;) acc(u)
pe 'SYS3.IOA.*.IOAO.**' id(&lt;audtaudt&gt; &lt;bmcuser&gt;) acc(r)

setr generic(dataset) refresh   
</fixtext><fix id="F-377r2_fix" /><check system="C-5231r3_chk"><check-content-ref name="M" href="DPMS_XCCDF_Benchmark_zOS BMC IOA for RACF STIG.xml" /><check-content>Refer to the following report produced by the Data Set and Resource Data Collection:

-	SENSITVE.RPT(IOASTC)

Automated Analysis
Refer to the following report produced by the Data Set and Resource Data Collection:

-	PDI(ZIOA0001)

Verify that the accesses to the BMC IOA STC data sets are properly restricted. If the following guidance is true, this is not a finding.

___	The RACF data set access authorizations restrict READ access to auditors and BMC users.

___	The RACF data set access authorizations restrict WRITE and/or greater access to systems programming personnel.

___	The RACF data set access authorizations restrict UPDATE access to the BMC STCs,  batch users and BMC administrators.

___	The RACF data set access authorizations specify UACC(NONE) and NOWARNING.</check-content></check></Rule></Group><Group id="V-17452"><title>ZB000030</title><description>&lt;GroupDescription&gt;&lt;/GroupDescription&gt;</description><Rule id="SV-32077r2_rule" severity="medium" weight="10.0"><version>ZIOAR030</version><title>BMC IOA Started Task name must be properly identified and defined to the system ACP.</title><description>&lt;VulnDiscussion&gt;BMC IOA requires a started task that will be restricted to certain resources, datasets and other system functions. By defining the started task as a userid to the system ACP, It allows the ACP to control the access and authorized users that require these capabilities. Failure to properly control these capabilities, could compromise of the operating system environment, ACP, and customer data.&lt;/VulnDiscussion&gt;&lt;FalsePositives&gt;&lt;/FalsePositives&gt;&lt;FalseNegatives&gt;&lt;/FalseNegatives&gt;&lt;Documentable&gt;false&lt;/Documentable&gt;&lt;Mitigations&gt;&lt;/Mitigations&gt;&lt;SeverityOverrideGuidance&gt;&lt;/SeverityOverrideGuidance&gt;&lt;PotentialImpacts&gt;&lt;/PotentialImpacts&gt;&lt;ThirdPartyTools&gt;&lt;/ThirdPartyTools&gt;&lt;MitigationControl&gt;&lt;/MitigationControl&gt;&lt;Responsibility&gt;Information Assurance Officer&lt;/Responsibility&gt;&lt;IAControls&gt;ECCD-1, ECCD-2&lt;/IAControls&gt;</description><reference><dc:title>DPMS Target BMC IOA</dc:title><dc:publisher>DISA</dc:publisher><dc:type>DPMS Target</dc:type><dc:subject>BMC IOA</dc:subject><dc:identifier>2002</dc:identifier></reference><ident system="http://iase.disa.mil/cci">CCI-000764</ident><fixtext fixref="F-18155r5_fix">The IAO working with the systems programmer will ensure the BMC IOA Started Task(s) is (are) properly identified and/or defined to the System ACP. 

If the product requires a Started Task, verify that it is properly defined to the System ACP with the proper attributes.

Most installation manuals will indicate how the Started Task is identified and any additional attributes that must be specified.

The following commands are provided as a sample for defining Started Task(s):

au IOAGATE name('stc, BMC IOA') owner(stc) dfltgrp(stc) nopass</fixtext><fix id="F-18155r5_fix" /><check system="C-835r3_chk"><check-content-ref name="M" href="DPMS_XCCDF_Benchmark_zOS BMC IOA for RACF STIG.xml" /><check-content>Refer to the following report produced by the RACF Data Collection:

-	RACFCMDS.RPT(LISTUSER)

Verify that the userid(s) for the BMC IOA started task(s) is (are) properly defined.  If the following attributes are defined, this is not a finding.

PROTECTED</check-content></check></Rule></Group><Group id="V-17454"><title>ZB000032</title><description>&lt;GroupDescription&gt;&lt;/GroupDescription&gt;</description><Rule id="SV-32181r1_rule" severity="medium" weight="10.0"><version>ZIOAR032</version><title>BMC IOA Started task(s) must be properly defined to the STARTED resource class for RACF.</title><description>&lt;VulnDiscussion&gt;Access to product resources should be restricted to only those individuals responsible for the application connectivity and who have a requirement to access these resources.  Improper control of product resources could potentially compromise the operating system, ACP, and customer data.&lt;/VulnDiscussion&gt;&lt;FalsePositives&gt;&lt;/FalsePositives&gt;&lt;FalseNegatives&gt;&lt;/FalseNegatives&gt;&lt;Documentable&gt;false&lt;/Documentable&gt;&lt;Mitigations&gt;&lt;/Mitigations&gt;&lt;SeverityOverrideGuidance&gt;&lt;/SeverityOverrideGuidance&gt;&lt;PotentialImpacts&gt;&lt;/PotentialImpacts&gt;&lt;ThirdPartyTools&gt;&lt;/ThirdPartyTools&gt;&lt;MitigationControl&gt;&lt;/MitigationControl&gt;&lt;Responsibility&gt;Information Assurance Officer&lt;/Responsibility&gt;&lt;Responsibility&gt;Information Assurance Manager&lt;/Responsibility&gt;&lt;IAControls&gt;ECCD-1, ECCD-2&lt;/IAControls&gt;</description><reference><dc:title>DPMS Target BMC IOA</dc:title><dc:publisher>DISA</dc:publisher><dc:type>DPMS Target</dc:type><dc:subject>BMC IOA</dc:subject><dc:identifier>2002</dc:identifier></reference><ident system="http://iase.disa.mil/cci">CCI-000764</ident><fixtext fixref="F-3829r1_fix">The BMC IOA system programmer and the IAO will ensure that a product's started task(s) is (are) properly identified and/or defined to the System ACP. 

A unique userid must be assigned for the BMC IOA started task(s) thru a corresponding STARTED class entry.

The following sample set of commands is shown here as a guideline:

rdef started IOAGATE.** uacc(none) owner(admin) audit(all(read)) stdata(user(IOAGATE) group(stc))

setr racl(started) ref</fixtext><fix id="F-3829r1_fix" /><check system="C-20346r1_chk"><check-content-ref name="M" href="DPMS_XCCDF_Benchmark_zOS BMC IOA for RACF STIG.xml" /><check-content>Refer to the following report produced by the RACF Data Collection:

-	DSMON.RPT(RACSPT)

Automated Analysis
Refer to the following report produced by the RACF Data Collection:

-	PDI(ZIOA0032)

Verify that the BMC IOA started task(s) is (are) defined to the STARTED resource class profile and/or ICHRIN03 table entry.</check-content></check></Rule></Group><Group id="V-17947"><title>ZB000020</title><description>&lt;GroupDescription&gt;&lt;/GroupDescription&gt;</description><Rule id="SV-32065r2_rule" severity="medium" weight="10.0"><version>ZIOAR020</version><title>BMC IOA resources will be properly defined and protected.</title><description>&lt;VulnDiscussion&gt;BMC IOA can run with sensitive system privileges, and potentially can circumvent system controls.  Failure to properly control access to product resources could result in the compromise of the operating system environment, and compromise the confidentiality of customer data.  Many utilities assign resource controls that can be granted to system programmers only in greater than read authority.  Resources are also granted to certain non systems personnel with read only authority.&lt;/VulnDiscussion&gt;&lt;FalsePositives&gt;&lt;/FalsePositives&gt;&lt;FalseNegatives&gt;&lt;/FalseNegatives&gt;&lt;Documentable&gt;false&lt;/Documentable&gt;&lt;Mitigations&gt;&lt;/Mitigations&gt;&lt;SeverityOverrideGuidance&gt;&lt;/SeverityOverrideGuidance&gt;&lt;PotentialImpacts&gt;&lt;/PotentialImpacts&gt;&lt;ThirdPartyTools&gt;&lt;/ThirdPartyTools&gt;&lt;MitigationControl&gt;&lt;/MitigationControl&gt;&lt;Responsibility&gt;Information Assurance Officer&lt;/Responsibility&gt;&lt;Responsibility&gt;Systems Programmer&lt;/Responsibility&gt;&lt;IAControls&gt;ECCD-1, ECCD-2&lt;/IAControls&gt;</description><reference><dc:title>DPMS Target BMC IOA</dc:title><dc:publisher>DISA</dc:publisher><dc:type>DPMS Target</dc:type><dc:subject>BMC IOA</dc:subject><dc:identifier>2002</dc:identifier></reference><ident system="http://iase.disa.mil/cci">CCI-000035</ident><ident system="http://iase.disa.mil/cci">CCI-002234</ident><fixtext fixref="F-451r3_fix">The IAO will work with the systems programmer to verify that the following are properly specified in the ACP.

Note:	To determine what resource class is used review the IOACLASS setting in SECPARM.

(Note:  The resource class, resources, and/or resource prefixes identified below are examples of a possible installation.  The actual resource class, resources, and/or resource prefixes are determined when the product is actually installed on a system through the product’s installation guide and can be site specific.)

Use BMC IOA Resources and BMC INCONTROL Resources Descriptions tables in the zOS STIG Addendum.  These tables list the resources, descriptions, and access and logging requirements.  Ensure the guidelines for the resources and/or generic equivalent specified in the z/OS STIG Addendum are followed.

The following commands are provided as a sample for implementing resource controls: 

rdef $ioa $$addcnd.** uacc(none) owner(admin) –
	audit(failure(read)) -
	data('protected per zioar020')

pe $$addcnd.** cl($ioa) id(&lt;autoaudt&gt;) acc(alter)
pe $$addcnd.** cl($ioa) id(&lt;operaudt&gt;) acc(alter)
pe $$addcnd.** cl($ioa) id(&lt;pcspaudt&gt;) acc(alter)
pe $$addcnd.** cl($ioa) id(&lt;prodaudt&gt;) acc(alter)
pe $$addcnd.** cl($ioa) id(&lt;syspaudt&gt;) acc(alter)</fixtext><fix id="F-451r3_fix" /><check system="C-3252r4_chk"><check-content-ref name="M" href="DPMS_XCCDF_Benchmark_zOS BMC IOA for RACF STIG.xml" /><check-content>Refer to the following report produced by the Data Set and Resource Data Collection:

-	SENSITVE.RPT(ZIOA0020)

Automated Analysis
Refer to the following report produced by the Data Set and Resource Data Collection:

-	PDI(ZIOA0020)

Verify that the accesses to resources and/or generic equivalent are properly restricted according to the requirements specified in BMC IOA Resources table in the z/OS STIG Addendum.  If the following guidance is true, this is not a finding.

Note:	To determine what resource class is used review the IOACLASS setting in SECPARM.

___	The RACF resources are defined with a default access of NONE.

___	The RACF resource access authorizations restrict access to the appropriate personnel.

___	The RACF resource logging requirements are specified.

___	The RACF resource access authorizations are defined with UACC(NONE) and NOWARNING.</check-content></check></Rule></Group><Group id="V-17985"><title>ZB000060</title><description>&lt;GroupDescription&gt;&lt;/GroupDescription&gt;</description><Rule id="SV-32018r1_rule" severity="medium" weight="10.0"><version>ZIOA0060</version><title>BMC IOA security exits are not installed or configured properly.</title><description>&lt;VulnDiscussion&gt;The BMC IOA security exits enable access authorization checking to BMC IOA commands, features, and online functionality.  If these exit(s) is (are) not in place, activities by unauthorized users may result.  BMC IOA security exit(s) interface with the ACP.  If an unauthorized exit was introduced into the operating environment, system security could be weakened or bypassed.  These exposures may result in the compromise of the operating system environment, ACP, and customer data.&lt;/VulnDiscussion&gt;&lt;FalsePositives&gt;&lt;/FalsePositives&gt;&lt;FalseNegatives&gt;&lt;/FalseNegatives&gt;&lt;Documentable&gt;false&lt;/Documentable&gt;&lt;Mitigations&gt;&lt;/Mitigations&gt;&lt;SeverityOverrideGuidance&gt;&lt;/SeverityOverrideGuidance&gt;&lt;PotentialImpacts&gt;&lt;/PotentialImpacts&gt;&lt;ThirdPartyTools&gt;&lt;/ThirdPartyTools&gt;&lt;MitigationControl&gt;&lt;/MitigationControl&gt;&lt;Responsibility&gt;Information Assurance Officer&lt;/Responsibility&gt;&lt;Responsibility&gt;Systems Programmer&lt;/Responsibility&gt;&lt;IAControls&gt;DCCS-1, DCCS-2, ECSD-1, ECSD-2&lt;/IAControls&gt;</description><reference><dc:title>DPMS Target BMC IOA</dc:title><dc:publisher>DISA</dc:publisher><dc:type>DPMS Target</dc:type><dc:subject>BMC IOA</dc:subject><dc:identifier>2002</dc:identifier></reference><ident system="http://iase.disa.mil/cci">CCI-000035</ident><fixtext fixref="F-423r1_fix">The System programmer responsible for the BMC IOA will review the BMC IOA operating environment.  Ensure that the following security exit(s) is (are) installed properly.  Determine if the site has modified the following security exit(s):

IOASE06
IOASE07
IOASE09
IOASE12
IOASE16
IOASE32
IOASE40
IOASE42

Ensure that the security exit(s) has (have) not been modified.

If the security exit(s) has (have) been modified, ensure the security exit(s) has (have) been checked as to not violate any security integrity within the system and approval documentation is on file.</fixtext><fix id="F-423r1_fix" /><check system="C-5253r1_chk"><check-content-ref name="M" href="DPMS_XCCDF_Benchmark_zOS BMC IOA for RACF STIG.xml" /><check-content>Interview the systems programmer responsible for the BMC IOA.  Determine if the site has modified the following security exit(s):

IOASE06
IOASE07
IOASE09
IOASE12
IOASE16
IOASE32
IOASE40
IOASE42

Ensure the above security exit(s) has (have) not been modified.

If the above security exit(s) has (have) been modified, ensure that the security exit(s) has (have) been approved by the site systems programmer and the approval is on file for examination.</check-content></check></Rule></Group><Group id="V-18014"><title>ZB000040</title><description>&lt;GroupDescription&gt;&lt;/GroupDescription&gt;</description><Rule id="SV-31959r1_rule" severity="medium" weight="10.0"><version>ZIOAR040</version><title>BMC IOA configuration/parameter values are not specified properly.</title><description>&lt;VulnDiscussion&gt;BMC IOA configuration/parameters control the security and operational characteristics of products.  If these parameter values are improperly specified, security and operational controls may be weakened.  This exposure may threaten the availability of the product applications, and compromise the confidentiality of customer data.&lt;/VulnDiscussion&gt;&lt;FalsePositives&gt;&lt;/FalsePositives&gt;&lt;FalseNegatives&gt;&lt;/FalseNegatives&gt;&lt;Documentable&gt;false&lt;/Documentable&gt;&lt;Mitigations&gt;&lt;/Mitigations&gt;&lt;SeverityOverrideGuidance&gt;&lt;/SeverityOverrideGuidance&gt;&lt;PotentialImpacts&gt;&lt;/PotentialImpacts&gt;&lt;ThirdPartyTools&gt;&lt;/ThirdPartyTools&gt;&lt;MitigationControl&gt;&lt;/MitigationControl&gt;&lt;Responsibility&gt;Systems Programmer&lt;/Responsibility&gt;&lt;IAControls&gt;ECCD-1, ECCD-2&lt;/IAControls&gt;</description><reference><dc:title>DPMS Target BMC IOA</dc:title><dc:publisher>DISA</dc:publisher><dc:type>DPMS Target</dc:type><dc:subject>BMC IOA</dc:subject><dc:identifier>2002</dc:identifier></reference><ident system="http://iase.disa.mil/cci">CCI-000035</ident><fixtext fixref="F-6681r1_fix">The BMC IOA Systems programmer will verify that any configuration/parameters that are required to control the security of the product are properly configured and syntactically correct.  Set the standard values for the BMC IOA security parameters for the specific ACP environment along with additional IOA security parameters with standard values as documented below.

Keyword	Value
DEFMCHKI	$$IOAEDM
SECTOLI	NO
DFMI06	EXTEND
DFMI07	EXTEND
DFMI09	EXTEND
DFMI12	EXTEND
DFMI16	EXTEND
DFMI32	EXTEND
DFMI40	EXTEND
DFMI42	EXTEND
IOACLASS	$IOA
RACSCLAS	SURROGAT
IOATCBS	YES</fixtext><fix id="F-6681r1_fix" /><check system="C-3615r1_chk"><check-content-ref name="M" href="DPMS_XCCDF_Benchmark_zOS BMC IOA for RACF STIG.xml" /><check-content>Refer to the following applicable reports produced by the z/OS Data Collection:

-	IOA.RPT(SECPARM)

Automated Analysis
Refer to the following report produced by the z/OS Data Collection:

-	PDI(ZIOA0040)

The following keywords will have the specified values in the BMC IOA security parameter member:

Keyword	Value
DEFMCHKI	$$IOAEDM
SECTOLI	NO
DFMI06	EXTEND
DFMI07	EXTEND
DFMI09	EXTEND
DFMI12	EXTEND
DFMI16	EXTEND
DFMI32	EXTEND
DFMI40	EXTEND
DFMI42	EXTEND
IOACLASS	$IOA
RACSCLAS	SURROGAT
IOATCBS	YES</check-content></check></Rule></Group><Group id="V-21592"><title>ZB000002</title><description>&lt;GroupDescription&gt;&lt;/GroupDescription&gt;</description><Rule id="SV-32153r2_rule" severity="medium" weight="10.0"><version>ZIOAR002</version><title>BMC IOA User data sets will be properly protected</title><description>&lt;VulnDiscussion&gt;BMC IOA User data sets, IOA Core and Repository, have the ability to use privileged functions and/or have access to sensitive data.  Failure to properly restrict access to these data sets could result in violating the integrity of the base product which could result in compromising the operating system or sensitive data.&lt;/VulnDiscussion&gt;&lt;FalsePositives&gt;&lt;/FalsePositives&gt;&lt;FalseNegatives&gt;&lt;/FalseNegatives&gt;&lt;Documentable&gt;false&lt;/Documentable&gt;&lt;Mitigations&gt;&lt;/Mitigations&gt;&lt;SeverityOverrideGuidance&gt;&lt;/SeverityOverrideGuidance&gt;&lt;PotentialImpacts&gt;&lt;/PotentialImpacts&gt;&lt;ThirdPartyTools&gt;&lt;/ThirdPartyTools&gt;&lt;MitigationControl&gt;&lt;/MitigationControl&gt;&lt;Responsibility&gt;Information Assurance Officer&lt;/Responsibility&gt;&lt;Responsibility&gt;Systems Programmer&lt;/Responsibility&gt;&lt;IAControls&gt;DCSL-1, ECAR-1, ECAR-2, ECCD-1, ECCD-2&lt;/IAControls&gt;</description><reference><dc:title>DPMS Target BMC IOA</dc:title><dc:publisher>DISA</dc:publisher><dc:type>DPMS Target</dc:type><dc:subject>BMC IOA</dc:subject><dc:identifier>2002</dc:identifier></reference><ident system="http://iase.disa.mil/cci">CCI-000213</ident><fixtext fixref="F-18484r4_fix">The IAO will ensure that WRITE and/or greater access to BMC IOA User data sets are limited to System Programmers and/or BMC STCs and/or batch users only.  UPDATE access can be given to production control and scheduling personnel and the BMC users.  READ access can be given to auditors.

The installing Systems Programmer will identify and document the product data sets and categorize them according to who will have update and alter access and if required that all update and allocate access is logged.  He will identify if any additional groups have update and/or alter access for specific data sets, and once documented he will work with the IAO to see that they are properly restricted to the ACP (Access Control Program) active on the system.

(Note:  The data sets and/or data set prefixes identified below are examples of a possible installation.  The actual data sets and/or prefixes are determined when the product is actually installed on a system through the product’s installation guide and can be site specific.)

Data sets to be protected will be: 
SYS3.IOA.*.IOAC.

The following commands are provided as a sample for implementing data set controls: 

ad 'SYS3.IOA.*.IOAC.**' uacc(none) owner(SYS3) -
	audit(failures(read)) -
	data('BMC IOA User DS')

pe 'SYS3.IOA.*.IOAC.**' id(&lt;syspaudt&gt; &lt;tstcaudt&gt; BMC STCs) acc(a)
pe 'SYS3.IOA.*.IOAC.**' id(&lt;bmcuser&gt; &lt;pcspaudt&gt;) acc(u)
pe 'SYS3.IOA.*.IOAC.**' id(&lt;audtaudt&gt;) acc(r)

setr generic(dataset) refresh</fixtext><fix id="F-18484r4_fix" /><check system="C-3250r3_chk"><check-content-ref name="M" href="DPMS_XCCDF_Benchmark_zOS BMC IOA for RACF STIG.xml" /><check-content>Refer to the following report produced by the Data Set and Resource Data Collection:

-	SENSITVE.RPT(IOAUSER)

Automated Analysis
Refer to the following report produced by the Data Set and Resource Data Collection:

-	PDI(ZIOA0002)

Verify that the accesses to the BMC IOA User data sets are properly restricted.  If the following guidance is true, this is not a finding.

___	The RACF data set access authorizations restricts READ access to auditors.

___	The RACF data set access authorizations restricts WRITE and/or greater access to systems programming personnel.

___	The RACF data set access authorizations restricts WRITE and/or greater access to the BMC STCs and/or batch users.

___	The RACF data set access authorizations restricts UPDATE access to production control and scheduling personnel and the BMC users.

___	The RACF data set access authorizations specify UACC(NONE) and NOWARNING.</check-content></check></Rule></Group></Benchmark>