<?xml version="1.0" encoding="utf-8"?><?xml-stylesheet type='text/xsl' href='STIG_unclass.xsl'?><Benchmark xmlns:dsig="http://www.w3.org/2000/09/xmldsig#" xmlns:xhtml="http://www.w3.org/1999/xhtml" xmlns:xsi="http://www.w3.org/2001/XMLSchema-instance" xmlns:cpe="http://cpe.mitre.org/language/2.0" xmlns:dc="http://purl.org/dc/elements/1.1/" id="zOS_TDMF_for_RACF_STIG" xml:lang="en" xsi:schemaLocation="http://checklists.nist.gov/xccdf/1.1 http://nvd.nist.gov/schema/xccdf-1.1.4.xsd http://cpe.mitre.org/dictionary/2.0 http://cpe.mitre.org/files/cpe-dictionary_2.1.xsd" xmlns="http://checklists.nist.gov/xccdf/1.1"><status date="2015-01-15">accepted</status><title>z/OS TDMF for RACF STIG</title><notice id="terms-of-use" xml:lang="en"></notice><reference href="http://iase.disa.mil"><dc:publisher>DISA, Field Security Operations</dc:publisher><dc:source>STIG.DOD.MIL</dc:source></reference><plain-text id="release-info">Release: 4 Benchmark Date: 20 Jan 2015</plain-text><version>6</version><Profile id="MAC-1_Classified"><title>I - Mission Critical Classified</title><description>&lt;ProfileDescription&gt;&lt;/ProfileDescription&gt;</description><select idref="V-16932" selected="true" /><select idref="V-18014" selected="true" /></Profile><Profile id="MAC-1_Public"><title>I - Mission Critical Public</title><description>&lt;ProfileDescription&gt;&lt;/ProfileDescription&gt;</description><select idref="V-16932" selected="true" /><select idref="V-18014" selected="true" /></Profile><Profile id="MAC-1_Sensitive"><title>I - Mission Critical Sensitive</title><description>&lt;ProfileDescription&gt;&lt;/ProfileDescription&gt;</description><select idref="V-16932" selected="true" /><select idref="V-18014" selected="true" /></Profile><Profile id="MAC-2_Classified"><title>II - Mission Support Classified</title><description>&lt;ProfileDescription&gt;&lt;/ProfileDescription&gt;</description><select idref="V-16932" selected="true" /><select idref="V-18014" selected="true" /></Profile><Profile id="MAC-2_Public"><title>II - Mission Support Public</title><description>&lt;ProfileDescription&gt;&lt;/ProfileDescription&gt;</description><select idref="V-16932" selected="true" /><select idref="V-18014" selected="true" /></Profile><Profile id="MAC-2_Sensitive"><title>II - Mission Support Sensitive</title><description>&lt;ProfileDescription&gt;&lt;/ProfileDescription&gt;</description><select idref="V-16932" selected="true" /><select idref="V-18014" selected="true" /></Profile><Profile id="MAC-3_Classified"><title>III - Administrative Classified</title><description>&lt;ProfileDescription&gt;&lt;/ProfileDescription&gt;</description><select idref="V-16932" selected="true" /><select idref="V-18014" selected="true" /></Profile><Profile id="MAC-3_Public"><title>III - Administrative Public</title><description>&lt;ProfileDescription&gt;&lt;/ProfileDescription&gt;</description><select idref="V-16932" selected="true" /><select idref="V-18014" selected="true" /></Profile><Profile id="MAC-3_Sensitive"><title>III - Administrative Sensitive</title><description>&lt;ProfileDescription&gt;&lt;/ProfileDescription&gt;</description><select idref="V-16932" selected="true" /><select idref="V-18014" selected="true" /></Profile><Group id="V-16932"><title>ZB000000</title><description>&lt;GroupDescription&gt;&lt;/GroupDescription&gt;</description><Rule id="SV-24782r1_rule" severity="medium" weight="10.0"><version>ZTDMR000</version><title>Transparent Data Migration Facility (TDMF) installation data sets will be not properly protected.</title><description>&lt;VulnDiscussion&gt;Transparent Data Migration Facility (TDMF) installation data sets have the ability to use privileged functions and/or have access to sensitive data. Failure to properly restrict access to these data sets could result in violating the integrity of the base product which could result in compromising the operating system or sensitive data.&lt;/VulnDiscussion&gt;&lt;FalsePositives&gt;&lt;/FalsePositives&gt;&lt;FalseNegatives&gt;&lt;/FalseNegatives&gt;&lt;Documentable&gt;false&lt;/Documentable&gt;&lt;Mitigations&gt;&lt;/Mitigations&gt;&lt;SeverityOverrideGuidance&gt;&lt;/SeverityOverrideGuidance&gt;&lt;PotentialImpacts&gt;&lt;/PotentialImpacts&gt;&lt;ThirdPartyTools&gt;&lt;/ThirdPartyTools&gt;&lt;MitigationControl&gt;&lt;/MitigationControl&gt;&lt;Responsibility&gt;Information Assurance Officer&lt;/Responsibility&gt;&lt;Responsibility&gt;Systems Programmer&lt;/Responsibility&gt;&lt;IAControls&gt;DCSL-1, ECAR-1, ECAR-2, ECCD-1, ECCD-2&lt;/IAControls&gt;</description><reference><dc:title>DPMS Target TDMF</dc:title><dc:publisher>DISA FSO</dc:publisher><dc:type>DPMS Target</dc:type><dc:subject>TDMF</dc:subject><dc:identifier>1667</dc:identifier></reference><ident system="http://iase.disa.mil/cci">CCI-000213</ident><ident system="http://iase.disa.mil/cci">CCI-002234</ident><fixtext fixref="F-34487r1_fix">The IAO will ensure that WRITE and/or greater access to Transparent Data Migration Facility (TDMF) installation data sets is limited to System Programmers only, and all WRITE and/or greater access is logged.  READ access can be given to auditors.

The installing Systems Programmer will identify and document the product data sets and categorize them according to who will have WRITE and/or greater access and if required that all WRITE and/or greater access is logged.  He will identify if any additional groups have WRITE and/or greater access for specific data sets, and once documented he will work with the IAO to see that they are properly restricted to the ACP (Access Control Program) active on the system.

Data sets to be protected will be: 
SYS2.TDMF.
 SYS3.TDMF.

The following commands are provided as a sample for implementing data set controls: 

ad 'SYS2.TDMF.**' uacc(none) owner(sys2) -
	audit(success(update) failures(read)) -
	data('Transparent Data Migration Facility (TDMF) Install DS')
pe 'SYS2.TDMF.**' id(&lt;syspaudt&gt; &lt;tstcaudt&gt;) acc(a)
pe 'SYS2.TDMF.**' id(&lt;audtaudt&gt;) acc(r)

ad 'SYS3.TDMF.**' uacc(none) owner(sys3) -
	audit(success(update) failures(read)) -
	data('Transparent Data Migration Facility (TDMF) Install DS')
pe 'SYS3.TDMF.**' id(&lt;syspaudt&gt; &lt;tstcaudt&gt;) acc(a)
pe 'SYS3.TDMF.**' id(&lt;audtaudt&gt;) acc(r)

setr generic(dataset) refresh</fixtext><fix id="F-34487r1_fix" /><check system="C-26449r1_chk"><check-content-ref name="M" href="DPMS_XCCDF_Benchmark_zOS TDMF for RACF STIG.xml" /><check-content>Refer to the following report produced by the Data Set and Resource Data Collection:

-	SENSITVE.RPT(TDMFRPT)

Automated Analysis
Refer to the following report produced by the Data Set and Resource Data Collection:

-	PDI(ZTDM0000)

Verify that the accesses to the Transparent Data Migration Facility (TDMF) installation data sets are properly restricted.  If the following guidance is true, this is not a finding.
 
___	The RACF data set rules for the data sets restricts READ access to all authorized users.

___	The RACF data set rules for the data sets restricts WRITE and/or greater access to systems programming personnel.

___	The RACF data set rules for the data sets specify that all (i.e., failures and successes) WRITE and/or greater access is logged.

___	The RACF data set rules for the data sets specify UACC(NONE) and NOWARNING.</check-content></check></Rule></Group><Group id="V-18014"><title>ZB000040</title><description>&lt;GroupDescription&gt;&lt;/GroupDescription&gt;</description><Rule id="SV-24802r1_rule" severity="medium" weight="10.0"><version>ZTDM0040</version><title>Transparent Data Migration Facility (TDMF) configuration/parameter/option values are not specified properly.</title><description>&lt;VulnDiscussion&gt;Transparent Data Migration Facility (TDMF) configuration/parameter/option settings control the security and operational characteristics of product.  If these setting values are improperly specified, security and operational controls may be weakened.  This exposure may threaten the availability of the product applications, and compromise the confidentiality of system and customer data.&lt;/VulnDiscussion&gt;&lt;FalsePositives&gt;&lt;/FalsePositives&gt;&lt;FalseNegatives&gt;&lt;/FalseNegatives&gt;&lt;Documentable&gt;false&lt;/Documentable&gt;&lt;Mitigations&gt;&lt;/Mitigations&gt;&lt;SeverityOverrideGuidance&gt;&lt;/SeverityOverrideGuidance&gt;&lt;PotentialImpacts&gt;&lt;/PotentialImpacts&gt;&lt;ThirdPartyTools&gt;&lt;/ThirdPartyTools&gt;&lt;MitigationControl&gt;&lt;/MitigationControl&gt;&lt;Responsibility&gt;Systems Programmer&lt;/Responsibility&gt;&lt;IAControls&gt;ECCD-1, ECCD-2&lt;/IAControls&gt;</description><reference><dc:title>DPMS Target TDMF</dc:title><dc:publisher>DISA FSO</dc:publisher><dc:type>DPMS Target</dc:type><dc:subject>TDMF</dc:subject><dc:identifier>1667</dc:identifier></reference><ident system="http://iase.disa.mil/cci">CCI-000035</ident><fixtext fixref="F-22793r1_fix">The product systems programmer will verify that any configuration / parameters that are required to control the security of the product are properly configured and syntactically correct.
 
See the required parameters below:

Parameter Options:
VOLUME SECURITY = YES
CHECK TARGET EMPTY = YES

Session Options:
Volume Security is not available.
CHECKTarget|CHKTarget

NOTE: The IAO will ensure that volume resource protection is define to the ACP and access to volumes be given to the approiate personnel.</fixtext><fix id="F-22793r1_fix" /><check system="C-26454r1_chk"><check-content-ref name="M" href="DPMS_XCCDF_Benchmark_zOS TDMF for RACF STIG.xml" /><check-content>a)	Have the the products system programmer display the configuration/parameters control statements used in the current runing product to define or enable security.

b)	Verify the following specifications:

Parameter Options:
VOLUME SECURITY = YES
CHECK TARGET EMPTY = YES

Session Options:
Volume Security is not available.
CHECKTarget|CHKTarget

c)	If (b) above is true, there is NO FINDING.

d)	If (b) above is untrue, this is a FINDING</check-content></check></Rule></Group></Benchmark>