<?xml version="1.0" encoding="utf-8"?><?xml-stylesheet type='text/xsl' href='STIG_unclass.xsl'?><Benchmark xmlns:dsig="http://www.w3.org/2000/09/xmldsig#" xmlns:xsi="http://www.w3.org/2001/XMLSchema-instance" xmlns:cpe="http://cpe.mitre.org/language/2.0" xmlns:xhtml="http://www.w3.org/1999/xhtml" xmlns:dc="http://purl.org/dc/elements/1.1/" id="Microsoft_PowerPoint_2010" xml:lang="en" xsi:schemaLocation="http://checklists.nist.gov/xccdf/1.1 http://nvd.nist.gov/schema/xccdf-1.1.4.xsd http://cpe.mitre.org/dictionary/2.0 http://cpe.mitre.org/files/cpe-dictionary_2.1.xsd" xmlns="http://checklists.nist.gov/xccdf/1.1"><status date="2016-08-09">accepted</status><title>Microsoft PowerPoint 2010</title><description>Settings in this guidance assume a complete installation of Microsoft Office 2010 on the Windows 7 Platform. Registry paths and values identified in each control assume the use of Group Policy Administrative Templates. Installations not using Group Policies to administer Microsoft Office products may observe alternate registry paths for stored configuration values. Comments or proposed revisions to this document should be sent via e-mail to the following address: disa.stig_spt@mail.mil.</description><notice id="terms-of-use" xml:lang="en"></notice><reference href="http://iase.disa.mil"><dc:publisher>DISA</dc:publisher><dc:source>STIG.DOD.MIL</dc:source></reference><plain-text id="release-info">Release: 9 Benchmark Date: 28 Oct 2016</plain-text><version>1</version><Profile id="MAC-1_Classified"><title>I - Mission Critical Classified</title><description>&lt;ProfileDescription&gt;&lt;/ProfileDescription&gt;</description><select idref="V-17173" selected="true" /><select idref="V-17174" selected="true" /><select idref="V-17175" selected="true" /><select idref="V-17183" selected="true" /><select idref="V-17184" selected="true" /><select idref="V-17187" selected="true" /><select idref="V-17322" selected="true" /><select idref="V-17471" selected="true" /><select idref="V-17473" selected="true" /><select idref="V-17520" selected="true" /><select idref="V-17521" selected="true" /><select idref="V-17522" selected="true" /><select idref="V-17545" selected="true" /><select idref="V-17752" selected="true" /><select idref="V-17788" selected="true" /><select idref="V-17809" selected="true" /><select idref="V-26584" selected="true" /><select idref="V-26585" selected="true" /><select idref="V-26586" selected="true" /><select idref="V-26587" selected="true" /><select idref="V-26588" selected="true" /><select idref="V-26589" selected="true" /><select idref="V-26590" selected="true" /><select idref="V-26592" selected="true" /><select idref="V-26612" selected="true" /><select idref="V-26614" selected="true" /><select idref="V-26615" selected="true" /><select idref="V-26616" selected="true" /><select idref="V-26617" selected="true" /><select idref="V-26639" selected="true" /></Profile><Profile id="MAC-1_Public"><title>I - Mission Critical Public</title><description>&lt;ProfileDescription&gt;&lt;/ProfileDescription&gt;</description><select idref="V-17173" selected="true" /><select idref="V-17174" selected="true" /><select idref="V-17175" selected="true" /><select idref="V-17183" selected="true" /><select idref="V-17184" selected="true" /><select idref="V-17187" selected="true" /><select idref="V-17322" selected="true" /><select idref="V-17471" selected="true" /><select idref="V-17473" selected="true" /><select idref="V-17520" selected="true" /><select idref="V-17521" selected="true" /><select idref="V-17522" selected="true" /><select idref="V-17545" selected="true" /><select idref="V-17752" selected="true" /><select idref="V-17788" selected="true" /><select idref="V-17809" selected="true" /><select idref="V-26584" selected="true" /><select idref="V-26585" selected="true" /><select idref="V-26586" selected="true" /><select idref="V-26587" selected="true" /><select idref="V-26588" selected="true" /><select idref="V-26589" selected="true" /><select idref="V-26590" selected="true" /><select idref="V-26592" selected="true" /><select idref="V-26612" selected="true" /><select idref="V-26614" selected="true" /><select idref="V-26615" selected="true" /><select idref="V-26616" selected="true" /><select idref="V-26617" selected="true" /><select idref="V-26639" selected="true" /></Profile><Profile id="MAC-1_Sensitive"><title>I - Mission Critical Sensitive</title><description>&lt;ProfileDescription&gt;&lt;/ProfileDescription&gt;</description><select idref="V-17173" selected="true" /><select idref="V-17174" selected="true" /><select idref="V-17175" selected="true" /><select idref="V-17183" selected="true" /><select idref="V-17184" selected="true" /><select idref="V-17187" selected="true" /><select idref="V-17322" selected="true" /><select idref="V-17471" selected="true" /><select idref="V-17473" selected="true" /><select idref="V-17520" selected="true" /><select idref="V-17521" selected="true" /><select idref="V-17522" selected="true" /><select idref="V-17545" selected="true" /><select idref="V-17752" selected="true" /><select idref="V-17788" selected="true" /><select idref="V-17809" selected="true" /><select idref="V-26584" selected="true" /><select idref="V-26585" selected="true" /><select idref="V-26586" selected="true" /><select idref="V-26587" selected="true" /><select idref="V-26588" selected="true" /><select idref="V-26589" selected="true" /><select idref="V-26590" selected="true" /><select idref="V-26592" selected="true" /><select idref="V-26612" selected="true" /><select idref="V-26614" selected="true" /><select idref="V-26615" selected="true" /><select idref="V-26616" selected="true" /><select idref="V-26617" selected="true" /><select idref="V-26639" selected="true" /></Profile><Profile id="MAC-2_Classified"><title>II - Mission Support Classified</title><description>&lt;ProfileDescription&gt;&lt;/ProfileDescription&gt;</description><select idref="V-17173" selected="true" /><select idref="V-17174" selected="true" /><select idref="V-17175" selected="true" /><select idref="V-17183" selected="true" /><select idref="V-17184" selected="true" /><select idref="V-17187" selected="true" /><select idref="V-17322" selected="true" /><select idref="V-17471" selected="true" /><select idref="V-17473" selected="true" /><select idref="V-17520" selected="true" /><select idref="V-17521" selected="true" /><select idref="V-17522" selected="true" /><select idref="V-17545" selected="true" /><select idref="V-17752" selected="true" /><select idref="V-17788" selected="true" /><select idref="V-17809" selected="true" /><select idref="V-26584" selected="true" /><select idref="V-26585" selected="true" /><select idref="V-26586" selected="true" /><select idref="V-26587" selected="true" /><select idref="V-26588" selected="true" /><select idref="V-26589" selected="true" /><select idref="V-26590" selected="true" /><select idref="V-26592" selected="true" /><select idref="V-26612" selected="true" /><select idref="V-26614" selected="true" /><select idref="V-26615" selected="true" /><select idref="V-26616" selected="true" /><select idref="V-26617" selected="true" /><select idref="V-26639" selected="true" /></Profile><Profile id="MAC-2_Public"><title>II - Mission Support Public</title><description>&lt;ProfileDescription&gt;&lt;/ProfileDescription&gt;</description><select idref="V-17173" selected="true" /><select idref="V-17174" selected="true" /><select idref="V-17175" selected="true" /><select idref="V-17183" selected="true" /><select idref="V-17184" selected="true" /><select idref="V-17187" selected="true" /><select idref="V-17322" selected="true" /><select idref="V-17471" selected="true" /><select idref="V-17473" selected="true" /><select idref="V-17520" selected="true" /><select idref="V-17521" selected="true" /><select idref="V-17522" selected="true" /><select idref="V-17545" selected="true" /><select idref="V-17752" selected="true" /><select idref="V-17788" selected="true" /><select idref="V-17809" selected="true" /><select idref="V-26584" selected="true" /><select idref="V-26585" selected="true" /><select idref="V-26586" selected="true" /><select idref="V-26587" selected="true" /><select idref="V-26588" selected="true" /><select idref="V-26589" selected="true" /><select idref="V-26590" selected="true" /><select idref="V-26592" selected="true" /><select idref="V-26612" selected="true" /><select idref="V-26614" selected="true" /><select idref="V-26615" selected="true" /><select idref="V-26616" selected="true" /><select idref="V-26617" selected="true" /><select idref="V-26639" selected="true" /></Profile><Profile id="MAC-2_Sensitive"><title>II - Mission Support Sensitive</title><description>&lt;ProfileDescription&gt;&lt;/ProfileDescription&gt;</description><select idref="V-17173" selected="true" /><select idref="V-17174" selected="true" /><select idref="V-17175" selected="true" /><select idref="V-17183" selected="true" /><select idref="V-17184" selected="true" /><select idref="V-17187" selected="true" /><select idref="V-17322" selected="true" /><select idref="V-17471" selected="true" /><select idref="V-17473" selected="true" /><select idref="V-17520" selected="true" /><select idref="V-17521" selected="true" /><select idref="V-17522" selected="true" /><select idref="V-17545" selected="true" /><select idref="V-17752" selected="true" /><select idref="V-17788" selected="true" /><select idref="V-17809" selected="true" /><select idref="V-26584" selected="true" /><select idref="V-26585" selected="true" /><select idref="V-26586" selected="true" /><select idref="V-26587" selected="true" /><select idref="V-26588" selected="true" /><select idref="V-26589" selected="true" /><select idref="V-26590" selected="true" /><select idref="V-26592" selected="true" /><select idref="V-26612" selected="true" /><select idref="V-26614" selected="true" /><select idref="V-26615" selected="true" /><select idref="V-26616" selected="true" /><select idref="V-26617" selected="true" /><select idref="V-26639" selected="true" /></Profile><Profile id="MAC-3_Classified"><title>III - Administrative Classified</title><description>&lt;ProfileDescription&gt;&lt;/ProfileDescription&gt;</description><select idref="V-17173" selected="true" /><select idref="V-17174" selected="true" /><select idref="V-17175" selected="true" /><select idref="V-17183" selected="true" /><select idref="V-17184" selected="true" /><select idref="V-17187" selected="true" /><select idref="V-17322" selected="true" /><select idref="V-17471" selected="true" /><select idref="V-17473" selected="true" /><select idref="V-17520" selected="true" /><select idref="V-17521" selected="true" /><select idref="V-17522" selected="true" /><select idref="V-17545" selected="true" /><select idref="V-17752" selected="true" /><select idref="V-17788" selected="true" /><select idref="V-17809" selected="true" /><select idref="V-26584" selected="true" /><select idref="V-26585" selected="true" /><select idref="V-26586" selected="true" /><select idref="V-26587" selected="true" /><select idref="V-26588" selected="true" /><select idref="V-26589" selected="true" /><select idref="V-26590" selected="true" /><select idref="V-26592" selected="true" /><select idref="V-26612" selected="true" /><select idref="V-26614" selected="true" /><select idref="V-26615" selected="true" /><select idref="V-26616" selected="true" /><select idref="V-26617" selected="true" /><select idref="V-26639" selected="true" /></Profile><Profile id="MAC-3_Public"><title>III - Administrative Public</title><description>&lt;ProfileDescription&gt;&lt;/ProfileDescription&gt;</description><select idref="V-17173" selected="true" /><select idref="V-17174" selected="true" /><select idref="V-17175" selected="true" /><select idref="V-17183" selected="true" /><select idref="V-17184" selected="true" /><select idref="V-17187" selected="true" /><select idref="V-17322" selected="true" /><select idref="V-17471" selected="true" /><select idref="V-17473" selected="true" /><select idref="V-17520" selected="true" /><select idref="V-17521" selected="true" /><select idref="V-17522" selected="true" /><select idref="V-17545" selected="true" /><select idref="V-17752" selected="true" /><select idref="V-17788" selected="true" /><select idref="V-17809" selected="true" /><select idref="V-26584" selected="true" /><select idref="V-26585" selected="true" /><select idref="V-26586" selected="true" /><select idref="V-26587" selected="true" /><select idref="V-26588" selected="true" /><select idref="V-26589" selected="true" /><select idref="V-26590" selected="true" /><select idref="V-26592" selected="true" /><select idref="V-26612" selected="true" /><select idref="V-26614" selected="true" /><select idref="V-26615" selected="true" /><select idref="V-26616" selected="true" /><select idref="V-26617" selected="true" /><select idref="V-26639" selected="true" /></Profile><Profile id="MAC-3_Sensitive"><title>III - Administrative Sensitive</title><description>&lt;ProfileDescription&gt;&lt;/ProfileDescription&gt;</description><select idref="V-17173" selected="true" /><select idref="V-17174" selected="true" /><select idref="V-17175" selected="true" /><select idref="V-17183" selected="true" /><select idref="V-17184" selected="true" /><select idref="V-17187" selected="true" /><select idref="V-17322" selected="true" /><select idref="V-17471" selected="true" /><select idref="V-17473" selected="true" /><select idref="V-17520" selected="true" /><select idref="V-17521" selected="true" /><select idref="V-17522" selected="true" /><select idref="V-17545" selected="true" /><select idref="V-17752" selected="true" /><select idref="V-17788" selected="true" /><select idref="V-17809" selected="true" /><select idref="V-26584" selected="true" /><select idref="V-26585" selected="true" /><select idref="V-26586" selected="true" /><select idref="V-26587" selected="true" /><select idref="V-26588" selected="true" /><select idref="V-26589" selected="true" /><select idref="V-26590" selected="true" /><select idref="V-26592" selected="true" /><select idref="V-26612" selected="true" /><select idref="V-26614" selected="true" /><select idref="V-26615" selected="true" /><select idref="V-26616" selected="true" /><select idref="V-26617" selected="true" /><select idref="V-26639" selected="true" /></Profile><Group id="V-17173"><title>DTOO104 - Disable user name and password</title><description>&lt;GroupDescription&gt;&lt;/GroupDescription&gt;</description><Rule id="SV-33406r1_rule" severity="medium" weight="10.0"><version>DTOO104 - PowerPoint</version><title>Disabling of user name and password syntax from being used in URLs must be enforced.</title><description>&lt;VulnDiscussion&gt;The Uniform Resource Locator (URL) standard allows user authentication to be included in URL strings in the form http://username:password@example.com. A malicious user might use this URL syntax to create a hyperlink that appears to open a legitimate Web site but actually opens a deceptive (spoofed) Web site. For example, the URL http://www.wingtiptoys.com@example.com appears to open http://www.wingtiptoys.com but actually opens http://example.com. To protect users from such attacks, Internet Explorer usually blocks any URLs using this syntax.

This functionality can be controlled separately for instances of Internet Explorer spawned by Office applications (for example, if a user clicks a link in an Office document or selects a menu option that loads a Web page). If user names and passwords in URLs are allowed, users could be diverted to dangerous Web pages, which could pose a security risk.
&lt;/VulnDiscussion&gt;&lt;FalsePositives&gt;&lt;/FalsePositives&gt;&lt;FalseNegatives&gt;&lt;/FalseNegatives&gt;&lt;Documentable&gt;false&lt;/Documentable&gt;&lt;Mitigations&gt;&lt;/Mitigations&gt;&lt;SeverityOverrideGuidance&gt;&lt;/SeverityOverrideGuidance&gt;&lt;PotentialImpacts&gt;&lt;/PotentialImpacts&gt;&lt;ThirdPartyTools&gt;&lt;/ThirdPartyTools&gt;&lt;MitigationControl&gt;&lt;/MitigationControl&gt;&lt;Responsibility&gt;System Administrator&lt;/Responsibility&gt;&lt;Responsibility&gt;Information Assurance Officer&lt;/Responsibility&gt;&lt;IAControls&gt;&lt;/IAControls&gt;</description><reference><dc:title>DPMS Target Microsoft PowerPoint 2010</dc:title><dc:publisher>DISA</dc:publisher><dc:type>DPMS Target</dc:type><dc:subject>Microsoft PowerPoint 2010</dc:subject><dc:identifier>2025</dc:identifier></reference><fixtext fixref="F-29578r1_fix">Set the policy value for Computer Configuration -&gt; Administrative Templates -&gt; Microsoft Office 2010 (Machine) -&gt; Security Settings -&gt; IE Security “Disable user name and password” to “Enabled” and place a check in the ‘powerpnt.exe’ and 'pptview.exe' check boxes.
</fixtext><fix id="F-29578r1_fix" /><check system="C-33889r1_chk"><check-content-ref name="M" href="DPMS_XCCDF_Benchmark_Microsoft PowerPoint 2010.xml" /><check-content>The policy value for Computer Configuration -&gt; Administrative Templates -&gt; Microsoft Office 2010 (Machine) -&gt; Security Settings -&gt; IE Security “Disable user name and password” must be “Enabled” and a check in the ‘powerpnt.exe’ and 'pptview.exe' check boxes must be present.

Procedure: Use the Windows Registry Editor to navigate to the following key: 

HKLM\Software\Microsoft\Internet Explorer\Main\FeatureControl\FEATURE_HTTP_USERNAME_PASSWORD_DISABLE

Criteria: If the value powerpnt.exe is REG_DWORD = 1, this is not a finding.

AND

HKLM\Software\Microsoft\Internet Explorer\Main\FeatureControl\FEATURE_HTTP_USERNAME_PASSWORD_DISABLE

Criteria: If the value pptview.exe is REG_DWORD = 1, this is not a finding.
</check-content></check></Rule></Group><Group id="V-17174"><title>DTOO111 - Enable IE Bind to Object </title><description>&lt;GroupDescription&gt;&lt;/GroupDescription&gt;</description><Rule id="SV-33389r1_rule" severity="medium" weight="10.0"><version>DTOO111 - PowerPoint</version><title>Enabling IE Bind to Object functionality must be present.</title><description>&lt;VulnDiscussion&gt;Internet Explorer performs a number of safety checks before initializing an ActiveX control. It will not initialize a control if the kill bit for the control is set in the registry, or if the security settings for the zone in which the control is located do not allow it to be initialized.
This functionality can be controlled separately for instances of Internet Explorer spawned by Office applications (for example, if a user clicks a link in an Office document or selects a menu option that loads a Web page). A security risk could occur if potentially dangerous controls are allowed to load.
&lt;/VulnDiscussion&gt;&lt;FalsePositives&gt;&lt;/FalsePositives&gt;&lt;FalseNegatives&gt;&lt;/FalseNegatives&gt;&lt;Documentable&gt;false&lt;/Documentable&gt;&lt;Mitigations&gt;&lt;/Mitigations&gt;&lt;SeverityOverrideGuidance&gt;&lt;/SeverityOverrideGuidance&gt;&lt;PotentialImpacts&gt;&lt;/PotentialImpacts&gt;&lt;ThirdPartyTools&gt;&lt;/ThirdPartyTools&gt;&lt;MitigationControl&gt;&lt;/MitigationControl&gt;&lt;Responsibility&gt;System Administrator&lt;/Responsibility&gt;&lt;Responsibility&gt;Information Assurance Officer&lt;/Responsibility&gt;&lt;IAControls&gt;&lt;/IAControls&gt;</description><reference><dc:title>DPMS Target Microsoft PowerPoint 2010</dc:title><dc:publisher>DISA</dc:publisher><dc:type>DPMS Target</dc:type><dc:subject>Microsoft PowerPoint 2010</dc:subject><dc:identifier>2025</dc:identifier></reference><fixtext fixref="F-29561r1_fix">Set the policy value for Computer Configuration -&gt; Administrative Templates -&gt; Microsoft Office 2010 (Machine) -&gt; Security Settings -&gt; IE Security “Bind to Object” to “Enabled” and place a check in the ‘powerpnt.exe’ and 'pptview.exe' check boxes.
</fixtext><fix id="F-29561r1_fix" /><check system="C-33872r1_chk"><check-content-ref name="M" href="DPMS_XCCDF_Benchmark_Microsoft PowerPoint 2010.xml" /><check-content>The policy value for Computer Configuration -&gt; Administrative Templates -&gt; Microsoft Office 2010 (Machine) -&gt; Security Settings -&gt; IE Security “Bind to Object” must be “Enabled” and a check in the ‘powerpnt.exe’ and ‘pptview.exe’ check boxes must be present.

Procedure: Use the Windows Registry Editor to navigate to the following key: 

HKLM\Software\Microsoft\Internet Explorer\Main\FeatureControl\FEATURE_SAFE_BINDTOOBJECT

Criteria: If the value powerpnt.exe is REG_DWORD = 1, this is not a finding.

AND

HKLM\Software\Microsoft\Internet Explorer\Main\FeatureControl\FEATURE_SAFE_BINDTOOBJECT

Criteria: If the value pptview.exe is REG_DWORD = 1, this is not a finding.

</check-content></check></Rule></Group><Group id="V-17175"><title>DTOO117 - Saved from URL</title><description>&lt;GroupDescription&gt;&lt;/GroupDescription&gt;</description><Rule id="SV-33417r1_rule" severity="medium" weight="10.0"><version>DTOO117 - PowerPoint</version><title>Saved from URL mark to assure Internet zone processing must be enforced.</title><description>&lt;VulnDiscussion&gt;Typically, when Internet Explorer loads a Web page from a Universal Naming Convention (UNC) share that contains a Mark of the Web (MOTW) comment, indicating the page was saved from a site on the Internet, Internet Explorer runs the page in the Internet security zone instead of the less restrictive Local Intranet security zone. This functionality can be controlled separately for instances of Internet Explorer spawned by Office applications (for example, if a user clicks a link in an Office document or selects a menu option that loads a Web page). If Internet Explorer does not evaluate the page for a MOTW, potentially dangerous code could be allowed to run.&lt;/VulnDiscussion&gt;&lt;FalsePositives&gt;&lt;/FalsePositives&gt;&lt;FalseNegatives&gt;&lt;/FalseNegatives&gt;&lt;Documentable&gt;false&lt;/Documentable&gt;&lt;Mitigations&gt;&lt;/Mitigations&gt;&lt;SeverityOverrideGuidance&gt;&lt;/SeverityOverrideGuidance&gt;&lt;PotentialImpacts&gt;&lt;/PotentialImpacts&gt;&lt;ThirdPartyTools&gt;&lt;/ThirdPartyTools&gt;&lt;MitigationControl&gt;&lt;/MitigationControl&gt;&lt;Responsibility&gt;System Administrator&lt;/Responsibility&gt;&lt;Responsibility&gt;Information Assurance Officer&lt;/Responsibility&gt;&lt;IAControls&gt;&lt;/IAControls&gt;</description><reference><dc:title>DPMS Target Microsoft PowerPoint 2010</dc:title><dc:publisher>DISA</dc:publisher><dc:type>DPMS Target</dc:type><dc:subject>Microsoft PowerPoint 2010</dc:subject><dc:identifier>2025</dc:identifier></reference><fixtext fixref="F-29589r1_fix">Set the policy value for Computer Configuration -&gt; Administrative Templates -&gt; Microsoft Office 2010 (Machine) -&gt; Security Settings -&gt; IE Security “Saved from URL” to “Enabled” and place a check in the ‘powerpnt.exe’ and 'pptview.exe' check boxes.

</fixtext><fix id="F-29589r1_fix" /><check system="C-33900r1_chk"><check-content-ref name="M" href="DPMS_XCCDF_Benchmark_Microsoft PowerPoint 2010.xml" /><check-content>The policy value for Computer Configuration -&gt; Administrative Templates -&gt; Microsoft Office 2010 (Machine) -&gt; Security Settings -&gt; IE Security “Saved from URL” must be “Enabled” and a check in the ‘powerpnt.exe’ and 'pptview.exe' check boxes must be present. 

Procedure: Use the Windows Registry Editor to navigate to the following key: 

HKLM\Software\Microsoft\Internet Explorer\Main\FeatureControl\FEATURE_UNC_SAVEDFILECHECK

Criteria: If the value powerpnt.exe is REG_DWORD = 1, this is not a finding.

AND

HKLM\Software\Microsoft\Internet Explorer\Main\FeatureControl\FEATURE_UNC_SAVEDFILECHECK

Criteria: If the value pptview.exe is REG_DWORD = 1, this is not a finding.
</check-content></check></Rule></Group><Group id="V-17183"><title>DTOO123-Block Navigation to URL from Office </title><description>&lt;GroupDescription&gt;&lt;/GroupDescription&gt;</description><Rule id="SV-33413r1_rule" severity="medium" weight="10.0"><version>DTOO123 - PowerPoint</version><title>Navigation to URL's embedded in Office products must be blocked.</title><description>&lt;VulnDiscussion&gt;To protect users from attacks, Internet Explorer usually does not attempt to load malformed URLs. This functionality can be controlled separately for instances of Internet Explorer spawned by Office applications (for example, if a user clicks a link in an Office document or selects a menu option that loads a Web page). If Internet Explorer attempts to load a malformed URL, a security risk could occur in some cases.&lt;/VulnDiscussion&gt;&lt;FalsePositives&gt;&lt;/FalsePositives&gt;&lt;FalseNegatives&gt;&lt;/FalseNegatives&gt;&lt;Documentable&gt;false&lt;/Documentable&gt;&lt;Mitigations&gt;&lt;/Mitigations&gt;&lt;SeverityOverrideGuidance&gt;&lt;/SeverityOverrideGuidance&gt;&lt;PotentialImpacts&gt;&lt;/PotentialImpacts&gt;&lt;ThirdPartyTools&gt;&lt;/ThirdPartyTools&gt;&lt;MitigationControl&gt;&lt;/MitigationControl&gt;&lt;Responsibility&gt;System Administrator&lt;/Responsibility&gt;&lt;Responsibility&gt;Information Assurance Officer&lt;/Responsibility&gt;&lt;IAControls&gt;&lt;/IAControls&gt;</description><reference><dc:title>DPMS Target Microsoft PowerPoint 2010</dc:title><dc:publisher>DISA</dc:publisher><dc:type>DPMS Target</dc:type><dc:subject>Microsoft PowerPoint 2010</dc:subject><dc:identifier>2025</dc:identifier></reference><fixtext fixref="F-29585r1_fix">Set the policy value for Computer Configuration -&gt; Administrative Templates -&gt; Microsoft Office 2010 (Machine) -&gt; Security Settings -&gt; IE Security “Navigate URL” to “Enabled” and place a check in the ‘powerpnt.exe’ and 'pptview.exe' check boxes.
</fixtext><fix id="F-29585r1_fix" /><check system="C-33896r1_chk"><check-content-ref name="M" href="DPMS_XCCDF_Benchmark_Microsoft PowerPoint 2010.xml" /><check-content>The policy value for Computer Configuration -&gt; Administrative Templates -&gt; Microsoft Office 2010 (Machine) -&gt; Security Settings -&gt; IE Security “Navigate URL” must be “Enabled” and a check in the ‘powerpnt.exe’ and 'pptview.exe' check boxes must be present.

Procedure: Use the Windows Registry Editor to navigate to the following key: 

HKLM\Software\Microsoft\Internet Explorer\Main\FeatureControl\FEATURE_VALIDATE_NAVIGATE_URL

Criteria: If the value powerpnt.exe is REG_DWORD = 1, this is not a finding.

AND

HKLM\Software\Microsoft\Internet Explorer\Main\FeatureControl\FEATURE_VALIDATE_NAVIGATE_URL

Criteria: If the value pptview.exe is REG_DWORD = 1, this is not a finding.

</check-content></check></Rule></Group><Group id="V-17184"><title>DTOO129 - Block Pop-Ups</title><description>&lt;GroupDescription&gt;&lt;/GroupDescription&gt;</description><Rule id="SV-33395r1_rule" severity="medium" weight="10.0"><version>DTOO129 - PowerPoint</version><title>Links that invoke instances of IE from within an Office product must be blocked.</title><description>&lt;VulnDiscussion&gt;The Pop-up Blocker feature in Internet Explorer can be used to block most unwanted pop-up and pop-under windows from appearing. This functionality can be controlled separately for instances of Internet Explorer spawned by Office applications (for example, if a user clicks a link in an Office document or selects a menu option that loads a Web page). If the Pop-up Blocker is disabled, disruptive and potentially dangerous pop-up windows could load and present a security risk.&lt;/VulnDiscussion&gt;&lt;FalsePositives&gt;&lt;/FalsePositives&gt;&lt;FalseNegatives&gt;&lt;/FalseNegatives&gt;&lt;Documentable&gt;false&lt;/Documentable&gt;&lt;Mitigations&gt;&lt;/Mitigations&gt;&lt;SeverityOverrideGuidance&gt;&lt;/SeverityOverrideGuidance&gt;&lt;PotentialImpacts&gt;&lt;/PotentialImpacts&gt;&lt;ThirdPartyTools&gt;&lt;/ThirdPartyTools&gt;&lt;MitigationControl&gt;&lt;/MitigationControl&gt;&lt;Responsibility&gt;System Administrator&lt;/Responsibility&gt;&lt;Responsibility&gt;Information Assurance Officer&lt;/Responsibility&gt;&lt;IAControls&gt;&lt;/IAControls&gt;</description><reference><dc:title>DPMS Target Microsoft PowerPoint 2010</dc:title><dc:publisher>DISA</dc:publisher><dc:type>DPMS Target</dc:type><dc:subject>Microsoft PowerPoint 2010</dc:subject><dc:identifier>2025</dc:identifier></reference><fixtext fixref="F-29568r1_fix">Set the policy value for Computer Configuration -&gt; Administrative Templates -&gt; Microsoft Office 2010 (Machine) -&gt; Security Settings -&gt; IE Security “Block popups” to “Enabled” and select  ‘powerpnt.exe’ and ‘pptview.exe’.
</fixtext><fix id="F-29568r1_fix" /><check system="C-33879r1_chk"><check-content-ref name="M" href="DPMS_XCCDF_Benchmark_Microsoft PowerPoint 2010.xml" /><check-content>The policy value for Computer Configuration -&gt; Administrative Templates -&gt; Microsoft Office 2010 (Machine) -&gt; Security Settings -&gt; IE Security “Block popups” must be “Enabled” and ‘powerpnt.exe’ and ‘pptview.exe’ are checked.

Procedure: Use the Windows Registry Editor to navigate to the following key: 

HKLM\Software\Microsoft\Internet Explorer\Main\FeatureControl\FEATURE_WEBOC_POPUPMANAGEMENT

Criteria: If the value powerpnt.exe is REG_DWORD = 1, this is not a finding.

AND

HKLM\Software\Microsoft\Internet Explorer\Main\FeatureControl\FEATURE_WEBOC_POPUPMANAGEMENT

Criteria: If the value pptview.exe is REG_DWORD = 1, this is not a finding.
</check-content></check></Rule></Group><Group id="V-17187"><title>DTOO131 - Trust Bar Notifications</title><description>&lt;GroupDescription&gt;&lt;/GroupDescription&gt;</description><Rule id="SV-33604r1_rule" severity="medium" weight="10.0"><version>DTOO131 - PowerPoint</version><title>Trust Bar Notifications for unsigned application add-ins must be blocked.</title><description>&lt;VulnDiscussion&gt;If an application is configured to require all add-ins be signed by a trusted publisher, any unsigned add-ins the application loads will be disabled and the application will display the Trust Bar at the top of the active window. The Trust Bar contains a message informing users about the unsigned add-in.&lt;/VulnDiscussion&gt;&lt;FalsePositives&gt;&lt;/FalsePositives&gt;&lt;FalseNegatives&gt;&lt;/FalseNegatives&gt;&lt;Documentable&gt;false&lt;/Documentable&gt;&lt;Mitigations&gt;&lt;/Mitigations&gt;&lt;SeverityOverrideGuidance&gt;&lt;/SeverityOverrideGuidance&gt;&lt;PotentialImpacts&gt;&lt;/PotentialImpacts&gt;&lt;ThirdPartyTools&gt;&lt;/ThirdPartyTools&gt;&lt;MitigationControl&gt;&lt;/MitigationControl&gt;&lt;Responsibility&gt;System Administrator&lt;/Responsibility&gt;&lt;Responsibility&gt;Information Assurance Officer&lt;/Responsibility&gt;&lt;IAControls&gt;&lt;/IAControls&gt;</description><reference><dc:title>DPMS Target Microsoft PowerPoint 2010</dc:title><dc:publisher>DISA</dc:publisher><dc:type>DPMS Target</dc:type><dc:subject>Microsoft PowerPoint 2010</dc:subject><dc:identifier>2025</dc:identifier></reference><fixtext fixref="F-29746r1_fix">Set the policy value for User Configuration -&gt; Administrative Templates -&gt; Microsoft PowerPoint 2010 -&gt; PowerPoint Options -&gt; Security -&gt; Trust Center “Disable Trust Bar Notification for unsigned application add-ins and block them” to “Enabled”.
</fixtext><fix id="F-29746r1_fix" /><check system="C-34069r1_chk"><check-content-ref name="M" href="DPMS_XCCDF_Benchmark_Microsoft PowerPoint 2010.xml" /><check-content>The policy value for User Configuration -&gt; Administrative Templates -&gt; Microsoft PowerPoint 2010 -&gt; PowerPoint Options -&gt; Security -&gt; Trust Center “Disable Trust Bar Notification for unsigned application add-ins and block them” must be “Enabled”.

Procedure: Use the Windows Registry Editor to navigate to the following key: 

HKCU\Software\Policies\Microsoft\Office\14.0\powerpoint\security

Criteria: If the value NoTBPromptUnsignedAddin is REG_DWORD = 1, this is not a finding.

</check-content></check></Rule></Group><Group id="V-17322"><title>DTOO210 - Block opening of pre-release versions </title><description>&lt;GroupDescription&gt;&lt;/GroupDescription&gt;</description><Rule id="SV-33449r1_rule" severity="medium" weight="10.0"><version>DTOO210 - PowerPoint</version><title>Pre-release versions of file formats new to Office Products must be blocked.</title><description>&lt;VulnDiscussion&gt;This policy setting controls whether users with the Microsoft Office Compatibility Pack for PowerPoint 2010 File Formats installed can open Office Open XML files saved with pre-release versions of PowerPoint 2010. PowerPoint Open XML files usually have the following extensions: .pptx, .pptm, .potx, .potm, .ppsx, .ppsm, .ppam, .thmx, .xml.  &lt;/VulnDiscussion&gt;&lt;FalsePositives&gt;&lt;/FalsePositives&gt;&lt;FalseNegatives&gt;&lt;/FalseNegatives&gt;&lt;Documentable&gt;false&lt;/Documentable&gt;&lt;Mitigations&gt;&lt;/Mitigations&gt;&lt;SeverityOverrideGuidance&gt;&lt;/SeverityOverrideGuidance&gt;&lt;PotentialImpacts&gt;&lt;/PotentialImpacts&gt;&lt;ThirdPartyTools&gt;&lt;/ThirdPartyTools&gt;&lt;MitigationControl&gt;&lt;/MitigationControl&gt;&lt;Responsibility&gt;System Administrator&lt;/Responsibility&gt;&lt;Responsibility&gt;Information Assurance Officer&lt;/Responsibility&gt;&lt;IAControls&gt;&lt;/IAControls&gt;</description><reference><dc:title>DPMS Target Microsoft PowerPoint 2010</dc:title><dc:publisher>DISA</dc:publisher><dc:type>DPMS Target</dc:type><dc:subject>Microsoft PowerPoint 2010</dc:subject><dc:identifier>2025</dc:identifier></reference><fixtext fixref="F-29621r1_fix">Set the policy value for User Configuration -&gt; Administrative Templates -&gt; Microsoft Office 2010 -&gt; Office 2010 Converters “Block opening of pre-release versions of file formats new to PowerPoint 2010 through the Compatibility Pack for Office 2010 and PowerPoint 2010 Converter” to “Enabled”. </fixtext><fix id="F-29621r1_fix" /><check system="C-33932r1_chk"><check-content-ref name="M" href="DPMS_XCCDF_Benchmark_Microsoft PowerPoint 2010.xml" /><check-content>The policy value for User Configuration -&gt; Administrative Templates -&gt; Microsoft Office 2010 -&gt; Office  2010 Converters “Block opening of pre-release versions of file formats new to PowerPoint 2010 through the Compatibility Pack for Office 2010 and PowerPoint 2010 Converter” must be set to “Enabled”.

Procedure: Use the Windows Registry Editor to navigate to the following key: 

HKCU\Software\Policies\Microsoft\Office\14.0\powerpoint\security\fileblock

Criteria: If the value PowerPoint12BetaFilesFromConverters is REG_DWORD = 1, this is not a finding.
</check-content></check></Rule></Group><Group id="V-17471"><title>DTOO133-Disable all trusted locations </title><description>&lt;GroupDescription&gt;&lt;/GroupDescription&gt;</description><Rule id="SV-33608r1_rule" severity="medium" weight="10.0"><version>DTOO133 - PowerPoint</version><title>All automatic loading from Trusted Locations must be disabled.</title><description>&lt;VulnDiscussion&gt;Trusted locations specified in the Trust Center are used to define file locations assumed to be safe. Content, code, and add-ins are allowed to load from trusted locations with a minimal amount of security, without prompting the users for permission. If a dangerous file is opened from a trusted location, it will not be subject to standard security measures and could harm users' computers or data. By default, files located in trusted locations (those specified in the Trust Center) are assumed to be safe.
&lt;/VulnDiscussion&gt;&lt;FalsePositives&gt;&lt;/FalsePositives&gt;&lt;FalseNegatives&gt;&lt;/FalseNegatives&gt;&lt;Documentable&gt;false&lt;/Documentable&gt;&lt;Mitigations&gt;&lt;/Mitigations&gt;&lt;SeverityOverrideGuidance&gt;&lt;/SeverityOverrideGuidance&gt;&lt;PotentialImpacts&gt;&lt;/PotentialImpacts&gt;&lt;ThirdPartyTools&gt;&lt;/ThirdPartyTools&gt;&lt;MitigationControl&gt;&lt;/MitigationControl&gt;&lt;Responsibility&gt;System Administrator&lt;/Responsibility&gt;&lt;Responsibility&gt;Information Assurance Officer&lt;/Responsibility&gt;&lt;IAControls&gt;&lt;/IAControls&gt;</description><reference><dc:title>DPMS Target Microsoft PowerPoint 2010</dc:title><dc:publisher>DISA</dc:publisher><dc:type>DPMS Target</dc:type><dc:subject>Microsoft PowerPoint 2010</dc:subject><dc:identifier>2025</dc:identifier></reference><fixtext fixref="F-29750r1_fix">Set the policy value for User Configuration -&gt; Administrative Templates -&gt; Microsoft PowerPoint 2010 -&gt; PowerPoint Options -&gt; Security -&gt; Trust Center -&gt; Trusted Locations “Disable all trusted locations” to “Enabled”.
</fixtext><fix id="F-29750r1_fix" /><check system="C-34073r1_chk"><check-content-ref name="M" href="DPMS_XCCDF_Benchmark_Microsoft PowerPoint 2010.xml" /><check-content>The policy value for User Configuration -&gt; Administrative Templates -&gt; Microsoft PowerPoint 2010 -&gt; PowerPoint Options -&gt; Security -&gt; Trust Center -&gt; Trusted Locations “Disable all trusted locations” must be set to “Enabled”.

Procedure: Use the Windows Registry Editor to navigate to the following key: 

HKCU\Software\Policies\Microsoft\Office\14.0\powerpoint\security\trusted locations

Criteria: If the value AllLocationsDisabled is REG_DWORD = 1, this is not a finding.

</check-content></check></Rule></Group><Group id="V-17473"><title>DTOO142 - Force Scan Encr. Macros in open XML</title><description>&lt;GroupDescription&gt;&lt;/GroupDescription&gt;</description><Rule id="SV-33602r1_rule" severity="medium" weight="10.0"><version>DTOO142 - PowerPoint</version><title>Force encrypted macros to be scanned in open XML documents must be determined and configured.</title><description>&lt;VulnDiscussion&gt;When an Office Open XML document (Word, Excel, and PowerPoint) is rights-managed, or password-protected, any macros embedded in the document are encrypted along with the rest of the contents.  By default, these encrypted macros will be disabled unless they are scanned by antivirus software immediately before being loaded. If this default configuration is modified, Office products will not require encrypted macros to be scanned before loading. They will be handled as specified by the Office System macro security settings, which can cause macro viruses to load undetected and lead to data loss or reduced application functionality.
&lt;/VulnDiscussion&gt;&lt;FalsePositives&gt;&lt;/FalsePositives&gt;&lt;FalseNegatives&gt;&lt;/FalseNegatives&gt;&lt;Documentable&gt;false&lt;/Documentable&gt;&lt;Mitigations&gt;&lt;/Mitigations&gt;&lt;SeverityOverrideGuidance&gt;&lt;/SeverityOverrideGuidance&gt;&lt;PotentialImpacts&gt;&lt;/PotentialImpacts&gt;&lt;ThirdPartyTools&gt;&lt;/ThirdPartyTools&gt;&lt;MitigationControl&gt;&lt;/MitigationControl&gt;&lt;Responsibility&gt;System Administrator&lt;/Responsibility&gt;&lt;Responsibility&gt;Information Assurance Officer&lt;/Responsibility&gt;&lt;IAControls&gt;&lt;/IAControls&gt;</description><reference><dc:title>DPMS Target Microsoft PowerPoint 2010</dc:title><dc:publisher>DISA</dc:publisher><dc:type>DPMS Target</dc:type><dc:subject>Microsoft PowerPoint 2010</dc:subject><dc:identifier>2025</dc:identifier></reference><fixtext fixref="F-29744r1_fix">Set the policy value for User Configuration -&gt; Administrative Templates -&gt; Microsoft PowerPoint 2010 -&gt; PowerPoint Options -&gt; Security “Scan encrypted macros in PowerPoint Open XML presentations” to “Enabled (Scan encrypted macros (default)”.
</fixtext><fix id="F-29744r1_fix" /><check system="C-34067r1_chk"><check-content-ref name="M" href="DPMS_XCCDF_Benchmark_Microsoft PowerPoint 2010.xml" /><check-content>The policy value for User Configuration -&gt; Administrative Templates -&gt; Microsoft PowerPoint 2010 -&gt; PowerPoint Options -&gt; Security “Scan encrypted macros in PowerPoint Open XML presentations” must be “Enabled (Scan encrypted macros (default)”.

Procedure: Use the Windows Registry Editor to navigate to the following key: 

HKCU\Software\Policies\Microsoft\Office\14.0\powerpoint\security

Criteria: If the value PowerPointBypassEncryptedMacroScan is REG_DWORD = 0, this not a finding.
</check-content></check></Rule></Group><Group id="V-17520"><title>DTOO134 - Trusted locations on computer</title><description>&lt;GroupDescription&gt;&lt;/GroupDescription&gt;</description><Rule id="SV-33607r1_rule" severity="medium" weight="10.0"><version>DTOO134 - PowerPoint</version><title>Disallowance of Trusted Locations on the network must be enforced.</title><description>&lt;VulnDiscussion&gt;Files located in Trusted Locations and specified in the Trust Center are assumed to be safe. Content, code, and add-ins are allowed to load from Trusted Locations with minimal security and without prompting the user for permission. By default, users can specify Trusted Locations on network shares, or in other remote locations not under their direct control, by selecting the “Allow Trusted Locations on my network” (not recommended) check box in the Trusted Locations section of the Trust Center. If a dangerous file is opened from a trusted location, it will not be subject to typical security measures and could affect users' computers or data.&lt;/VulnDiscussion&gt;&lt;FalsePositives&gt;&lt;/FalsePositives&gt;&lt;FalseNegatives&gt;&lt;/FalseNegatives&gt;&lt;Documentable&gt;false&lt;/Documentable&gt;&lt;Mitigations&gt;&lt;/Mitigations&gt;&lt;SeverityOverrideGuidance&gt;&lt;/SeverityOverrideGuidance&gt;&lt;PotentialImpacts&gt;&lt;/PotentialImpacts&gt;&lt;ThirdPartyTools&gt;&lt;/ThirdPartyTools&gt;&lt;MitigationControl&gt;&lt;/MitigationControl&gt;&lt;Responsibility&gt;System Administrator&lt;/Responsibility&gt;&lt;Responsibility&gt;Information Assurance Officer&lt;/Responsibility&gt;&lt;IAControls&gt;&lt;/IAControls&gt;</description><reference><dc:title>DPMS Target Microsoft PowerPoint 2010</dc:title><dc:publisher>DISA</dc:publisher><dc:type>DPMS Target</dc:type><dc:subject>Microsoft PowerPoint 2010</dc:subject><dc:identifier>2025</dc:identifier></reference><fixtext fixref="F-29749r1_fix">Set the policy value for User Configuration -&gt; Administrative Templates -&gt; Microsoft PowerPoint 2010 -&gt; PowerPoint Options -&gt; Security -&gt; Trust Center -&gt; Trusted Locations “Allow Trusted Locations on the network" to “Disabled”.
</fixtext><fix id="F-29749r1_fix" /><check system="C-34072r1_chk"><check-content-ref name="M" href="DPMS_XCCDF_Benchmark_Microsoft PowerPoint 2010.xml" /><check-content>The policy value for User Configuration -&gt; Administrative Templates -&gt; Microsoft PowerPoint 2010 -&gt; PowerPoint Options -&gt; Security -&gt; Trust Center -&gt; Trusted Locations “Allow Trusted Locations on the network" must be set to “Disabled”.

Procedure: Use the Windows Registry Editor to navigate to the following key: 

HKCU\Software\Policies\Microsoft\Office\14.0\powerpoint\security\trusted locations

Criteria: If the value AllowNetworkLocations is REG_DWORD = 0, this is not a finding.
</check-content></check></Rule></Group><Group id="V-17521"><title>DTOO139 - Save files default format</title><description>&lt;GroupDescription&gt;&lt;/GroupDescription&gt;</description><Rule id="SV-33599r1_rule" severity="medium" weight="10.0"><version>DTOO139 - PowerPoint</version><title>Save files default format  must be configured.</title><description>&lt;VulnDiscussion&gt;When users create new PowerPoint files, PowerPoint 2010 saves them in the new *.pptx format.  Ensure this setting is enabled to specify that all new files are created in PowerPoint 2010.  If a new file is created in an earlier format, some users may not be able to open or use the file, or they may choose a format this is less secure than the PowerPoint 2010 format.  Users can still select a specific format when they save files, but they cannot change default of this setting from the PowerPoint Options dialog box.  This enforced user behavior ensures any change to the file format requires additional deliberate user interaction. &lt;/VulnDiscussion&gt;&lt;FalsePositives&gt;&lt;/FalsePositives&gt;&lt;FalseNegatives&gt;&lt;/FalseNegatives&gt;&lt;Documentable&gt;false&lt;/Documentable&gt;&lt;Mitigations&gt;&lt;/Mitigations&gt;&lt;SeverityOverrideGuidance&gt;&lt;/SeverityOverrideGuidance&gt;&lt;PotentialImpacts&gt;&lt;/PotentialImpacts&gt;&lt;ThirdPartyTools&gt;&lt;/ThirdPartyTools&gt;&lt;MitigationControl&gt;&lt;/MitigationControl&gt;&lt;Responsibility&gt;System Administrator&lt;/Responsibility&gt;&lt;Responsibility&gt;Information Assurance Officer&lt;/Responsibility&gt;&lt;IAControls&gt;&lt;/IAControls&gt;</description><reference><dc:title>DPMS Target Microsoft PowerPoint 2010</dc:title><dc:publisher>DISA</dc:publisher><dc:type>DPMS Target</dc:type><dc:subject>Microsoft PowerPoint 2010</dc:subject><dc:identifier>2025</dc:identifier></reference><fixtext fixref="F-29741r1_fix">Set the policy value for User Configuration -&gt; Administrative Templates -&gt; Microsoft PowerPoint 2010 -&gt; PowerPoint Options -&gt; Save “default file format” to “Enabled PowerPoint Presentation (*.pptx)".
</fixtext><fix id="F-29741r1_fix" /><check system="C-34063r1_chk"><check-content-ref name="M" href="DPMS_XCCDF_Benchmark_Microsoft PowerPoint 2010.xml" /><check-content>The policy value for User Configuration -&gt; Administrative Templates -&gt; Microsoft PowerPoint 2010 -&gt; PowerPoint Options -&gt; Save “default file format” must be set to “Enabled PowerPoint Presentation (*.pptx)".

Procedure: Use the Windows Registry Editor to navigate to the following key: 

HKCU\Software\Policies\Microsoft\Office\14.0\powerpoint\options 

Criteria: If the value DefaultFormat is REG_DWORD = 1b (hex) 27 (dec) , this is not a finding.
</check-content></check></Rule></Group><Group id="V-17522"><title>DTOO146-Disable Trust access to VB Project Macros</title><description>&lt;GroupDescription&gt;&lt;/GroupDescription&gt;</description><Rule id="SV-33605r1_rule" severity="medium" weight="10.0"><version>DTOO146 - PowerPoint</version><title>Trust access for VBA must be disallowed.</title><description>&lt;VulnDiscussion&gt;VSTO projects require access to the Visual Basic for Applications project system in Excel, PowerPoint, and Word, even though the projects do not use Visual Basic for Applications. Design-time support of controls in both Visual Basic and C# projects depends on the Visual Basic for Applications project system in Word and Excel. By default, Excel, Word, and PowerPoint do not allow automation clients to have programmatic access to VBA projects. Users can enable this by selecting the Trust access to the VBA project object model in the Macro Settings section of the Trust Center. However, doing so allows macros in any documents the user opens to access the core Visual Basic objects, methods, and properties, which represents a potential security hazard.
&lt;/VulnDiscussion&gt;&lt;FalsePositives&gt;&lt;/FalsePositives&gt;&lt;FalseNegatives&gt;&lt;/FalseNegatives&gt;&lt;Documentable&gt;false&lt;/Documentable&gt;&lt;Mitigations&gt;&lt;/Mitigations&gt;&lt;SeverityOverrideGuidance&gt;&lt;/SeverityOverrideGuidance&gt;&lt;PotentialImpacts&gt;&lt;/PotentialImpacts&gt;&lt;ThirdPartyTools&gt;&lt;/ThirdPartyTools&gt;&lt;MitigationControl&gt;&lt;/MitigationControl&gt;&lt;Responsibility&gt;System Administrator&lt;/Responsibility&gt;&lt;Responsibility&gt;Information Assurance Officer&lt;/Responsibility&gt;&lt;IAControls&gt;&lt;/IAControls&gt;</description><reference><dc:title>DPMS Target Microsoft PowerPoint 2010</dc:title><dc:publisher>DISA</dc:publisher><dc:type>DPMS Target</dc:type><dc:subject>Microsoft PowerPoint 2010</dc:subject><dc:identifier>2025</dc:identifier></reference><fixtext fixref="F-29747r1_fix">Set the policy value for User Configuration -&gt; Administrative Templates -&gt; Microsoft PowerPoint 2010 -&gt; PowerPoint Options -&gt; Security -&gt; Trust Center “Trust access to Visual Basic Project” to “Disabled”.
</fixtext><fix id="F-29747r1_fix" /><check system="C-34070r1_chk"><check-content-ref name="M" href="DPMS_XCCDF_Benchmark_Microsoft PowerPoint 2010.xml" /><check-content>The policy value for User Configuration -&gt; Administrative Templates -&gt; Microsoft PowerPoint 2010 -&gt; PowerPoint Options -&gt; Security -&gt; Trust Center “Trust access to Visual Basic Project” must be set to “Disabled”.

Procedure: Use the Windows Registry Editor to navigate to the following key: 

HKCU\Software\Policies\Microsoft\Office\14.0\powerpoint\security

Criteria: If the value AccessVBOM is REG_DWORD=0, this is not a finding.

</check-content></check></Rule></Group><Group id="V-17545"><title>DTOO304 - VBA Macro Warning settings</title><description>&lt;GroupDescription&gt;&lt;/GroupDescription&gt;</description><Rule id="SV-33606r1_rule" severity="medium" weight="10.0"><version>DTOO304 - PowerPoint</version><title>Warning Bar settings for VBA macros must be configured.</title><description>&lt;VulnDiscussion&gt;When users open files containing VBA Macros, applications open the files with the macros disabled and displays the Trust Bar with a warning that macros are present and have been disabled. Users may then enable these macros by clicking Options on the Trust Bar and selecting the option to enable them. Disabling or not configuring this setting may allow dangerous macros to become active on user computers or the network. &lt;/VulnDiscussion&gt;&lt;FalsePositives&gt;&lt;/FalsePositives&gt;&lt;FalseNegatives&gt;&lt;/FalseNegatives&gt;&lt;Documentable&gt;false&lt;/Documentable&gt;&lt;Mitigations&gt;&lt;/Mitigations&gt;&lt;SeverityOverrideGuidance&gt;&lt;/SeverityOverrideGuidance&gt;&lt;PotentialImpacts&gt;&lt;/PotentialImpacts&gt;&lt;ThirdPartyTools&gt;&lt;/ThirdPartyTools&gt;&lt;MitigationControl&gt;&lt;/MitigationControl&gt;&lt;Responsibility&gt;System Administrator&lt;/Responsibility&gt;&lt;Responsibility&gt;Information Assurance Officer&lt;/Responsibility&gt;&lt;IAControls&gt;&lt;/IAControls&gt;</description><reference><dc:title>DPMS Target Microsoft PowerPoint 2010</dc:title><dc:publisher>DISA</dc:publisher><dc:type>DPMS Target</dc:type><dc:subject>Microsoft PowerPoint 2010</dc:subject><dc:identifier>2025</dc:identifier></reference><fixtext fixref="F-29748r1_fix">Set the policy value for User Configuration -&gt; Administrative Templates -&gt; Microsoft PowerPoint 2010 -&gt; PowerPoint Options -&gt; Security -&gt; Trust Center “VBA Macro Notification Settings” to “Enabled (Disable all with notification)”.
</fixtext><fix id="F-29748r1_fix" /><check system="C-34071r1_chk"><check-content-ref name="M" href="DPMS_XCCDF_Benchmark_Microsoft PowerPoint 2010.xml" /><check-content>The policy value for User Configuration -&gt; Administrative Templates -&gt; Microsoft PowerPoint 2010 -&gt; PowerPoint Options -&gt; Security -&gt; Trust Center “VBA Macro Notification Settings” must be “Enabled (Disable all with notification)”.

Procedure: Use the Windows Registry Editor to navigate to the following key: 

HKCU\Software\Policies\Microsoft\Office\14.0\powerpoint\security

Criteria: If the value VBAWarnings is REG_DWORD = 2, this is not a finding.

</check-content></check></Rule></Group><Group id="V-17752"><title>DTOO290 - Make Hidden marks visible in PowerPoint</title><description>&lt;GroupDescription&gt;&lt;/GroupDescription&gt;</description><Rule id="SV-33600r1_rule" severity="medium" weight="10.0"><version>DTOO290 -  PowerPoint</version><title>Hidden markup options must be visible.</title><description>&lt;VulnDiscussion&gt;PowerPoint presentations that are saved in standard or HTML format can contain a flag indicating whether markup (comments or ink annotations) in the presentation should be visible when the presentation is open. PowerPoint ignores this flag when opening a file, and always displays any markup present in the file. In addition, when saving a file, PowerPoint sets the flag to display markup when the presentation is next opened.
If this default configuration is changed, PowerPoint sets the flag according to the state of the Show Markup option on the Review tab of the Ribbon when it saves presentations in standard or HTML format. In addition, PowerPoint enables or disables the Show Markup option according to the way the flag is set when it opens files, which means that a presentation saved with hidden markup is opened with the markup still hidden.
If a file is saved with hidden markup, users might inadvertently distribute sensitive comments or information to others via the presentation file.
&lt;/VulnDiscussion&gt;&lt;FalsePositives&gt;&lt;/FalsePositives&gt;&lt;FalseNegatives&gt;&lt;/FalseNegatives&gt;&lt;Documentable&gt;false&lt;/Documentable&gt;&lt;Mitigations&gt;&lt;/Mitigations&gt;&lt;SeverityOverrideGuidance&gt;&lt;/SeverityOverrideGuidance&gt;&lt;PotentialImpacts&gt;&lt;/PotentialImpacts&gt;&lt;ThirdPartyTools&gt;&lt;/ThirdPartyTools&gt;&lt;MitigationControl&gt;&lt;/MitigationControl&gt;&lt;Responsibility&gt;System Administrator&lt;/Responsibility&gt;&lt;Responsibility&gt;Information Assurance Officer&lt;/Responsibility&gt;&lt;IAControls&gt;&lt;/IAControls&gt;</description><reference><dc:title>DPMS Target Microsoft PowerPoint 2010</dc:title><dc:publisher>DISA</dc:publisher><dc:type>DPMS Target</dc:type><dc:subject>Microsoft PowerPoint 2010</dc:subject><dc:identifier>2025</dc:identifier></reference><fixtext fixref="F-29742r1_fix">Set the policy value for User Configuration -&gt; Administrative Templates -&gt; Microsoft PowerPoint 2010 -&gt; PowerPoint Options -&gt; Security “Make hidden markup visible” to “Enabled”.

</fixtext><fix id="F-29742r1_fix" /><check system="C-34064r1_chk"><check-content-ref name="M" href="DPMS_XCCDF_Benchmark_Microsoft PowerPoint 2010.xml" /><check-content>The policy value for User Configuration -&gt; Administrative Templates -&gt; Microsoft PowerPoint 2010 -&gt; PowerPoint Options -&gt; Security “Make hidden markup visible” must be set to “Enabled”.

Procedure: Use the Windows Registry Editor to navigate to the following key: 

HKCU\Software\Policies\Microsoft\Office\14.0\powerpoint\options

Criteria: If the value MarkupOpenSave is REG_DWORD = 1, this is not a finding.
</check-content></check></Rule></Group><Group id="V-17788"><title>DTOO289 - Running programs in PowerPoint</title><description>&lt;GroupDescription&gt;&lt;/GroupDescription&gt;</description><Rule id="SV-33601r1_rule" severity="medium" weight="10.0"><version>DTOO289 - PowerPoint</version><title>The ability to run programs from a PowerPoint presentation must be disallowed.</title><description>&lt;VulnDiscussion&gt;Action buttons can be used to launch external programs from PowerPoint presentations. If a malicious person adds an action button to a presentation that launches a dangerous program, it could significantly affect the security of a user's computer and data.&lt;/VulnDiscussion&gt;&lt;FalsePositives&gt;&lt;/FalsePositives&gt;&lt;FalseNegatives&gt;&lt;/FalseNegatives&gt;&lt;Documentable&gt;false&lt;/Documentable&gt;&lt;Mitigations&gt;&lt;/Mitigations&gt;&lt;SeverityOverrideGuidance&gt;&lt;/SeverityOverrideGuidance&gt;&lt;PotentialImpacts&gt;&lt;/PotentialImpacts&gt;&lt;ThirdPartyTools&gt;&lt;/ThirdPartyTools&gt;&lt;MitigationControl&gt;&lt;/MitigationControl&gt;&lt;Responsibility&gt;System Administrator&lt;/Responsibility&gt;&lt;Responsibility&gt;Information Assurance Officer&lt;/Responsibility&gt;&lt;IAControls&gt;&lt;/IAControls&gt;</description><reference><dc:title>DPMS Target Microsoft PowerPoint 2010</dc:title><dc:publisher>DISA</dc:publisher><dc:type>DPMS Target</dc:type><dc:subject>Microsoft PowerPoint 2010</dc:subject><dc:identifier>2025</dc:identifier></reference><fixtext fixref="F-29743r1_fix">Set the policy value for User Configuration -&gt; Administrative Templates -&gt; Microsoft PowerPoint 2010 -&gt; PowerPoint Options -&gt; Security “Run Programs” to “Enabled (disable - (don't run any programs))”.
</fixtext><fix id="F-29743r1_fix" /><check system="C-34065r1_chk"><check-content-ref name="M" href="DPMS_XCCDF_Benchmark_Microsoft PowerPoint 2010.xml" /><check-content>The policy value for User Configuration -&gt; Administrative Templates -&gt; Microsoft PowerPoint 2010 -&gt; PowerPoint Options -&gt; Security “Run Programs” must be “Enabled (disable - (don't run any programs))”.

Procedure: Use the Windows Registry Editor to navigate to the following key: 

HKCU\Software\Policies\Microsoft\Office\14.0\powerpoint\security

Criteria: If the value RunPrograms is REG_DWORD = 0, this is not a finding.
</check-content></check></Rule></Group><Group id="V-17809"><title>DTOO291 - Linked images </title><description>&lt;GroupDescription&gt;&lt;/GroupDescription&gt;</description><Rule id="SV-33603r1_rule" severity="medium" weight="10.0"><version>DTOO291 - PowerPoint</version><title>Automatic download of linked images must be disallowed.</title><description>&lt;VulnDiscussion&gt;When users insert images into PowerPoint presentations, they can select Link to File instead of Insert. If they do so, the image is represented by a link to a file on disk instead of being embedded in the presentation file itself. By default, when PowerPoint opens a presentation it does not display any linked images saved on a different computer unless the presentation itself is saved in a trusted location (as configured in the Trust Center). If this configuration is changed, PowerPoint will load any images that were saved in remote locations, which presents a security risk.
&lt;/VulnDiscussion&gt;&lt;FalsePositives&gt;&lt;/FalsePositives&gt;&lt;FalseNegatives&gt;&lt;/FalseNegatives&gt;&lt;Documentable&gt;false&lt;/Documentable&gt;&lt;Mitigations&gt;&lt;/Mitigations&gt;&lt;SeverityOverrideGuidance&gt;&lt;/SeverityOverrideGuidance&gt;&lt;PotentialImpacts&gt;&lt;/PotentialImpacts&gt;&lt;ThirdPartyTools&gt;&lt;/ThirdPartyTools&gt;&lt;MitigationControl&gt;&lt;/MitigationControl&gt;&lt;Responsibility&gt;System Administrator&lt;/Responsibility&gt;&lt;Responsibility&gt;Information Assurance Officer&lt;/Responsibility&gt;&lt;IAControls&gt;&lt;/IAControls&gt;</description><reference><dc:title>DPMS Target Microsoft PowerPoint 2010</dc:title><dc:publisher>DISA</dc:publisher><dc:type>DPMS Target</dc:type><dc:subject>Microsoft PowerPoint 2010</dc:subject><dc:identifier>2025</dc:identifier></reference><fixtext fixref="F-29745r1_fix">Set the policy value for User Configuration -&gt; Administrative Templates -&gt; Microsoft PowerPoint 2010 -&gt; PowerPoint Options -&gt; Security “Unblock automatic download of linked images” to “Disabled”.
</fixtext><fix id="F-29745r1_fix" /><check system="C-34068r1_chk"><check-content-ref name="M" href="DPMS_XCCDF_Benchmark_Microsoft PowerPoint 2010.xml" /><check-content>The policy value for User Configuration -&gt; Administrative Templates -&gt; Microsoft PowerPoint 2010 -&gt; PowerPoint Options -&gt; Security “Unblock automatic download of linked images” must be set to “Disabled”.

Procedure: Use the Windows Registry Editor to navigate to the following key: 

HKCU\Software\Policies\Microsoft\Office\14.0\powerpoint\security

Criteria: If the value DownloadImages is REG_DWORD = 0, this is not a finding.

</check-content></check></Rule></Group><Group id="V-26584"><title>DTOO126 - Add-on Management</title><description>&lt;GroupDescription&gt;&lt;/GroupDescription&gt;</description><Rule id="SV-33784r1_rule" severity="medium" weight="10.0"><version>DTOO126 - PowerPoint</version><title>Add-on Management functionality must be allowed.</title><description>&lt;VulnDiscussion&gt;Internet Explorer add-ons are pieces of code, run in Internet Explorer, to provide additional functionality. Rogue add-ons may contain viruses or other malicious code. Disabling or not configuring this setting could allow malicious code or users to become active on user computers or the network. For example, a malicious user can monitor and then use keystrokes users type into Internet Explorer. Even legitimate add-ons may demand resources, compromising the performance of Internet Explorer, and the operating systems for user computers.&lt;/VulnDiscussion&gt;&lt;FalsePositives&gt;&lt;/FalsePositives&gt;&lt;FalseNegatives&gt;&lt;/FalseNegatives&gt;&lt;Documentable&gt;false&lt;/Documentable&gt;&lt;Mitigations&gt;&lt;/Mitigations&gt;&lt;SeverityOverrideGuidance&gt;&lt;/SeverityOverrideGuidance&gt;&lt;PotentialImpacts&gt;&lt;/PotentialImpacts&gt;&lt;ThirdPartyTools&gt;&lt;/ThirdPartyTools&gt;&lt;MitigationControl&gt;&lt;/MitigationControl&gt;&lt;Responsibility&gt;System Administrator&lt;/Responsibility&gt;&lt;Responsibility&gt;Information Assurance Officer&lt;/Responsibility&gt;&lt;IAControls&gt;&lt;/IAControls&gt;</description><reference><dc:title>DPMS Target Microsoft PowerPoint 2010</dc:title><dc:publisher>DISA</dc:publisher><dc:type>DPMS Target</dc:type><dc:subject>Microsoft PowerPoint 2010</dc:subject><dc:identifier>2025</dc:identifier></reference><fixtext fixref="F-29849r1_fix">Set the policy value for Computer Configuration -&gt; Administrative Templates -&gt; Microsoft Office 2010 (Machine) -&gt; Security Settings -&gt; IE Security “Add-on Management” to “Enabled” and ‘powerpnt.exe’ and 'pptview.exe' are checked.
</fixtext><fix id="F-29849r1_fix" /><check system="C-34160r1_chk"><check-content-ref name="M" href="DPMS_XCCDF_Benchmark_Microsoft PowerPoint 2010.xml" /><check-content>The policy value for Computer Configuration -&gt; Administrative Templates -&gt; Microsoft Office 2010 (Machine) -&gt; Security Settings -&gt; IE Security “Add-on Management” must be set to “Enabled” and ‘powerpnt.exe’ and 'pptview.exe' are checked.

Procedure: Use the Windows Registry Editor to navigate to the following keys: 

HKLM\Software\Microsoft\Internet Explorer\Main\FeatureControl\FEATURE_ADDON_MANAGEMENT

Criteria: If the value powerpnt.exe is REG_DWORD = 1, this is not a finding.

AND

HKLM\Software\Microsoft\Internet Explorer\Main\FeatureControl\FEATURE_ADDON_MANAGEMENT

Criteria: If the value pptview.exe is REG_DWORD = 1, this is not a finding.
</check-content></check></Rule></Group><Group id="V-26585"><title>DTOO209 - Zone Elevation Protection</title><description>&lt;GroupDescription&gt;&lt;/GroupDescription&gt;</description><Rule id="SV-33787r1_rule" severity="medium" weight="10.0"><version>DTOO209 - PowerPoint</version><title>Protection from zone elevation must be enforced.</title><description>&lt;VulnDiscussion&gt;Internet Explorer places restrictions on each web page users can use the browser to open. Web pages on a user's local computer have the fewest security restrictions and reside in the Local Machine zone, making this security zone a prime target for malicious users and code. Disabling or not configuring this setting could allow pages in the Internet zone to navigate to pages in the Local Machine zone to then run code to elevate privileges. This could allow malicious code or users to become active on user computers or the network. &lt;/VulnDiscussion&gt;&lt;FalsePositives&gt;&lt;/FalsePositives&gt;&lt;FalseNegatives&gt;&lt;/FalseNegatives&gt;&lt;Documentable&gt;false&lt;/Documentable&gt;&lt;Mitigations&gt;&lt;/Mitigations&gt;&lt;SeverityOverrideGuidance&gt;&lt;/SeverityOverrideGuidance&gt;&lt;PotentialImpacts&gt;&lt;/PotentialImpacts&gt;&lt;ThirdPartyTools&gt;&lt;/ThirdPartyTools&gt;&lt;MitigationControl&gt;&lt;/MitigationControl&gt;&lt;Responsibility&gt;System Administrator&lt;/Responsibility&gt;&lt;Responsibility&gt;Information Assurance Officer&lt;/Responsibility&gt;&lt;IAControls&gt;&lt;/IAControls&gt;</description><reference><dc:title>DPMS Target Microsoft PowerPoint 2010</dc:title><dc:publisher>DISA</dc:publisher><dc:type>DPMS Target</dc:type><dc:subject>Microsoft PowerPoint 2010</dc:subject><dc:identifier>2025</dc:identifier></reference><fixtext fixref="F-29852r1_fix">Set the policy value for Computer Configuration -&gt; Administrative Templates -&gt; Microsoft Office 2010 (Machine) -&gt; Security Settings -&gt; IE Security “Protection From Zone Elevation” to “Enabled” and ‘powerpnt.exe’ and 'pptview.exe' are checked.
</fixtext><fix id="F-29852r1_fix" /><check system="C-34163r1_chk"><check-content-ref name="M" href="DPMS_XCCDF_Benchmark_Microsoft PowerPoint 2010.xml" /><check-content>The policy value for Computer Configuration -&gt; Administrative Templates -&gt; Microsoft Office 2010 (Machine) -&gt; Security Settings -&gt; IE Security “Protection From Zone Elevation” must be set to “Enabled” and ‘powerpnt.exe’ and 'pptview.exe' are checked.

Procedure: Use the Windows Registry Editor to navigate to the following key: 

HKLM\Software\Microsoft\Internet Explorer\Main\FeatureControl\FEATURE_ZONE_ELEVATION

Criteria: If the value powerpnt.exe is REG_DWORD = 1, this is not a finding.

AND

HKLM\Software\Microsoft\Internet Explorer\Main\FeatureControl\FEATURE_ZONE_ELEVATION

Criteria: If the value pptview.exe is REG_DWORD = 1, this is not a finding.
</check-content></check></Rule></Group><Group id="V-26586"><title>DTOO211 - Restrict ActiveX Install</title><description>&lt;GroupDescription&gt;&lt;/GroupDescription&gt;</description><Rule id="SV-33796r1_rule" severity="medium" weight="10.0"><version>DTOO211 - PowerPoint</version><title>ActiveX Installs must be configured for proper restriction.</title><description>&lt;VulnDiscussion&gt;Microsoft ActiveX controls allow unmanaged, unprotected code to run on the user computers. ActiveX controls do not run within a protected container in the browser like the other types of HTML or Microsoft Silverlight-based controls. Disabling or not configuring this setting does not block prompts for ActiveX control installations and these prompts display to users. This could allow malicious code to become active on user computers or the network. &lt;/VulnDiscussion&gt;&lt;FalsePositives&gt;&lt;/FalsePositives&gt;&lt;FalseNegatives&gt;&lt;/FalseNegatives&gt;&lt;Documentable&gt;false&lt;/Documentable&gt;&lt;Mitigations&gt;&lt;/Mitigations&gt;&lt;SeverityOverrideGuidance&gt;&lt;/SeverityOverrideGuidance&gt;&lt;PotentialImpacts&gt;&lt;/PotentialImpacts&gt;&lt;ThirdPartyTools&gt;&lt;/ThirdPartyTools&gt;&lt;MitigationControl&gt;&lt;/MitigationControl&gt;&lt;Responsibility&gt;System Administrator&lt;/Responsibility&gt;&lt;Responsibility&gt;Information Assurance Officer&lt;/Responsibility&gt;&lt;IAControls&gt;&lt;/IAControls&gt;</description><reference><dc:title>DPMS Target Microsoft PowerPoint 2010</dc:title><dc:publisher>DISA</dc:publisher><dc:type>DPMS Target</dc:type><dc:subject>Microsoft PowerPoint 2010</dc:subject><dc:identifier>2025</dc:identifier></reference><fixtext fixref="F-29860r1_fix">Set the policy value for Computer Configuration -&gt; Administrative Templates -&gt; Microsoft Office 2010 (Machine) -&gt; Security Settings -&gt; IE Security “Restrict ActiveX Install” to “Enabled” and ‘powerpnt.exe’ and 'pptview.exe' are checked.
</fixtext><fix id="F-29860r1_fix" /><check system="C-34171r1_chk"><check-content-ref name="M" href="DPMS_XCCDF_Benchmark_Microsoft PowerPoint 2010.xml" /><check-content>The policy value for Computer Configuration -&gt; Administrative Templates -&gt; Microsoft Office 2010 (Machine) -&gt; Security Settings -&gt; IE Security “Restrict ActiveX Install” must be set to “Enabled” and ‘powerpnt.exe’ and 'pptview.exe' are checked.

Procedure: Use the Windows Registry Editor to navigate to the following key: 

HKLM\Software\Microsoft\Internet Explorer\Main\FeatureControl\FEATURE_RESTRICT_ACTIVEXINSTALL

Criteria: If the value powerpnt.exe is REG_DWORD = 1, this is not a finding.

AND

HKLM\Software\Microsoft\Internet Explorer\Main\FeatureControl\FEATURE_RESTRICT_ACTIVEXINSTALL

Criteria: If the value pptview.exe is REG_DWORD = 1, this is not a finding.
</check-content></check></Rule></Group><Group id="V-26587"><title>DTOO132 - Restrict File Download</title><description>&lt;GroupDescription&gt;&lt;/GroupDescription&gt;</description><Rule id="SV-33802r1_rule" severity="medium" weight="10.0"><version>DTOO132 - PowerPoint</version><title>File Downloads must be configured for proper restrictions.</title><description>&lt;VulnDiscussion&gt;Disabling this setting allows websites to present file download prompts via code without the user specifically initiating the download.  User preferences may also allow the download to occur without prompting or interacting with the user.  Even if Internet Explorer prompts the user to accept the download, some websites abuse this functionality.  Malicious websites may continually prompt users to download a file or present confusing dialog boxes to trick users into downloading or running a file.  If the download occurs and it contains malicious code, the code could become active on user computers or the network.  &lt;/VulnDiscussion&gt;&lt;FalsePositives&gt;&lt;/FalsePositives&gt;&lt;FalseNegatives&gt;&lt;/FalseNegatives&gt;&lt;Documentable&gt;false&lt;/Documentable&gt;&lt;Mitigations&gt;&lt;/Mitigations&gt;&lt;SeverityOverrideGuidance&gt;&lt;/SeverityOverrideGuidance&gt;&lt;PotentialImpacts&gt;&lt;/PotentialImpacts&gt;&lt;ThirdPartyTools&gt;&lt;/ThirdPartyTools&gt;&lt;MitigationControl&gt;&lt;/MitigationControl&gt;&lt;Responsibility&gt;System Administrator&lt;/Responsibility&gt;&lt;Responsibility&gt;Information Assurance Officer&lt;/Responsibility&gt;&lt;IAControls&gt;&lt;/IAControls&gt;</description><reference><dc:title>DPMS Target Microsoft PowerPoint 2010</dc:title><dc:publisher>DISA</dc:publisher><dc:type>DPMS Target</dc:type><dc:subject>Microsoft PowerPoint 2010</dc:subject><dc:identifier>2025</dc:identifier></reference><fixtext fixref="F-29865r1_fix">Set the policy value for Computer Configuration -&gt; Administrative Templates -&gt; Microsoft Office 2010 (Machine) -&gt; Security Settings -&gt; IE Security “Restrict File Download” to “Enabled" and ‘powerpnt.exe’ and 'pptview.exe' are checked.
</fixtext><fix id="F-29865r1_fix" /><check system="C-34176r1_chk"><check-content-ref name="M" href="DPMS_XCCDF_Benchmark_Microsoft PowerPoint 2010.xml" /><check-content>The policy value for Computer Configuration -&gt; Administrative Templates -&gt; Microsoft Office 2010 (Machine) -&gt; Security Settings -&gt; IE Security “Restrict File Download” must be set to “Enabled" and ‘powerpnt.exe’ and 'pptview.exe' are checked.

Procedure: Use the Windows Registry Editor to navigate to the following key: 

HKLM\Software\Microsoft\Internet Explorer\Main\FeatureControl\FEATURE_RESTRICT_FILEDOWNLOAD

Criteria: If the value powerpnt.exe is REG_DWORD = 1, this is not a finding.

AND

HKLM\Software\Microsoft\Internet Explorer\Main\FeatureControl\FEATURE_RESTRICT_FILEDOWNLOAD

Criteria: If the value pptview.exe is REG_DWORD = 1, this is not a finding.
</check-content></check></Rule></Group><Group id="V-26588"><title>DTOO124 - Scripted Window Security</title><description>&lt;GroupDescription&gt;&lt;/GroupDescription&gt;</description><Rule id="SV-33804r1_rule" severity="medium" weight="10.0"><version>DTOO124 - PowerPoint</version><title>Scripted Window Security must be enforced.</title><description>&lt;VulnDiscussion&gt;Malicious websites often try to confuse or trick users into giving a site permission to perform an action allowing the site to take control of the users' computers in some manner. Disabling or not configuring this setting allows unknown websites to:
-Create browser windows appearing to be from the local operating system.
-Draw active windows displaying outside of the viewable areas of the screen capturing keyboard input.
-Overlay parent windows with their own browser windows to hide important system information, choices or prompts.
&lt;/VulnDiscussion&gt;&lt;FalsePositives&gt;&lt;/FalsePositives&gt;&lt;FalseNegatives&gt;&lt;/FalseNegatives&gt;&lt;Documentable&gt;false&lt;/Documentable&gt;&lt;Mitigations&gt;&lt;/Mitigations&gt;&lt;SeverityOverrideGuidance&gt;&lt;/SeverityOverrideGuidance&gt;&lt;PotentialImpacts&gt;&lt;/PotentialImpacts&gt;&lt;ThirdPartyTools&gt;&lt;/ThirdPartyTools&gt;&lt;MitigationControl&gt;&lt;/MitigationControl&gt;&lt;Responsibility&gt;System Administrator&lt;/Responsibility&gt;&lt;Responsibility&gt;Information Assurance Officer&lt;/Responsibility&gt;&lt;IAControls&gt;&lt;/IAControls&gt;</description><reference><dc:title>DPMS Target Microsoft PowerPoint 2010</dc:title><dc:publisher>DISA</dc:publisher><dc:type>DPMS Target</dc:type><dc:subject>Microsoft PowerPoint 2010</dc:subject><dc:identifier>2025</dc:identifier></reference><fixtext fixref="F-29867r1_fix">Set the policy value for Computer Configuration -&gt; Administrative Templates -&gt; Microsoft Office 2010 (Machine) -&gt; Security Settings -&gt; IE Security “Scripted Window Security Restrictions” to “Enabled” and ‘powerpnt.exe’ and 'pptview.exe' are checked.
</fixtext><fix id="F-29867r1_fix" /><check system="C-34178r1_chk"><check-content-ref name="M" href="DPMS_XCCDF_Benchmark_Microsoft PowerPoint 2010.xml" /><check-content>The policy value for Computer Configuration -&gt; Administrative Templates -&gt; Microsoft Office 2010 (Machine) -&gt; Security Settings -&gt; IE Security “Scripted Window Security Restrictions” must be set to “Enabled” and ‘powerpnt.exe’ and 'pptview.exe' are checked.

Procedure: Use the Windows Registry Editor to navigate to the following key: 

HKLM\Software\Microsoft\Internet Explorer\Main\FeatureControl\FEATURE_WINDOW_RESTRICTIONS

Criteria: If the value powerpnt.exe is REG_DWORD = 1, this is not a finding.

AND

HKLM\Software\Microsoft\Internet Explorer\Main\FeatureControl\FEATURE_WINDOW_RESTRICTIONS

Criteria: If the value pptview.exe is REG_DWORD = 1, this is not a finding.

</check-content></check></Rule></Group><Group id="V-26589"><title>DTOO127 - Add-ins are signed by Trusted Publisher</title><description>&lt;GroupDescription&gt;&lt;/GroupDescription&gt;</description><Rule id="SV-33852r1_rule" severity="medium" weight="10.0"><version>DTOO127 - PowerPoint</version><title>Application add-ins must be signed by Trusted Publisher.</title><description>&lt;VulnDiscussion&gt;Office 2010 applications do not check the digital signature on application add-ins before opening them.  Disabling or not configuring this setting may allow an application to load a dangerous add-in.  As a result, malicious code could become active on user computers or the network. &lt;/VulnDiscussion&gt;&lt;FalsePositives&gt;&lt;/FalsePositives&gt;&lt;FalseNegatives&gt;&lt;/FalseNegatives&gt;&lt;Documentable&gt;false&lt;/Documentable&gt;&lt;Mitigations&gt;&lt;/Mitigations&gt;&lt;SeverityOverrideGuidance&gt;&lt;/SeverityOverrideGuidance&gt;&lt;PotentialImpacts&gt;&lt;/PotentialImpacts&gt;&lt;ThirdPartyTools&gt;&lt;/ThirdPartyTools&gt;&lt;MitigationControl&gt;&lt;/MitigationControl&gt;&lt;Responsibility&gt;System Administrator&lt;/Responsibility&gt;&lt;Responsibility&gt;Information Assurance Officer&lt;/Responsibility&gt;&lt;IAControls&gt;&lt;/IAControls&gt;</description><reference><dc:title>DPMS Target Microsoft PowerPoint 2010</dc:title><dc:publisher>DISA</dc:publisher><dc:type>DPMS Target</dc:type><dc:subject>Microsoft PowerPoint 2010</dc:subject><dc:identifier>2025</dc:identifier></reference><fixtext fixref="F-29935r1_fix">Set the policy value for User Configuration -&gt; Administrative Templates -&gt; Microsoft PowerPoint 2010 -&gt; PowerPoint Options -&gt; Security -&gt; Trust Center “Require that application add-ins are signed by Trusted Publisher” to “Enabled”. </fixtext><fix id="F-29935r1_fix" /><check system="C-34241r1_chk"><check-content-ref name="M" href="DPMS_XCCDF_Benchmark_Microsoft PowerPoint 2010.xml" /><check-content>The policy value for User Configuration -&gt; Administrative Templates -&gt; Microsoft PowerPoint 2010 -&gt; PowerPoint Options -&gt; Security -&gt; Trust Center “Require that application add-ins are signed by Trusted Publisher” must be set to “Enabled”.

Procedure: Use the Windows Registry Editor to navigate to the following key: 

HKCU\Software\Policies\Microsoft\Office\14.0\powerpoint\security

Criteria: If the value RequireAddinSig is REG_DWORD = 1, this is not a finding.
</check-content></check></Rule></Group><Group id="V-26590"><title>DTOO128 - Data Execution Prevention</title><description>&lt;GroupDescription&gt;&lt;/GroupDescription&gt;</description><Rule id="SV-33858r1_rule" severity="medium" weight="10.0"><version>DTOO128 - PowerPoint</version><title>Data Execution Prevention must be enforced.</title><description>&lt;VulnDiscussion&gt;Data Execution Prevention (DEP) is a set of hardware and software technologies performing additional checks on memory to help prevent malicious code from running on a system. The primary benefit of DEP is to help prevent code execution from data pages. Enabling this setting, turns off Data Execution Prevention. As a result, malicious code takes advantage of code injection or buffer overflow vulnerabilities possibly exploiting the computer.&lt;/VulnDiscussion&gt;&lt;FalsePositives&gt;&lt;/FalsePositives&gt;&lt;FalseNegatives&gt;&lt;/FalseNegatives&gt;&lt;Documentable&gt;false&lt;/Documentable&gt;&lt;Mitigations&gt;&lt;/Mitigations&gt;&lt;SeverityOverrideGuidance&gt;&lt;/SeverityOverrideGuidance&gt;&lt;PotentialImpacts&gt;&lt;/PotentialImpacts&gt;&lt;ThirdPartyTools&gt;&lt;/ThirdPartyTools&gt;&lt;MitigationControl&gt;&lt;/MitigationControl&gt;&lt;Responsibility&gt;System Administrator&lt;/Responsibility&gt;&lt;Responsibility&gt;Information Assurance Officer&lt;/Responsibility&gt;&lt;IAControls&gt;&lt;/IAControls&gt;</description><reference><dc:title>DPMS Target Microsoft PowerPoint 2010</dc:title><dc:publisher>DISA</dc:publisher><dc:type>DPMS Target</dc:type><dc:subject>Microsoft PowerPoint 2010</dc:subject><dc:identifier>2025</dc:identifier></reference><fixtext fixref="F-29936r1_fix">Set the policy value for User Configuration -&gt; Administrative Templates -&gt; Microsoft PowerPoint 2010 -&gt; PowerPoint Options -&gt; Security -&gt; Trust Center “Turn off Data Execution Prevention” to “Disabled”. </fixtext><fix id="F-29936r1_fix" /><check system="C-34242r1_chk"><check-content-ref name="M" href="DPMS_XCCDF_Benchmark_Microsoft PowerPoint 2010.xml" /><check-content>The policy value for User Configuration -&gt; Administrative Templates -&gt; Microsoft PowerPoint 2010 -&gt; PowerPoint Options -&gt; Security -&gt; Trust Center “Turn off Data Execution Prevention” must be set to “Disabled”.

Procedure: Use the Windows Registry Editor to navigate to the following key: 

HKCU\Software\Policies\Microsoft\Office\14.0\powerpoint\security 

Criteria: If the value EnableDEP is REG_DWORD = 1, this is not a finding.</check-content></check></Rule></Group><Group id="V-26592"><title>DTOO119 - Turn off file validation</title><description>&lt;GroupDescription&gt;&lt;/GroupDescription&gt;</description><Rule id="SV-33935r1_rule" severity="medium" weight="10.0"><version>DTOO119 - PowerPoint</version><title>Configuration for file validation must be enforced.</title><description>&lt;VulnDiscussion&gt;Office Binary Documents (97-2003) are checked to see if they conform against the file format schema before they are opened.
&lt;/VulnDiscussion&gt;&lt;FalsePositives&gt;&lt;/FalsePositives&gt;&lt;FalseNegatives&gt;&lt;/FalseNegatives&gt;&lt;Documentable&gt;false&lt;/Documentable&gt;&lt;Mitigations&gt;&lt;/Mitigations&gt;&lt;SeverityOverrideGuidance&gt;&lt;/SeverityOverrideGuidance&gt;&lt;PotentialImpacts&gt;&lt;/PotentialImpacts&gt;&lt;ThirdPartyTools&gt;&lt;/ThirdPartyTools&gt;&lt;MitigationControl&gt;&lt;/MitigationControl&gt;&lt;Responsibility&gt;System Administrator&lt;/Responsibility&gt;&lt;Responsibility&gt;Information Assurance Officer&lt;/Responsibility&gt;&lt;IAControls&gt;&lt;/IAControls&gt;</description><reference><dc:title>DPMS Target Microsoft PowerPoint 2010</dc:title><dc:publisher>DISA</dc:publisher><dc:type>DPMS Target</dc:type><dc:subject>Microsoft PowerPoint 2010</dc:subject><dc:identifier>2025</dc:identifier></reference><fixtext fixref="F-29934r1_fix">Set the policy value for User Configuration -&gt; Administrative Templates -&gt; Microsoft PowerPoint 2010 -&gt; PowerPoint Options -&gt; Security “Turn off file validation” to “Disabled”.</fixtext><fix id="F-29934r1_fix" /><check system="C-34240r1_chk"><check-content-ref name="M" href="DPMS_XCCDF_Benchmark_Microsoft PowerPoint 2010.xml" /><check-content>The policy value for User Configuration -&gt; Administrative Templates -&gt; Microsoft PowerPoint 2010 -&gt; PowerPoint Options -&gt; Security “Turn off file validation” must be set to “Disabled”.

Procedure: Use the Windows Registry Editor to navigate to the following key: 

HKCU\Software\Policies\Microsoft\Office\14.0\powerpoint\security\filevalidation

Criteria: If the value EnableOnLoad is REG_DWORD = 1, this is not a finding.
</check-content></check></Rule></Group><Group id="V-26612"><title>DTOO110 - Set default file block behavior</title><description>&lt;GroupDescription&gt;&lt;/GroupDescription&gt;</description><Rule id="SV-33933r1_rule" severity="medium" weight="10.0"><version>DTOO110 - PowerPoint</version><title>Blocking as default file block opening behavior must be enforced.
</title><description>&lt;VulnDiscussion&gt;Users can open, view, or edit a large number of file types in PowerPoint 2010.  Some file types are safer than others, as some could allow malicious code to become active on user computers or the network.  For this reason, disabling or not configuring this setting could allow malicious code to become active on user computers or the network. &lt;/VulnDiscussion&gt;&lt;FalsePositives&gt;&lt;/FalsePositives&gt;&lt;FalseNegatives&gt;&lt;/FalseNegatives&gt;&lt;Documentable&gt;false&lt;/Documentable&gt;&lt;Mitigations&gt;&lt;/Mitigations&gt;&lt;SeverityOverrideGuidance&gt;&lt;/SeverityOverrideGuidance&gt;&lt;PotentialImpacts&gt;&lt;/PotentialImpacts&gt;&lt;ThirdPartyTools&gt;&lt;/ThirdPartyTools&gt;&lt;MitigationControl&gt;&lt;/MitigationControl&gt;&lt;Responsibility&gt;System Administrator&lt;/Responsibility&gt;&lt;Responsibility&gt;Information Assurance Officer&lt;/Responsibility&gt;&lt;IAControls&gt;&lt;/IAControls&gt;</description><reference><dc:title>DPMS Target Microsoft PowerPoint 2010</dc:title><dc:publisher>DISA</dc:publisher><dc:type>DPMS Target</dc:type><dc:subject>Microsoft PowerPoint 2010</dc:subject><dc:identifier>2025</dc:identifier></reference><fixtext fixref="F-29937r1_fix">Set the policy value for User Configuration -&gt; Administrative Templates -&gt; Microsoft PowerPoint 2010 -&gt; PowerPoint Options -&gt; Security -&gt; Trust Center -&gt; File Block Settings “Set default file block behavior” to “Enabled: Blocked files are not opened”.</fixtext><fix id="F-29937r1_fix" /><check system="C-34243r1_chk"><check-content-ref name="M" href="DPMS_XCCDF_Benchmark_Microsoft PowerPoint 2010.xml" /><check-content>The policy value for User Configuration -&gt; Administrative Templates -&gt; Microsoft PowerPoint 2010 -&gt; PowerPoint Options -&gt; Security -&gt; Trust Center -&gt; File Block Settings “Set default file block behavior” must be “Enabled: Blocked files are not opened”.

Procedure: Use the Windows Registry Editor to navigate to the following key: 

HKCU\Software\Policies\Microsoft\Office\14.0\powerpoint\security\fileblock

Criteria: If the value OpenInProtectedView is REG_DWORD = 0, this is not a finding.</check-content></check></Rule></Group><Group id="V-26614"><title>DTOO121 - Files from the Internet zone </title><description>&lt;GroupDescription&gt;&lt;/GroupDescription&gt;</description><Rule id="SV-33862r1_rule" severity="medium" weight="10.0"><version>DTOO121 - PowerPoint</version><title>Files from the Internet zone must be opened in Protected View.
</title><description>&lt;VulnDiscussion&gt;This policy setting allows for determining if files downloaded from the Internet zone open in Protected View. If enabling this policy setting, files downloaded from the Internet zone do not open in Protected View. If disabling or not configuring this policy setting, files downloaded from the Internet zone open in Protected View.&lt;/VulnDiscussion&gt;&lt;FalsePositives&gt;&lt;/FalsePositives&gt;&lt;FalseNegatives&gt;&lt;/FalseNegatives&gt;&lt;Documentable&gt;false&lt;/Documentable&gt;&lt;Mitigations&gt;&lt;/Mitigations&gt;&lt;SeverityOverrideGuidance&gt;&lt;/SeverityOverrideGuidance&gt;&lt;PotentialImpacts&gt;&lt;/PotentialImpacts&gt;&lt;ThirdPartyTools&gt;&lt;/ThirdPartyTools&gt;&lt;MitigationControl&gt;&lt;/MitigationControl&gt;&lt;Responsibility&gt;System Administrator&lt;/Responsibility&gt;&lt;Responsibility&gt;Information Assurance Officer&lt;/Responsibility&gt;&lt;IAControls&gt;&lt;/IAControls&gt;</description><reference><dc:title>DPMS Target Microsoft PowerPoint 2010</dc:title><dc:publisher>DISA</dc:publisher><dc:type>DPMS Target</dc:type><dc:subject>Microsoft PowerPoint 2010</dc:subject><dc:identifier>2025</dc:identifier></reference><fixtext fixref="F-29938r1_fix">Set the policy value for User Configuration -&gt; Administrative Templates -&gt; Microsoft PowerPoint 2010 -&gt; PowerPoint Options -&gt; Security -&gt; Trust Center -&gt; Protected View “Do not open files from the Internet zone in Protected View to “Disabled”. </fixtext><fix id="F-29938r1_fix" /><check system="C-34244r1_chk"><check-content-ref name="M" href="DPMS_XCCDF_Benchmark_Microsoft PowerPoint 2010.xml" /><check-content>The policy value for User Configuration -&gt; Administrative Templates -&gt; Microsoft PowerPoint 2010 -&gt; PowerPoint Options -&gt; Security -&gt; Trust Center -&gt; Protected View “Do not open files from the Internet zone in Protected View” must be set to “Disabled”.

Procedure: Use the Windows Registry Editor to navigate to the following key: 

HKCU\Software\Policies\Microsoft\Office\14.0\powerpoint\security\protectedview

Criteria: If the value DisableInternetFilesInPV is REG_DWORD = 0, this is not a finding.
</check-content></check></Rule></Group><Group id="V-26615"><title>DTOO288 - Files in unsafe locations </title><description>&lt;GroupDescription&gt;&lt;/GroupDescription&gt;</description><Rule id="SV-33866r1_rule" severity="medium" weight="10.0"><version>DTOO288 - PowerPoint</version><title>Files in unsafe locations must be opened in Protected View.
</title><description>&lt;VulnDiscussion&gt;This policy setting determines if files located in unsafe locations will open in Protected View. If unsafe locations have not been specified, only the "Downloaded Program Files" and "Temporary Internet Files" folders are considered unsafe locations. If enabling this policy setting, files located in unsafe locations do not open in Protected View. If disabling or not configuring this policy setting, files located in unsafe locations open in Protected View.&lt;/VulnDiscussion&gt;&lt;FalsePositives&gt;&lt;/FalsePositives&gt;&lt;FalseNegatives&gt;&lt;/FalseNegatives&gt;&lt;Documentable&gt;false&lt;/Documentable&gt;&lt;Mitigations&gt;&lt;/Mitigations&gt;&lt;SeverityOverrideGuidance&gt;&lt;/SeverityOverrideGuidance&gt;&lt;PotentialImpacts&gt;&lt;/PotentialImpacts&gt;&lt;ThirdPartyTools&gt;&lt;/ThirdPartyTools&gt;&lt;MitigationControl&gt;&lt;/MitigationControl&gt;&lt;Responsibility&gt;System Administrator&lt;/Responsibility&gt;&lt;Responsibility&gt;Information Assurance Officer&lt;/Responsibility&gt;&lt;IAControls&gt;&lt;/IAControls&gt;</description><reference><dc:title>DPMS Target Microsoft PowerPoint 2010</dc:title><dc:publisher>DISA</dc:publisher><dc:type>DPMS Target</dc:type><dc:subject>Microsoft PowerPoint 2010</dc:subject><dc:identifier>2025</dc:identifier></reference><fixtext fixref="F-29939r1_fix">Set the policy value for User Configuration -&gt; Administrative Templates -&gt; Microsoft PowerPoint 2010 -&gt; PowerPoint Options -&gt; Security -&gt; Trust Center -&gt; Protected View “Do not open files in unsafe locations in Protected View” to “Disabled”. 
</fixtext><fix id="F-29939r1_fix" /><check system="C-34245r1_chk"><check-content-ref name="M" href="DPMS_XCCDF_Benchmark_Microsoft PowerPoint 2010.xml" /><check-content>The policy value for User Configuration -&gt; Administrative Templates -&gt; Microsoft PowerPoint 2010 -&gt; PowerPoint Options -&gt; Security -&gt; Trust Center -&gt; Protected View “Do not open files in unsafe locations in Protected View” must be set to “Disabled”. 

Procedure: Use the Windows Registry Editor to navigate to the following key: 

HKCU\Software\Policies\Microsoft\Office\14.0\powerpoint\security\protectedview 

Criteria: If the value DisableUnsafeLocationsInPV is REG_DWORD = 0, this is not a finding.</check-content></check></Rule></Group><Group id="V-26616"><title>DTOO292 - Set document behavior </title><description>&lt;GroupDescription&gt;&lt;/GroupDescription&gt;</description><Rule id="SV-33869r1_rule" severity="medium" weight="10.0"><version>DTOO292 - PowerPoint</version><title>Document behavior if file validation fails must be set.</title><description>&lt;VulnDiscussion&gt;This policy key controls the behavior of how Office documents should be handled when failing File Validation. The options available are:
-Block files completely. This will prevent users from opening files.
-Open files in Protected View and disallow edit. This will prevent users from editing the files.
-Open files in Protected view and allow edit. This will allow users to edit the files.
If disabling or not configuring this policy setting, the default setting will be, "open files in protected view and allow edit".
&lt;/VulnDiscussion&gt;&lt;FalsePositives&gt;&lt;/FalsePositives&gt;&lt;FalseNegatives&gt;&lt;/FalseNegatives&gt;&lt;Documentable&gt;false&lt;/Documentable&gt;&lt;Mitigations&gt;&lt;/Mitigations&gt;&lt;SeverityOverrideGuidance&gt;&lt;/SeverityOverrideGuidance&gt;&lt;PotentialImpacts&gt;&lt;/PotentialImpacts&gt;&lt;ThirdPartyTools&gt;&lt;/ThirdPartyTools&gt;&lt;MitigationControl&gt;&lt;/MitigationControl&gt;&lt;Responsibility&gt;System Administrator&lt;/Responsibility&gt;&lt;Responsibility&gt;Information Assurance Officer&lt;/Responsibility&gt;&lt;IAControls&gt;&lt;/IAControls&gt;</description><reference><dc:title>DPMS Target Microsoft PowerPoint 2010</dc:title><dc:publisher>DISA</dc:publisher><dc:type>DPMS Target</dc:type><dc:subject>Microsoft PowerPoint 2010</dc:subject><dc:identifier>2025</dc:identifier></reference><fixtext fixref="F-29940r1_fix">Set the policy value for User Configuration -&gt; Administrative Templates -&gt; Microsoft PowerPoint 2010 -&gt; PowerPoint Options -&gt; Security -&gt; Trust Center -&gt; Protected View “Set document behavior if file validation fails” to "Enabled: Open in Protected View" and Unchecked for "Do not allow edit".
</fixtext><fix id="F-29940r1_fix" /><check system="C-34246r1_chk"><check-content-ref name="M" href="DPMS_XCCDF_Benchmark_Microsoft PowerPoint 2010.xml" /><check-content>The policy value for User Configuration -&gt; Administrative Templates -&gt; Microsoft PowerPoint 2010 -&gt; PowerPoint Options -&gt; Security -&gt; Trust Center -&gt; Protected View “Set document behavior if file validation fails” must be "Enabled: Open in Protected View" and Unchecked for "Do not allow edit".

Procedure: Use the Windows Registry Editor to navigate to the following keys: 

HKCU\Software\Policies\Microsoft\Office\14.0\powerpoint\security\filevalidation

Criteria: If the value OpenInProtectedView  is REG_DWORD = 1, this is not a finding.

AND

HKCU\Software\Policies\Microsoft\Office\14.0\powerpoint\security\filevalidation

Criteria: If the value DisableEditFromPV  is REG_DWORD = 1, this is not a finding.
</check-content></check></Rule></Group><Group id="V-26617"><title>DTOO293 - Turn off Protected View for attachments</title><description>&lt;GroupDescription&gt;&lt;/GroupDescription&gt;</description><Rule id="SV-33876r1_rule" severity="medium" weight="10.0"><version>DTOO293 - PowerPoint</version><title>Attachments opened from Outlook must be in Protected View.</title><description>&lt;VulnDiscussion&gt;This policy setting allows for determining if Excel files in Outlook attachments open in Protected View. If enabling this policy setting, Outlook attachments do not open in Protected View. If disabling or not configuring this policy setting, Outlook attachments open in Protected View.&lt;/VulnDiscussion&gt;&lt;FalsePositives&gt;&lt;/FalsePositives&gt;&lt;FalseNegatives&gt;&lt;/FalseNegatives&gt;&lt;Documentable&gt;false&lt;/Documentable&gt;&lt;Mitigations&gt;&lt;/Mitigations&gt;&lt;SeverityOverrideGuidance&gt;&lt;/SeverityOverrideGuidance&gt;&lt;PotentialImpacts&gt;&lt;/PotentialImpacts&gt;&lt;ThirdPartyTools&gt;&lt;/ThirdPartyTools&gt;&lt;MitigationControl&gt;&lt;/MitigationControl&gt;&lt;Responsibility&gt;System Administrator&lt;/Responsibility&gt;&lt;Responsibility&gt;Information Assurance Officer&lt;/Responsibility&gt;&lt;IAControls&gt;&lt;/IAControls&gt;</description><reference><dc:title>DPMS Target Microsoft PowerPoint 2010</dc:title><dc:publisher>DISA</dc:publisher><dc:type>DPMS Target</dc:type><dc:subject>Microsoft PowerPoint 2010</dc:subject><dc:identifier>2025</dc:identifier></reference><fixtext fixref="F-29941r1_fix">Set the policy value for User Configuration -&gt; Administrative Templates -&gt; Microsoft PowerPoint 2010 -&gt; PowerPoint Options -&gt; Security -&gt; Trust Center -&gt; Protected View “Turn off Protected View for attachments opened from Outlook” to “Disabled”. </fixtext><fix id="F-29941r1_fix" /><check system="C-34247r1_chk"><check-content-ref name="M" href="DPMS_XCCDF_Benchmark_Microsoft PowerPoint 2010.xml" /><check-content>The policy value for User Configuration -&gt; Administrative Templates -&gt; Microsoft PowerPoint 2010 -&gt; PowerPoint Options -&gt; Security -&gt; Trust Center -&gt; Protected View “Turn off Protected View for attachments opened from Outlook” must be set to “Disabled”. 

Procedure: Use the Windows Registry Editor to navigate to the following key: 

HKCU\Software\Policies\Microsoft\Office\14.0\powerpoint\security\protectedview

Criteria: If the value DisableAttachmentsInPV  is REG_DWORD = 0, this is not a finding.
</check-content></check></Rule></Group><Group id="V-26639"><title>DTOO319 - Disable Slide Update</title><description>&lt;GroupDescription&gt;&lt;/GroupDescription&gt;</description><Rule id="SV-34090r1_rule" severity="medium" weight="10.0"><version>DTOO319 - PowerPoint</version><title>The configuration for Slide Update with counterparts must be disallowed.
</title><description>&lt;VulnDiscussion&gt;This setting controls whether users can link slides in a presentation with their counterparts in a PowerPoint Slide Library.  If you enable this policy setting, PowerPoint cannot check the status of a slide in a Slide Library when a presentation with Slide Update data is opened.  If you disable or do not configure this policy setting, each time users open a presentation that contains a shared slide, PowerPoint notifies them if the slide has been updated and provides them with the opportunity to ignore the update, append a new slide to the outdated slide, or replace the outdated slide with the updated one.&lt;/VulnDiscussion&gt;&lt;FalsePositives&gt;&lt;/FalsePositives&gt;&lt;FalseNegatives&gt;&lt;/FalseNegatives&gt;&lt;Documentable&gt;false&lt;/Documentable&gt;&lt;Mitigations&gt;&lt;/Mitigations&gt;&lt;SeverityOverrideGuidance&gt;&lt;/SeverityOverrideGuidance&gt;&lt;PotentialImpacts&gt;&lt;/PotentialImpacts&gt;&lt;ThirdPartyTools&gt;&lt;/ThirdPartyTools&gt;&lt;MitigationControl&gt;&lt;/MitigationControl&gt;&lt;Responsibility&gt;System Administrator&lt;/Responsibility&gt;&lt;Responsibility&gt;Information Assurance Officer&lt;/Responsibility&gt;&lt;IAControls&gt;&lt;/IAControls&gt;</description><reference><dc:title>DPMS Target Microsoft PowerPoint 2010</dc:title><dc:publisher>DISA</dc:publisher><dc:type>DPMS Target</dc:type><dc:subject>Microsoft PowerPoint 2010</dc:subject><dc:identifier>2025</dc:identifier></reference><fixtext fixref="F-29933r1_fix">Set the policy value for User Configuration -&gt; Administrative Templates -&gt; Microsoft PowerPoint 2010 -&gt; Miscellaneous “Disable Slide Update” to “Enabled”.</fixtext><fix id="F-29933r1_fix" /><check system="C-34239r1_chk"><check-content-ref name="M" href="DPMS_XCCDF_Benchmark_Microsoft PowerPoint 2010.xml" /><check-content>The policy value for User Configuration -&gt; Administrative Templates -&gt; Microsoft PowerPoint 2010 -&gt; Miscellaneous “Disable Slide Update” must be set to “Enabled”.

Procedure: Use the Windows Registry Editor to navigate to the following key: 

HKCU\Software\Policies\Microsoft\Office\14.0\powerpoint\slide libraries

Criteria: If the value DisableSlideUpdate is REG_DWORD = 1, this is not a finding.
</check-content></check></Rule></Group></Benchmark>