﻿<?xml version="1.0" encoding="utf-8"?><?xml-stylesheet type='text/xsl' href='STIG_unclass.xsl'?><Benchmark xmlns:dsig="http://www.w3.org/2000/09/xmldsig#" xmlns:xhtml="http://www.w3.org/1999/xhtml" xmlns:xsi="http://www.w3.org/2001/XMLSchema-instance" xmlns:cpe="http://cpe.mitre.org/language/2.0" xmlns:dc="http://purl.org/dc/elements/1.1/" id="SRC_-_Remote_Access_Server" xml:lang="en" xsi:schemaLocation="http://checklists.nist.gov/xccdf/1.1 http://nvd.nist.gov/schema/xccdf-1.1.4.xsd http://cpe.mitre.org/dictionary/2.0 http://cpe.mitre.org/files/cpe-dictionary_2.1.xsd" xmlns="http://checklists.nist.gov/xccdf/1.1"><status date="2012-01-10">accepted</status><title>Remote Access Server STIG</title><notice id="terms-of-use" xml:lang="en"></notice><reference href="http://iase.disa.mil"><dc:publisher>DISA, Field Security Operations</dc:publisher><dc:source>STIG.DOD.MIL</dc:source></reference><plain-text id="release-info">Release: 7 Benchmark Date: 27 Jul 2012</plain-text><version>2</version><Profile id="MAC-1_Public"><title>I - Mission Critical Public</title><description>&lt;ProfileDescription&gt;&lt;/ProfileDescription&gt;</description><select idref="V-3012" selected="true" /><select idref="V-3013" selected="true" /><select idref="V-19843" selected="true" /><select idref="V-19844" selected="true" /><select idref="V-19845" selected="true" /><select idref="V-19846" selected="true" /><select idref="V-19847" selected="true" /><select idref="V-19848" selected="true" /><select idref="V-19849" selected="true" /><select idref="V-19850" selected="true" /><select idref="V-19851" selected="true" /><select idref="V-21529" selected="true" /><select idref="V-21538" selected="true" /><select idref="V-21540" selected="true" /><select idref="V-21541" selected="true" /><select idref="V-21582" selected="true" /><select idref="V-21583" selected="true" /><select idref="V-21584" selected="true" /><select idref="V-21585" selected="true" /><select idref="V-21586" selected="true" /><select idref="V-21587" selected="true" /></Profile><Profile id="MAC-1_Sensitive"><title>I - Mission Critical Sensitive</title><description>&lt;ProfileDescription&gt;&lt;/ProfileDescription&gt;</description><select idref="V-3012" selected="true" /><select idref="V-3013" selected="true" /><select idref="V-19843" selected="true" /><select idref="V-19844" selected="true" /><select idref="V-19845" selected="true" /><select idref="V-19846" selected="true" /><select idref="V-19847" selected="true" /><select idref="V-19848" selected="true" /><select idref="V-19849" selected="true" /><select idref="V-19850" selected="true" /><select idref="V-19851" selected="true" /><select idref="V-21529" selected="true" /><select idref="V-21538" selected="true" /><select idref="V-21540" selected="true" /><select idref="V-21541" selected="true" /><select idref="V-21582" selected="true" /><select idref="V-21583" selected="true" /><select idref="V-21584" selected="true" /><select idref="V-21585" selected="true" /><select idref="V-21586" selected="true" /><select idref="V-21587" selected="true" /></Profile><Profile id="MAC-1_Classified"><title>I - Mission Critical Classified</title><description>&lt;ProfileDescription&gt;&lt;/ProfileDescription&gt;</description><select idref="V-3012" selected="true" /><select idref="V-3013" selected="true" /><select idref="V-19843" selected="true" /><select idref="V-19844" selected="true" /><select idref="V-19845" selected="true" /><select idref="V-19846" selected="true" /><select idref="V-19847" selected="true" /><select idref="V-19848" selected="true" /><select idref="V-19849" selected="true" /><select idref="V-19850" selected="true" /><select idref="V-19851" selected="true" /><select idref="V-21529" selected="true" /><select idref="V-21538" selected="true" /><select idref="V-21540" selected="true" /><select idref="V-21541" selected="true" /><select idref="V-21582" selected="true" /><select idref="V-21583" selected="true" /><select idref="V-21584" selected="true" /><select idref="V-21585" selected="true" /><select idref="V-21586" selected="true" /><select idref="V-21587" selected="true" /></Profile><Profile id="MAC-2_Public"><title>II - Mission Support Public</title><description>&lt;ProfileDescription&gt;&lt;/ProfileDescription&gt;</description><select idref="V-3012" selected="true" /><select idref="V-3013" selected="true" /><select idref="V-19843" selected="true" /><select idref="V-19844" selected="true" /><select idref="V-19845" selected="true" /><select idref="V-19846" selected="true" /><select idref="V-19847" selected="true" /><select idref="V-19848" selected="true" /><select idref="V-19849" selected="true" /><select idref="V-19850" selected="true" /><select idref="V-19851" selected="true" /><select idref="V-21529" selected="true" /><select idref="V-21538" selected="true" /><select idref="V-21540" selected="true" /><select idref="V-21541" selected="true" /><select idref="V-21582" selected="true" /><select idref="V-21583" selected="true" /><select idref="V-21584" selected="true" /><select idref="V-21585" selected="true" /><select idref="V-21586" selected="true" /><select idref="V-21587" selected="true" /></Profile><Profile id="MAC-2_Sensitive"><title>II - Mission Support Sensitive</title><description>&lt;ProfileDescription&gt;&lt;/ProfileDescription&gt;</description><select idref="V-3012" selected="true" /><select idref="V-3013" selected="true" /><select idref="V-19843" selected="true" /><select idref="V-19844" selected="true" /><select idref="V-19845" selected="true" /><select idref="V-19846" selected="true" /><select idref="V-19847" selected="true" /><select idref="V-19848" selected="true" /><select idref="V-19849" selected="true" /><select idref="V-19850" selected="true" /><select idref="V-19851" selected="true" /><select idref="V-21529" selected="true" /><select idref="V-21538" selected="true" /><select idref="V-21540" selected="true" /><select idref="V-21541" selected="true" /><select idref="V-21582" selected="true" /><select idref="V-21583" selected="true" /><select idref="V-21584" selected="true" /><select idref="V-21585" selected="true" /><select idref="V-21586" selected="true" /><select idref="V-21587" selected="true" /></Profile><Profile id="MAC-2_Classified"><title>II - Mission Support Classified</title><description>&lt;ProfileDescription&gt;&lt;/ProfileDescription&gt;</description><select idref="V-3012" selected="true" /><select idref="V-3013" selected="true" /><select idref="V-19843" selected="true" /><select idref="V-19844" selected="true" /><select idref="V-19845" selected="true" /><select idref="V-19846" selected="true" /><select idref="V-19847" selected="true" /><select idref="V-19848" selected="true" /><select idref="V-19849" selected="true" /><select idref="V-19850" selected="true" /><select idref="V-19851" selected="true" /><select idref="V-21529" selected="true" /><select idref="V-21538" selected="true" /><select idref="V-21540" selected="true" /><select idref="V-21541" selected="true" /><select idref="V-21582" selected="true" /><select idref="V-21583" selected="true" /><select idref="V-21584" selected="true" /><select idref="V-21585" selected="true" /><select idref="V-21586" selected="true" /><select idref="V-21587" selected="true" /></Profile><Profile id="MAC-3_Public"><title>III - Administrative Public</title><description>&lt;ProfileDescription&gt;&lt;/ProfileDescription&gt;</description><select idref="V-3012" selected="true" /><select idref="V-3013" selected="true" /><select idref="V-19843" selected="true" /><select idref="V-19844" selected="true" /><select idref="V-19845" selected="true" /><select idref="V-19846" selected="true" /><select idref="V-19847" selected="true" /><select idref="V-19848" selected="true" /><select idref="V-19849" selected="true" /><select idref="V-19850" selected="true" /><select idref="V-19851" selected="true" /><select idref="V-21529" selected="true" /><select idref="V-21538" selected="true" /><select idref="V-21540" selected="true" /><select idref="V-21541" selected="true" /><select idref="V-21582" selected="true" /><select idref="V-21583" selected="true" /><select idref="V-21584" selected="true" /><select idref="V-21585" selected="true" /><select idref="V-21586" selected="true" /><select idref="V-21587" selected="true" /></Profile><Profile id="MAC-3_Sensitive"><title>III - Administrative Sensitive</title><description>&lt;ProfileDescription&gt;&lt;/ProfileDescription&gt;</description><select idref="V-3012" selected="true" /><select idref="V-3013" selected="true" /><select idref="V-19843" selected="true" /><select idref="V-19844" selected="true" /><select idref="V-19845" selected="true" /><select idref="V-19846" selected="true" /><select idref="V-19847" selected="true" /><select idref="V-19848" selected="true" /><select idref="V-19849" selected="true" /><select idref="V-19850" selected="true" /><select idref="V-19851" selected="true" /><select idref="V-21529" selected="true" /><select idref="V-21538" selected="true" /><select idref="V-21540" selected="true" /><select idref="V-21541" selected="true" /><select idref="V-21582" selected="true" /><select idref="V-21583" selected="true" /><select idref="V-21584" selected="true" /><select idref="V-21585" selected="true" /><select idref="V-21586" selected="true" /><select idref="V-21587" selected="true" /></Profile><Profile id="MAC-3_Classified"><title>III - Administrative Classified</title><description>&lt;ProfileDescription&gt;&lt;/ProfileDescription&gt;</description><select idref="V-3012" selected="true" /><select idref="V-3013" selected="true" /><select idref="V-19843" selected="true" /><select idref="V-19844" selected="true" /><select idref="V-19845" selected="true" /><select idref="V-19846" selected="true" /><select idref="V-19847" selected="true" /><select idref="V-19848" selected="true" /><select idref="V-19849" selected="true" /><select idref="V-19850" selected="true" /><select idref="V-19851" selected="true" /><select idref="V-21529" selected="true" /><select idref="V-21538" selected="true" /><select idref="V-21540" selected="true" /><select idref="V-21541" selected="true" /><select idref="V-21582" selected="true" /><select idref="V-21583" selected="true" /><select idref="V-21584" selected="true" /><select idref="V-21585" selected="true" /><select idref="V-21586" selected="true" /><select idref="V-21587" selected="true" /></Profile><Group id="V-3012"><title>Communications devices are not password protected.</title><description>&lt;GroupDescription&gt;&lt;/GroupDescription&gt;</description><Rule id="SV-3012r6_rule" severity="high" weight="10.0"><version>NET0230</version><title>The IAO/NSO will ensure all communications devices are password protected.</title><description>&lt;VulnDiscussion&gt;The lack of a password protection for communications devices provides anyone access to the device, which opens a backdoor opportunity for intruders to attack and manipulate or compromise network resources.  Vendors and programmers often leave methods of gaining access to a device that is outside the normal means of access.  These backdoors or hidden userids are well known and are extremely dangerous if left active.&lt;/VulnDiscussion&gt;&lt;FalsePositives&gt;&lt;/FalsePositives&gt;&lt;FalseNegatives&gt;&lt;/FalseNegatives&gt;&lt;Documentable&gt;false&lt;/Documentable&gt;&lt;Mitigations&gt;&lt;/Mitigations&gt;&lt;SecurityOverrideGuidance&gt;&lt;/SecurityOverrideGuidance&gt;&lt;PotentialImpacts&gt;&lt;/PotentialImpacts&gt;&lt;ThirdPartyTools&gt;&lt;/ThirdPartyTools&gt;&lt;MitigationControl&gt;&lt;/MitigationControl&gt;&lt;Responsibility&gt;Information Assurance Officer&lt;/Responsibility&gt;&lt;IAControls&gt;ECSC-1, IAIA-1, IAIA-2&lt;/IAControls&gt;</description><fixtext fixref="F-3037r2_fix">Ensure all communication devices are in compliance with password policy.

</fixtext><fix id="F-3037r2_fix" /><check system="C-3456r1_chk"><check-content-ref name="M" href="VMS_XCCDF_Benchmark_SRC - Remote Access Server.xml" /><check-content>Interview the network administrator and attempt to logon to several devices.</check-content></check></Rule></Group><Group id="V-3013"><title>Login banner is non-existent or not DOD approved</title><description>&lt;GroupDescription&gt;&lt;/GroupDescription&gt;</description><Rule id="SV-3013r11_rule" severity="medium" weight="10.0"><version>NET0340</version><title>An approved DoD login banner is not used on the device.</title><description>&lt;VulnDiscussion&gt;All network devices must present  a DOD approved warning banner prior to a system administrator logging on. The banner should warn any unauthorized user not to proceed. It also should provide clear and unequivocal notice to both authorized and unauthorized personnel that access to the device is subject to monitoring to detect unauthorized usage. Failure to display the required login warning banner prior to logon attempts will limit DISA’s ability to prosecute unauthorized access and also presents the potential to give rise to criminal and civil liability for systems administrators and information systems managers. In addition, DISA’s ability to monitor the device’s usage is limited unless a proper warning banner is displayed.

DoD CIO has issued new, mandatory policy standardizing the wording of “notice and consent” banners and matching user agreements for all Secret and below DoD information systems, including stand-alone systems by releasing DoD CIO Memo, “Policy on Use of Department of Defense (DoD) Information Systems Standard Consent Banner and User Agreement”, dated 9 May 2008. The Banner is mandatory and deviations are not permitted except as authorized in writing by the Deputy Assistant Secretary of Defense for Information and Identity Assurance. Implementation of this banner verbiage is further directed to all DoD components for all DoD assets via JTF-GNO CTO 08-008A.
&lt;/VulnDiscussion&gt;&lt;FalsePositives&gt;&lt;/FalsePositives&gt;&lt;FalseNegatives&gt;&lt;/FalseNegatives&gt;&lt;Documentable&gt;false&lt;/Documentable&gt;&lt;Mitigations&gt;&lt;/Mitigations&gt;&lt;SecurityOverrideGuidance&gt;&lt;/SecurityOverrideGuidance&gt;&lt;PotentialImpacts&gt;&lt;/PotentialImpacts&gt;&lt;ThirdPartyTools&gt;&lt;/ThirdPartyTools&gt;&lt;MitigationControl&gt;&lt;/MitigationControl&gt;&lt;Responsibility&gt;Information Assurance Officer&lt;/Responsibility&gt;&lt;IAControls&gt;ECWM-1&lt;/IAControls&gt;</description><fixtext fixref="F-3038r4_fix">Configure all management ports and interfaces to the network device to display the DoD mandated warning banner verbiage at login regardless of the means of connection or communication. The required banner verbiage that must be displayed verbatim is as follows:

You are accessing a U.S. Government (USG) Information System (IS) that is provided for USG-authorized use only. By using this IS (which includes any device attached to this IS), you consent to the
following conditions:

-The USG routinely intercepts and monitors communications on this IS for purposes including, but not limited to, penetration testing, COMSEC monitoring, network operations and defense, personnel misconduct (PM), law enforcement (LE), and
counterintelligence (CI) investigations.
-At any time, the USG may inspect and seize data stored on this IS.
-Communications using, or data stored on, this IS are not private, are subject to routine monitoring, interception, and search, and may be disclosed or used for any USG-authorized purpose.
-This IS includes security measures (e.g., authentication and access controls) to protect USG interests--not for your personal benefit or privacy.
-Notwithstanding the above, using this IS does not constitute consent to PM, LE or CI investigative searching or monitoring of the content of privileged communications, or work product, related to personal representation or services by attorneys, psychotherapists, or clergy, and their assistants. Such communications and work product are private and confidential. See User Agreement for details.

If the system is incapable of displaying the required banner verbiage due to its size, a smaller banner must be used. The mandatory verbiage follows: “I've read &amp; consent to terms in IS user agreem't.


</fixtext><fix id="F-3038r4_fix" /><check system="C-3474r4_chk"><check-content-ref name="M" href="VMS_XCCDF_Benchmark_SRC - Remote Access Server.xml" /><check-content>Review the device configuration or request that the administrator to login to the device and observe the terminal. Verify that either Option A or Option B (for systems with sever character limitations) of the Standard Mandatory DoD Notice and Consent Banner is displayed at log. The required banner verbiage follows and must be displayed verbatim:

You are accessing a U.S. Government (USG) Information System (IS) that is provided for USG-authorized use only. By using this IS (which includes any device attached to this IS), you consent to the
following conditions:

-The USG routinely intercepts and monitors communications on this IS for purposes including, but not limited to, penetration testing, COMSEC monitoring, network operations and defense, personnel misconduct (PM), law enforcement (LE), and
counterintelligence (CI) investigations.
-At any time, the USG may inspect and seize data stored on this IS.
-Communications using, or data stored on, this IS are not private, are subject to routine monitoring, interception, and search, and may be disclosed or used for any USG-authorized purpose.
-This IS includes security measures (e.g., authentication and access controls) to protect USG interests--not for your personal benefit or privacy.
-Notwithstanding the above, using this IS does not constitute consent to PM, LE or CI investigative searching or monitoring of the content of privileged communications, or work product, related to personal representation or services by attorneys, psychotherapists, or clergy, and their assistants. Such communications and work product are private and confidential. See User Agreement for details.

If the system is incapable of displaying the required banner verbiage due to its size, a smaller banner must be used. The mandatory verbiage follows: “I've read &amp; consent to terms in IS user agreem't.

.</check-content></check></Rule></Group><Group id="V-19843"><title>SRC-RAS-030 Physical protection of modems</title><description>&lt;GroupDescription&gt;&lt;/GroupDescription&gt;</description><Rule id="SV-22006r1_rule" severity="low" weight="10.0"><version>SRC-RAS-030</version><title>Ensure all modems are physically protected.</title><description>&lt;VulnDiscussion&gt;Limiting the access to infrastructure modems and keeping accurate records of the deployed modems will limit the chance that unauthorized modems will be placed into the infrastructure. If an unauthorized person has physical access to a site's modems, the switch or software settings can be changed to affect the security of a system.&lt;/VulnDiscussion&gt;&lt;FalsePositives&gt;&lt;/FalsePositives&gt;&lt;FalseNegatives&gt;&lt;/FalseNegatives&gt;&lt;Documentable&gt;false&lt;/Documentable&gt;&lt;Mitigations&gt;&lt;/Mitigations&gt;&lt;SecurityOverrideGuidance&gt;&lt;/SecurityOverrideGuidance&gt;&lt;PotentialImpacts&gt;&lt;/PotentialImpacts&gt;&lt;ThirdPartyTools&gt;&lt;/ThirdPartyTools&gt;&lt;MitigationControl&gt;&lt;/MitigationControl&gt;&lt;Responsibility&gt;Information Assurance Officer&lt;/Responsibility&gt;&lt;IAControls&gt;ECSC-1&lt;/IAControls&gt;</description><fixtext fixref="F-7662r1_fix">Ensure that all modems are physically protected.</fixtext><fix id="F-7662r1_fix" /><check system="C-7468r1_chk"><check-content-ref name="M" href="VMS_XCCDF_Benchmark_SRC - Remote Access Server.xml" /><check-content>Visually inspect location of modems to determine compliance.</check-content></check></Rule></Group><Group id="V-19844"><title>SRC-RAS-010 Use of PPP for dial-up</title><description>&lt;GroupDescription&gt;&lt;/GroupDescription&gt;</description><Rule id="SV-22007r1_rule" severity="medium" weight="10.0"><version>SRC-RAS-010</version><title>For dial-up services, ensure remote endpoints and remote access servers are configured to use PPP instead of SLIP to provide client dial-up communication.</title><description>&lt;VulnDiscussion&gt;The most significant advantage PPP provides is authentication and configuration negotiation.  With SLIP, the remote user must configure communication parameters such as maximum transmission unit (MTU) and maximum receive unit (MRU).  In addition, SLIP does not support authentication; hence, chat scripts must be used to provide some form of authentication before SLIP is started.  On the other hand, PPP negotiates the configuration parameters at the start of the connection to include which authentication method will be used, as well as all required transmission parameters. &lt;/VulnDiscussion&gt;&lt;FalsePositives&gt;&lt;/FalsePositives&gt;&lt;FalseNegatives&gt;&lt;/FalseNegatives&gt;&lt;Documentable&gt;false&lt;/Documentable&gt;&lt;Mitigations&gt;&lt;/Mitigations&gt;&lt;SecurityOverrideGuidance&gt;&lt;/SecurityOverrideGuidance&gt;&lt;PotentialImpacts&gt;&lt;/PotentialImpacts&gt;&lt;ThirdPartyTools&gt;&lt;/ThirdPartyTools&gt;&lt;MitigationControl&gt;&lt;/MitigationControl&gt;&lt;Responsibility&gt;Information Assurance Officer&lt;/Responsibility&gt;&lt;IAControls&gt;ECSC-1&lt;/IAControls&gt;</description><fixtext fixref="F-20518r1_fix">Ensure the RAS is configured to accept only communications protocols that use an accepted method of encryption to authenticate the remote node (e.g. CHAP with MD5 or MS-CHAP with MD4).</fixtext><fix id="F-20518r1_fix" /><check system="C-25068r1_chk"><check-content-ref name="M" href="VMS_XCCDF_Benchmark_SRC - Remote Access Server.xml" /><check-content>Review the configuration for the RAS.  Verify that PPP is used as the communication protocol that enables a remote computer to connect to a network over standard asynchronous serial lines. 
</check-content></check></Rule></Group><Group id="V-19845"><title>Authentication method approved for PPP</title><description>&lt;GroupDescription&gt;&lt;/GroupDescription&gt;</description><Rule id="SV-22008r2_rule" severity="medium" weight="10.0"><version>SRC-RAS-020</version><title>If PPP is used for dial-up access, then authentication will be provided by one of the following protocols: EAP (recommended); CHAP with MD5;  or MS-CHAP with MD4.</title><description>&lt;VulnDiscussion&gt;PPP provides authentication methods such as Password Authentication Protocol (PAP), Challenge-Handshake Authentication Protocol (CHAP), and Microsoft Challenge Handshake Authentication Protocol (MS-CHAP).  These protocols are used for authentication at the Data Link Layer—that is, between the remote client and the remote access server.  These methods provide the means for the remote client to send logon userid and password information to the remote access server. These two security features working together help to ensure data transfer security in the PPP network.&lt;/VulnDiscussion&gt;&lt;FalsePositives&gt;&lt;/FalsePositives&gt;&lt;FalseNegatives&gt;&lt;/FalseNegatives&gt;&lt;Documentable&gt;false&lt;/Documentable&gt;&lt;Mitigations&gt;&lt;/Mitigations&gt;&lt;SecurityOverrideGuidance&gt;&lt;/SecurityOverrideGuidance&gt;&lt;PotentialImpacts&gt;&lt;/PotentialImpacts&gt;&lt;ThirdPartyTools&gt;&lt;/ThirdPartyTools&gt;&lt;MitigationControl&gt;&lt;/MitigationControl&gt;&lt;Responsibility&gt;Network Security Officer&lt;/Responsibility&gt;&lt;IAControls&gt;ECSC-1&lt;/IAControls&gt;</description><fixtext fixref="F-20519r1_fix">Ensure that an accepted method of encryption to authenticate the remote node is used (e.g. CHAP with MD5 or MS-CHAP with MD4).
</fixtext><fix id="F-20519r1_fix" /><check system="C-25069r1_chk"><check-content-ref name="M" href="VMS_XCCDF_Benchmark_SRC - Remote Access Server.xml" /><check-content>Review the configuration for the RAS . Verify use of an approved encryption algorithm if PPP is used for remote access.</check-content></check></Rule></Group><Group id="V-19846"><title>SRC-RAS-040 Maintain a list of all  modems.</title><description>&lt;GroupDescription&gt;&lt;/GroupDescription&gt;</description><Rule id="SV-22009r1_rule" severity="low" weight="10.0"><version>SRC-RAS-040</version><title>The IAO/NSO will maintain a listing of all modems, associated phone number, and location.</title><description>&lt;VulnDiscussion&gt;Keeping accurate records of the deployed modems will limit the chance that unauthorized modems will be placed into the infrastructure.&lt;/VulnDiscussion&gt;&lt;FalsePositives&gt;&lt;/FalsePositives&gt;&lt;FalseNegatives&gt;&lt;/FalseNegatives&gt;&lt;Documentable&gt;false&lt;/Documentable&gt;&lt;Mitigations&gt;&lt;/Mitigations&gt;&lt;SecurityOverrideGuidance&gt;&lt;/SecurityOverrideGuidance&gt;&lt;PotentialImpacts&gt;&lt;/PotentialImpacts&gt;&lt;ThirdPartyTools&gt;&lt;/ThirdPartyTools&gt;&lt;MitigationControl&gt;&lt;/MitigationControl&gt;&lt;Responsibility&gt;Information Assurance Officer&lt;/Responsibility&gt;&lt;IAControls&gt;ECSC-1&lt;/IAControls&gt;</description><fixtext fixref="F-20520r1_fix">Ensure an accurate listing of all RAS modems is maintained.</fixtext><fix id="F-20520r1_fix" /><check system="C-25070r1_chk"><check-content-ref name="M" href="VMS_XCCDF_Benchmark_SRC - Remote Access Server.xml" /><check-content>Request that the IAO/NSO provide the list for visual inspection.</check-content></check></Rule></Group><Group id="V-19847"><title>SRC-RAS-050 Callback procedures</title><description>&lt;GroupDescription&gt;&lt;/GroupDescription&gt;</description><Rule id="SV-22010r2_rule" severity="low" weight="10.0"><version>SRC-RAS-050</version><title>User authentication is required prior to establishing a callback connection.</title><description>&lt;VulnDiscussion&gt;Callback features are an attempt to protect the network by providing a service that disconnects an incoming call and reestablishes the call, dialing back to a predetermined number.  Upon establishment of the callback connection, the communications device will require the user to authenticate to the system.&lt;/VulnDiscussion&gt;&lt;FalsePositives&gt;&lt;/FalsePositives&gt;&lt;FalseNegatives&gt;&lt;/FalseNegatives&gt;&lt;Documentable&gt;false&lt;/Documentable&gt;&lt;Mitigations&gt;&lt;/Mitigations&gt;&lt;SecurityOverrideGuidance&gt;&lt;/SecurityOverrideGuidance&gt;&lt;PotentialImpacts&gt;&lt;/PotentialImpacts&gt;&lt;ThirdPartyTools&gt;&lt;/ThirdPartyTools&gt;&lt;MitigationControl&gt;&lt;/MitigationControl&gt;&lt;Responsibility&gt;Information Assurance Officer&lt;/Responsibility&gt;&lt;IAControls&gt;ECSC-1&lt;/IAControls&gt;</description><fixtext fixref="F-20521r1_fix">Ensure that if callback procedures are used, then upon establishment of the callback connection, the communications device will require the user to authenticate to the system.</fixtext><fix id="F-20521r1_fix" /><check system="C-25071r1_chk"><check-content-ref name="M" href="VMS_XCCDF_Benchmark_SRC - Remote Access Server.xml" /><check-content>To verify, check the configuration of the RAS or the remote access policy server.</check-content></check></Rule></Group><Group id="V-19848"><title>SRC-RAS-060 Single-line operation</title><description>&lt;GroupDescription&gt;&lt;/GroupDescription&gt;</description><Rule id="SV-22011r2_rule" severity="medium" weight="10.0"><version>SRC-RAS-060</version><title>Configure the RAS so that communications sessions are limited to single-line operation where sessions are not multiplexed across multiple lines.  </title><description>&lt;VulnDiscussion&gt;Use of several lines per session make it difficult to monitor and audit communications events that may adversely impact the network.&lt;/VulnDiscussion&gt;&lt;FalsePositives&gt;&lt;/FalsePositives&gt;&lt;FalseNegatives&gt;&lt;/FalseNegatives&gt;&lt;Documentable&gt;false&lt;/Documentable&gt;&lt;Mitigations&gt;&lt;/Mitigations&gt;&lt;SecurityOverrideGuidance&gt;&lt;/SecurityOverrideGuidance&gt;&lt;PotentialImpacts&gt;&lt;/PotentialImpacts&gt;&lt;ThirdPartyTools&gt;&lt;/ThirdPartyTools&gt;&lt;MitigationControl&gt;&lt;/MitigationControl&gt;&lt;Responsibility&gt;Information Assurance Officer&lt;/Responsibility&gt;&lt;IAControls&gt;ECSC-1&lt;/IAControls&gt;</description><fixtext fixref="F-20522r1_fix">Ensure that all modem lines are restricted to single line operation.</fixtext><fix id="F-20522r1_fix" /><check system="C-25072r1_chk"><check-content-ref name="M" href="VMS_XCCDF_Benchmark_SRC - Remote Access Server.xml" /><check-content>Inspect the configuration of the RAS dial-up lines by using the RAS configuration screens. 
  
Verify the modem lines are configured for single line operation and multiplexing is not selected as an option available to the user or the system.
</check-content></check></Rule></Group><Group id="V-19849"><title>SRC-RAS-080 Special phone features</title><description>&lt;GroupDescription&gt;&lt;/GroupDescription&gt;</description><Rule id="SV-22012r2_rule" severity="medium" weight="10.0"><version>SRC-RAS-080</version><title>The RAS or access control server will be configured to disable use of special features (e.g., call forwarding and call waiting).</title><description>&lt;VulnDiscussion&gt;These special features are not mission essential for RAS lines and may lead to inacurate call log and complicate security investigations as the calls may be redirected.&lt;/VulnDiscussion&gt;&lt;FalsePositives&gt;&lt;/FalsePositives&gt;&lt;FalseNegatives&gt;&lt;/FalseNegatives&gt;&lt;Documentable&gt;false&lt;/Documentable&gt;&lt;Mitigations&gt;&lt;/Mitigations&gt;&lt;SecurityOverrideGuidance&gt;&lt;/SecurityOverrideGuidance&gt;&lt;PotentialImpacts&gt;&lt;/PotentialImpacts&gt;&lt;ThirdPartyTools&gt;&lt;/ThirdPartyTools&gt;&lt;MitigationControl&gt;&lt;/MitigationControl&gt;&lt;Responsibility&gt;Information Assurance Officer&lt;/Responsibility&gt;&lt;IAControls&gt;ECSC-1&lt;/IAControls&gt;</description><fixtext fixref="F-20523r1_fix">Ensure that all modem lines are not configured to allow users to use special calling features.</fixtext><fix id="F-20523r1_fix" /><check system="C-25073r1_chk"><check-content-ref name="M" href="VMS_XCCDF_Benchmark_SRC - Remote Access Server.xml" /><check-content>Interview the network administrator. 
Verify the modem lines are configured as required with no special features.
</check-content></check></Rule></Group><Group id="V-19850"><title>SRC-RAS-080 Inward or outward dial only</title><description>&lt;GroupDescription&gt;&lt;/GroupDescription&gt;</description><Rule id="SV-22013r1_rule" severity="medium" weight="10.0"><version>SRC-RAS-090</version><title>RAS communications lines will be assigned as either inward or outward dial but not both. Assignment of each line will depend on mission requirements.</title><description>&lt;VulnDiscussion&gt;Use of these features of the phone line or RAS device may lead to inacurate call log and complicate security investigations as the calls may be redirected.&lt;/VulnDiscussion&gt;&lt;FalsePositives&gt;&lt;/FalsePositives&gt;&lt;FalseNegatives&gt;&lt;/FalseNegatives&gt;&lt;Documentable&gt;false&lt;/Documentable&gt;&lt;Mitigations&gt;&lt;/Mitigations&gt;&lt;SecurityOverrideGuidance&gt;&lt;/SecurityOverrideGuidance&gt;&lt;PotentialImpacts&gt;&lt;/PotentialImpacts&gt;&lt;ThirdPartyTools&gt;&lt;/ThirdPartyTools&gt;&lt;MitigationControl&gt;&lt;/MitigationControl&gt;&lt;Responsibility&gt;Information Assurance Officer&lt;/Responsibility&gt;&lt;IAControls&gt;ECSC-1&lt;/IAControls&gt;</description><fixtext fixref="F-20524r1_fix">Ensure all modem lines are not configured to assign either dial-in or dial-out usage for each line but not both.</fixtext><fix id="F-20524r1_fix" /><check system="C-25074r1_chk"><check-content-ref name="M" href="VMS_XCCDF_Benchmark_SRC - Remote Access Server.xml" /><check-content>Interview the network administrator. 
Verify the modem lines are configured as required.</check-content></check></Rule></Group><Group id="V-19851"><title>SRC-RAS-070 Caller ID logs </title><description>&lt;GroupDescription&gt;&lt;/GroupDescription&gt;</description><Rule id="SV-22014r2_rule" severity="low" weight="10.0"><version>SRC-RAS-070</version><title>The remote access dial-up server will maintain a log of calls to provide a call audit trail.</title><description>&lt;VulnDiscussion&gt;Ubiquitous phone lines open major security holes in a network. The more tightly they can be controlled, the less the exposure to vulnerabilities.  Allowing special features to remain active on modem phone lines create advantageous situations for malicious attacks.  An attacker may use special features to forward modem or voice calls to destinations that cause toll-fraud, or forward the number to itself causing a denial of service.  ANI logs are ideal for auditing unauthorized accesses and toll-fraud.&lt;/VulnDiscussion&gt;&lt;FalsePositives&gt;&lt;/FalsePositives&gt;&lt;FalseNegatives&gt;&lt;/FalseNegatives&gt;&lt;Documentable&gt;false&lt;/Documentable&gt;&lt;Mitigations&gt;&lt;/Mitigations&gt;&lt;SecurityOverrideGuidance&gt;&lt;/SecurityOverrideGuidance&gt;&lt;PotentialImpacts&gt;&lt;/PotentialImpacts&gt;&lt;ThirdPartyTools&gt;&lt;/ThirdPartyTools&gt;&lt;MitigationControl&gt;&lt;/MitigationControl&gt;&lt;Responsibility&gt;Information Assurance Officer&lt;/Responsibility&gt;&lt;IAControls&gt;ECSC-1&lt;/IAControls&gt;</description><fixtext fixref="F-20525r2_fix">Maintain and review call logs. Audit records should be stored for a period of 1 year.</fixtext><fix id="F-20525r2_fix" /><check system="C-25075r1_chk"><check-content-ref name="M" href="VMS_XCCDF_Benchmark_SRC - Remote Access Server.xml" /><check-content>Interview the IAO and ask to see a copy of the logs.</check-content></check></Rule></Group><Group id="V-21529"><title>SRC-NET-060 NAT for Remote Access gateway</title><description>&lt;GroupDescription&gt;&lt;/GroupDescription&gt;</description><Rule id="SV-23743r1_rule" severity="low" weight="10.0"><version>SRC-NET-060</version><title>Network Address Translation (NAT) will not be configured for use with remote access gateways and servers unless there is a means of tracking the remote client's network activity throughout the network.</title><description>&lt;VulnDiscussion&gt;An incorrectly configured remote access gateway may allow unauthorized access to malicious or unauthorized remote users.&lt;/VulnDiscussion&gt;&lt;FalsePositives&gt;&lt;/FalsePositives&gt;&lt;FalseNegatives&gt;&lt;/FalseNegatives&gt;&lt;Documentable&gt;false&lt;/Documentable&gt;&lt;Mitigations&gt;&lt;/Mitigations&gt;&lt;SecurityOverrideGuidance&gt;&lt;/SecurityOverrideGuidance&gt;&lt;PotentialImpacts&gt;&lt;/PotentialImpacts&gt;&lt;ThirdPartyTools&gt;&lt;/ThirdPartyTools&gt;&lt;MitigationControl&gt;&lt;/MitigationControl&gt;&lt;Responsibility&gt;Information Assurance Officer&lt;/Responsibility&gt;&lt;IAControls&gt;ECSC-1&lt;/IAControls&gt;</description><fixtext fixref="F-22325r1_fix">Ensure that the remote access gateway is not configured to provide NAT services for remote access connections.
</fixtext><fix id="F-22325r1_fix" /><check system="C-23370r1_chk"><check-content-ref name="M" href="VMS_XCCDF_Benchmark_SRC - Remote Access Server.xml" /><check-content>Inspect the configuration of the VPN or RAS gateway and verify that it is does not provide NAT services to the remote access end points.</check-content></check></Rule></Group><Group id="V-21538"><title>SRC-NET-010 Default device certificates</title><description>&lt;GroupDescription&gt;&lt;/GroupDescription&gt;</description><Rule id="SV-23753r1_rule" severity="medium" weight="10.0"><version>SRC-NET-010</version><title>Where digital certificates are used for device authentication, the remote gateway will use DoD-approved PKI rather than default or proprietary device certificates which are preinstalled by the vendor.</title><description>&lt;VulnDiscussion&gt;Without secure management implemented with authenticated access controls, strong two-factor authentication, encryption of the management session and audit logs, unauthorized users may gain access to network managed devices compromised, large parts of the network could be incapacitated with only a few commands.&lt;/VulnDiscussion&gt;&lt;FalsePositives&gt;&lt;/FalsePositives&gt;&lt;FalseNegatives&gt;&lt;/FalseNegatives&gt;&lt;Documentable&gt;false&lt;/Documentable&gt;&lt;Mitigations&gt;&lt;/Mitigations&gt;&lt;SecurityOverrideGuidance&gt;&lt;/SecurityOverrideGuidance&gt;&lt;PotentialImpacts&gt;&lt;/PotentialImpacts&gt;&lt;ThirdPartyTools&gt;&lt;/ThirdPartyTools&gt;&lt;MitigationControl&gt;&lt;/MitigationControl&gt;&lt;Responsibility&gt;Information Assurance Officer&lt;/Responsibility&gt;&lt;IAControls&gt;ECSC-1&lt;/IAControls&gt;</description><fixtext fixref="F-22328r1_fix">If PKI is used for DEVICE authentication then ensure that a DoD approved certificate is installed.  If the device does not have the option to replace the default manufacturer certificate, then the product should be replaced.</fixtext><fix id="F-22328r1_fix" /><check system="C-25810r1_chk"><check-content-ref name="M" href="VMS_XCCDF_Benchmark_SRC - Remote Access Server.xml" /><check-content>Review the PKI certificate menu in the device configuration to see if DoD PKI has been implement. The certificate used with contain "DoD". 

If a certificate is used but it is not DoD-approved, this as a finding.</check-content></check></Rule></Group><Group id="V-21540"><title>SRC-NET-020 Self-generated certificate</title><description>&lt;GroupDescription&gt;&lt;/GroupDescription&gt;</description><Rule id="SV-23755r1_rule" severity="medium" weight="10.0"><version>SRC-NET-020</version><title>If digital certificates are generated by the remote access gateway for device authentication (e.g., mutual authentication between hosts), the key length and hashing algorithm used must conform to DoD requirements.</title><description>&lt;VulnDiscussion&gt;Digital certificates which are self-generated are not encouraged but may be unavoidable. If used, then key length and hashing algorithm must conform to DoD standards.&lt;/VulnDiscussion&gt;&lt;FalsePositives&gt;&lt;/FalsePositives&gt;&lt;FalseNegatives&gt;&lt;/FalseNegatives&gt;&lt;Documentable&gt;false&lt;/Documentable&gt;&lt;Mitigations&gt;&lt;/Mitigations&gt;&lt;SecurityOverrideGuidance&gt;&lt;/SecurityOverrideGuidance&gt;&lt;PotentialImpacts&gt;&lt;/PotentialImpacts&gt;&lt;ThirdPartyTools&gt;&lt;/ThirdPartyTools&gt;&lt;MitigationControl&gt;&lt;/MitigationControl&gt;&lt;Responsibility&gt;Information Assurance Officer&lt;/Responsibility&gt;&lt;IAControls&gt;ECSC-1&lt;/IAControls&gt;</description><fixtext fixref="F-19932r1_fix">If digital certificates are generated by the remote access solution for device authentication, then the key length and hashing algorithm used must conform to DoD requirements.</fixtext><fix id="F-19932r1_fix" /><check system="C-25813r1_chk"><check-content-ref name="M" href="VMS_XCCDF_Benchmark_SRC - Remote Access Server.xml" /><check-content>Ask if digital certificates are generated by the remote access gateway for device authentication. Examine the authentication configuration using the management interface of the remote access gateway. 

Verify that the key length and hashing algorithm used conform to DoD requirements.</check-content></check></Rule></Group><Group id="V-21541"><title>SRC-NET-030 Remote endpoint device authentication</title><description>&lt;GroupDescription&gt;&lt;/GroupDescription&gt;</description><Rule id="SV-23759r1_rule" severity="low" weight="10.0"><version>SRC-NET-030</version><title>The remote access solution will be configured to authenticate (DOD PKI preferred) all endpoints requesting access to the network; to include mutual authentication between the remote access server device and the endpoint will be enforced prior to network admission.</title><description>&lt;VulnDiscussion&gt;Remote access is a significant risk to the Enclave. Attackers can engage in remote exploits without traversing the physical security controls often in place at the site. Thus, stringent logical controls are needed to protect DoD assets. Both the device and the user must be both authenticated and authorized prior to allowing access. Device authentication may be performed in several ways but DoD-approved PKI is preferred.&lt;/VulnDiscussion&gt;&lt;FalsePositives&gt;&lt;/FalsePositives&gt;&lt;FalseNegatives&gt;&lt;/FalseNegatives&gt;&lt;Documentable&gt;false&lt;/Documentable&gt;&lt;Mitigations&gt;&lt;/Mitigations&gt;&lt;SecurityOverrideGuidance&gt;&lt;/SecurityOverrideGuidance&gt;&lt;PotentialImpacts&gt;&lt;/PotentialImpacts&gt;&lt;ThirdPartyTools&gt;&lt;/ThirdPartyTools&gt;&lt;MitigationControl&gt;&lt;/MitigationControl&gt;&lt;Responsibility&gt;Information Assurance Officer&lt;/Responsibility&gt;&lt;IAControls&gt;ECSC-1&lt;/IAControls&gt;</description><fixtext fixref="F-22329r1_fix">Ensure device authentication and mutual authentication between the remote access gateway and the endpoint is implemented.
</fixtext><fix id="F-22329r1_fix" /><check system="C-25814r1_chk"><check-content-ref name="M" href="VMS_XCCDF_Benchmark_SRC - Remote Access Server.xml" /><check-content>Work with the system administrator to verify that device authentication is implemented. Also, verify that mutual authentication between the remote access gateway and the endpoint is implemented. 
</check-content></check></Rule></Group><Group id="V-21582"><title>SRC-NET-040 Network devices - PKE</title><description>&lt;GroupDescription&gt;&lt;/GroupDescription&gt;</description><Rule id="SV-23841r2_rule" severity="high" weight="10.0"><version>SRC-NET-040</version><title>Network devices configured to provide remote access services (e.g., RAS, VPN gateways, and NAC appliances) will be PK-enabled (as required by DoDD 8520) and will have the capability to generate certificate-signing requests and use DoD-approved PKI digital certificates when available.</title><description>&lt;VulnDiscussion&gt;Network devices, RAS, and VPN gateways will not use proprietary digital certificates or self-signed mechanisms. These certificates are often generated by the manufacturer and are similar to default passwords. Additionally, DoD requires use of DoD-PKI rather than proprietary certificate structures.&lt;/VulnDiscussion&gt;&lt;FalsePositives&gt;&lt;/FalsePositives&gt;&lt;FalseNegatives&gt;&lt;/FalseNegatives&gt;&lt;Documentable&gt;false&lt;/Documentable&gt;&lt;Mitigations&gt;&lt;/Mitigations&gt;&lt;SecurityOverrideGuidance&gt;&lt;/SecurityOverrideGuidance&gt;&lt;PotentialImpacts&gt;&lt;/PotentialImpacts&gt;&lt;ThirdPartyTools&gt;&lt;/ThirdPartyTools&gt;&lt;MitigationControl&gt;&lt;/MitigationControl&gt;&lt;Responsibility&gt;Information Assurance Officer&lt;/Responsibility&gt;&lt;IAControls&gt;ECSC-1&lt;/IAControls&gt;</description><fixtext fixref="F-19145r1_fix">Ensure all devices which provide remote access services are capable of generating certificate-signing requests and using DoD-approved PKI digital certificates when available.</fixtext><fix id="F-19145r1_fix" /><check system="C-25850r1_chk"><check-content-ref name="M" href="VMS_XCCDF_Benchmark_SRC - Remote Access Server.xml" /><check-content>View the vendor documentation or device configuration to verify that the device is capable of generating certificate-signing requests and using DoD-approved PKI digital certificates when available.
</check-content></check></Rule></Group><Group id="V-21583"><title>SRC-NET-050 Authentication server separation</title><description>&lt;GroupDescription&gt;&lt;/GroupDescription&gt;</description><Rule id="SV-23842r1_rule" severity="medium" weight="10.0"><version>SRC-NET-050</version><title>The remote access gateway/server will be configured to use an authentication server for user authentication to provide for separation of services.</title><description>&lt;VulnDiscussion&gt;AAA network security services provide the primary framework through which a network administrator can set up access control on network points of entry or network access servers, which is usually the function of an access server. These servers centralize user identification, authentication, authorization and monitors the user's network usage. Separation of services provides added assurance to the network if the access control server is compromised.&lt;/VulnDiscussion&gt;&lt;FalsePositives&gt;&lt;/FalsePositives&gt;&lt;FalseNegatives&gt;&lt;/FalseNegatives&gt;&lt;Documentable&gt;false&lt;/Documentable&gt;&lt;Mitigations&gt;&lt;/Mitigations&gt;&lt;SecurityOverrideGuidance&gt;&lt;/SecurityOverrideGuidance&gt;&lt;PotentialImpacts&gt;&lt;/PotentialImpacts&gt;&lt;ThirdPartyTools&gt;&lt;/ThirdPartyTools&gt;&lt;MitigationControl&gt;&lt;/MitigationControl&gt;&lt;Responsibility&gt;Information Assurance Officer&lt;/Responsibility&gt;&lt;IAControls&gt;DCBP-1&lt;/IAControls&gt;</description><fixtext fixref="F-19146r1_fix">The system administrator will configure the TACACS+, Radius or Diameter server with remote access accounts and user passwords. The remote access server will be configured to redirect user authentication requests to the authentication server.</fixtext><fix id="F-19146r1_fix" /><check system="C-25851r1_chk"><check-content-ref name="M" href="VMS_XCCDF_Benchmark_SRC - Remote Access Server.xml" /><check-content>Verify that an authentication server is required to access the remote access server by reviewing the currently running configuration. The remote access server will be configured to redirect user authentication requests to the authentication server. 
</check-content></check></Rule></Group><Group id="V-21584"><title>SRC-NET-070 Use of group policy</title><description>&lt;GroupDescription&gt;&lt;/GroupDescription&gt;</description><Rule id="SV-23843r1_rule" severity="medium" weight="10.0"><version>SRC-NET-070</version><title>The default remote access control policy will restrict remote user and device access based on group policy rather than by individual user or device. </title><description>&lt;VulnDiscussion&gt;The access control policy configuration is the key security control of the remote access solution. This policy should be centralized particulary when multiple remote access control gateways and communications devices are used. Use of a policy server that can service all types of is highly encouraged. This reduces policy complexity, facilitates management of remote access, and reduces the threat posed by inadvertent administration error with access restrictions. Access control should be managed using access groups and placing the users into these groups. RADIUS or Active Directory groups will facilitate single sign-on and make modification of users and resources across the network easier. &lt;/VulnDiscussion&gt;&lt;FalsePositives&gt;&lt;/FalsePositives&gt;&lt;FalseNegatives&gt;&lt;/FalseNegatives&gt;&lt;Documentable&gt;false&lt;/Documentable&gt;&lt;Mitigations&gt;&lt;/Mitigations&gt;&lt;SecurityOverrideGuidance&gt;&lt;/SecurityOverrideGuidance&gt;&lt;PotentialImpacts&gt;&lt;/PotentialImpacts&gt;&lt;ThirdPartyTools&gt;&lt;/ThirdPartyTools&gt;&lt;MitigationControl&gt;&lt;/MitigationControl&gt;&lt;Responsibility&gt;Information Assurance Officer&lt;/Responsibility&gt;&lt;IAControls&gt;ECSC-1&lt;/IAControls&gt;</description><fixtext fixref="F-22354r1_fix">Ensure the default network access control policy is modified to restrict remote access based on group policy rather than configured for each individual user. </fixtext><fix id="F-22354r1_fix" /><check system="C-25852r1_chk"><check-content-ref name="M" href="VMS_XCCDF_Benchmark_SRC - Remote Access Server.xml" /><check-content>Review the remote access gateway (RAS or VPN) configuration. Verify that resources and priviledges are assigned to groups not individual users. Verify that the user groups are defined on the authentication server unless not technologically feasible.</check-content></check></Rule></Group><Group id="V-21585"><title>SRC-NET-080 Number of concurrent logins</title><description>&lt;GroupDescription&gt;&lt;/GroupDescription&gt;</description><Rule id="SV-23844r1_rule" severity="medium" weight="10.0"><version>SRC-NET-080</version><title>The RAS or communications server will be configured to limit the number of concurrent connections from the remote user.</title><description>&lt;VulnDiscussion&gt;The number of concurrent logins will be limited in order to guard against the potential for Denial of Service attacks. Recommended setting should be based on usage trends and the number of approved remote users in the organization.&lt;/VulnDiscussion&gt;&lt;FalsePositives&gt;&lt;/FalsePositives&gt;&lt;FalseNegatives&gt;&lt;/FalseNegatives&gt;&lt;Documentable&gt;false&lt;/Documentable&gt;&lt;Mitigations&gt;&lt;/Mitigations&gt;&lt;SecurityOverrideGuidance&gt;&lt;/SecurityOverrideGuidance&gt;&lt;PotentialImpacts&gt;&lt;/PotentialImpacts&gt;&lt;ThirdPartyTools&gt;&lt;/ThirdPartyTools&gt;&lt;MitigationControl&gt;&lt;/MitigationControl&gt;&lt;Responsibility&gt;System Administrator&lt;/Responsibility&gt;&lt;IAControls&gt;ECSC-1&lt;/IAControls&gt;</description><fixtext fixref="F-22355r1_fix">Ensure the setting for the number of conncurrent end user remote sessions is set to a resonable value and is not unlimited. </fixtext><fix id="F-22355r1_fix" /><check system="C-25853r1_chk"><check-content-ref name="M" href="VMS_XCCDF_Benchmark_SRC - Remote Access Server.xml" /><check-content>Work with the SA to examine the RAS.  Verify the setting for the number of concurrent end user remote sessions is not set  to a value which means unlimited. Value set should be reasonable based on local policy. </check-content></check></Rule></Group><Group id="V-21586"><title>SRC-NET-090 Required host integrity checks</title><description>&lt;GroupDescription&gt;&lt;/GroupDescription&gt;</description><Rule id="SV-23845r2_rule" severity="medium" weight="10.0"><version>SRC-NET-090</version><title>Remote access host integrity checks will incorporate settings and policies as required.  </title><description>&lt;VulnDiscussion&gt;The access control policy will be integrated with endpoint security controls. Users accessing from untrusted devices such as kiosks, personaly owned, or unmanaged devices may require active content in the client Web Browser which clears the cache or remove files, cookies, and session information. For example, users detected as accessing from a kiosk may be subjected to a host integrity check prior to authentication in order to guard against keystroke loggers. Consideration should also be taken for emergency and disaster recovery. Remote access for remote reset or for special circumstances should be considered.&lt;/VulnDiscussion&gt;&lt;FalsePositives&gt;&lt;/FalsePositives&gt;&lt;FalseNegatives&gt;&lt;/FalseNegatives&gt;&lt;Documentable&gt;false&lt;/Documentable&gt;&lt;Mitigations&gt;&lt;/Mitigations&gt;&lt;SecurityOverrideGuidance&gt;&lt;/SecurityOverrideGuidance&gt;&lt;PotentialImpacts&gt;&lt;/PotentialImpacts&gt;&lt;ThirdPartyTools&gt;&lt;/ThirdPartyTools&gt;&lt;MitigationControl&gt;&lt;/MitigationControl&gt;&lt;Responsibility&gt;System Administrator&lt;/Responsibility&gt;&lt;IAControls&gt;ECSC-1&lt;/IAControls&gt;</description><fixtext fixref="F-22356r1_fix">Ensure remote access host integrity check is compliant.</fixtext><fix id="F-22356r1_fix" /><check system="C-25854r1_chk"><check-content-ref name="M" href="VMS_XCCDF_Benchmark_SRC - Remote Access Server.xml" /><check-content>Work with the SA to examine the policies for the host integrity setting. Ensure there are settings and policies applicable to the listed compliance areas. Verify the following settings:
- Sensitivity of information accessed such as public, non-public, administrator, classified;
- Authentication method used (PKI, password, open); 
- User identification and authorization;
- Type of user such as mobile, teleworker from home, remote DoD site enclave user, or contractor site;
- Endpoint type and location (laptop, PDA, virtual, managed/unmanaged;
- Other (browser type, day/time, accessed resource type).
</check-content></check></Rule></Group><Group id="V-21587"><title>SRC-NET-100 Protect remote access configuration</title><description>&lt;GroupDescription&gt;&lt;/GroupDescription&gt;</description><Rule id="SV-23846r1_rule" severity="medium" weight="10.0"><version>SRC-NET-100</version><title>Configure the remote access gateway to prevent remotely connected users from unauthorized access to the local files or host system configuration.</title><description>&lt;VulnDiscussion&gt;If users are allowed access to system files or configuration applications,  they may change the application setting and create a denial of service incident.&lt;/VulnDiscussion&gt;&lt;FalsePositives&gt;&lt;/FalsePositives&gt;&lt;FalseNegatives&gt;&lt;/FalseNegatives&gt;&lt;Documentable&gt;false&lt;/Documentable&gt;&lt;Mitigations&gt;&lt;/Mitigations&gt;&lt;SecurityOverrideGuidance&gt;&lt;/SecurityOverrideGuidance&gt;&lt;PotentialImpacts&gt;&lt;/PotentialImpacts&gt;&lt;ThirdPartyTools&gt;&lt;/ThirdPartyTools&gt;&lt;MitigationControl&gt;&lt;/MitigationControl&gt;&lt;Responsibility&gt;Information Assurance Officer&lt;/Responsibility&gt;&lt;IAControls&gt;ECSC-1&lt;/IAControls&gt;</description><fixtext fixref="F-19952r1_fix">Ensure remote users do not have permissions to access databases, files, and configuration management applications resident on the remote access gateway.</fixtext><fix id="F-19952r1_fix" /><check system="C-25855r1_chk"><check-content-ref name="I" href="VMS_XCCDF_Benchmark_SRC - Remote Access Server.xml" /><check-content> Interview the site representative and review network or operating system SRR or self-assessment documentation.</check-content></check></Rule></Group></Benchmark>