<?xml version="1.0" encoding="utf-8"?><?xml-stylesheet type='text/xsl' href='STIG_unclass.xsl'?><Benchmark xmlns:dsig="http://www.w3.org/2000/09/xmldsig#" xmlns:xhtml="http://www.w3.org/1999/xhtml" xmlns:xsi="http://www.w3.org/2001/XMLSchema-instance" xmlns:cpe="http://cpe.mitre.org/language/2.0" xmlns:dc="http://purl.org/dc/elements/1.1/" id="zOS_FDR_for_TSS_STIG" xml:lang="en" xsi:schemaLocation="http://checklists.nist.gov/xccdf/1.1 http://nvd.nist.gov/schema/xccdf-1.1.4.xsd http://cpe.mitre.org/dictionary/2.0 http://cpe.mitre.org/files/cpe-dictionary_2.1.xsd" xmlns="http://checklists.nist.gov/xccdf/1.1"><status date="2015-01-15">accepted</status><title>z/OS FDR for TSS STIG</title><notice id="terms-of-use" xml:lang="en"></notice><reference href="http://iase.disa.mil"><dc:publisher>DISA, Field Security Operations</dc:publisher><dc:source>STIG.DOD.MIL</dc:source></reference><plain-text id="release-info">Release: 2 Benchmark Date: 20 Jan 2015</plain-text><version>6</version><Profile id="MAC-1_Classified"><title>I - Mission Critical Classified</title><description>&lt;ProfileDescription&gt;&lt;/ProfileDescription&gt;</description><select idref="V-16932" selected="true" /><select idref="V-18014" selected="true" /></Profile><Profile id="MAC-1_Public"><title>I - Mission Critical Public</title><description>&lt;ProfileDescription&gt;&lt;/ProfileDescription&gt;</description><select idref="V-16932" selected="true" /><select idref="V-18014" selected="true" /></Profile><Profile id="MAC-1_Sensitive"><title>I - Mission Critical Sensitive</title><description>&lt;ProfileDescription&gt;&lt;/ProfileDescription&gt;</description><select idref="V-16932" selected="true" /><select idref="V-18014" selected="true" /></Profile><Profile id="MAC-2_Classified"><title>II - Mission Support Classified</title><description>&lt;ProfileDescription&gt;&lt;/ProfileDescription&gt;</description><select idref="V-16932" selected="true" /><select idref="V-18014" selected="true" /></Profile><Profile id="MAC-2_Public"><title>II - Mission Support Public</title><description>&lt;ProfileDescription&gt;&lt;/ProfileDescription&gt;</description><select idref="V-16932" selected="true" /><select idref="V-18014" selected="true" /></Profile><Profile id="MAC-2_Sensitive"><title>II - Mission Support Sensitive</title><description>&lt;ProfileDescription&gt;&lt;/ProfileDescription&gt;</description><select idref="V-16932" selected="true" /><select idref="V-18014" selected="true" /></Profile><Profile id="MAC-3_Classified"><title>III - Administrative Classified</title><description>&lt;ProfileDescription&gt;&lt;/ProfileDescription&gt;</description><select idref="V-16932" selected="true" /><select idref="V-18014" selected="true" /></Profile><Profile id="MAC-3_Public"><title>III - Administrative Public</title><description>&lt;ProfileDescription&gt;&lt;/ProfileDescription&gt;</description><select idref="V-16932" selected="true" /><select idref="V-18014" selected="true" /></Profile><Profile id="MAC-3_Sensitive"><title>III - Administrative Sensitive</title><description>&lt;ProfileDescription&gt;&lt;/ProfileDescription&gt;</description><select idref="V-16932" selected="true" /><select idref="V-18014" selected="true" /></Profile><Group id="V-16932"><title>ZB000000</title><description>&lt;GroupDescription&gt;&lt;/GroupDescription&gt;</description><Rule id="SV-27205r1_rule" severity="medium" weight="10.0"><version>ZFDRT000</version><title>Fast Dump Restore (FDR) install data sets are not properly protected.</title><description>&lt;VulnDiscussion&gt;Fast Dump Restore (FDR) install have the ability to use privileged functions and/or have access to sensitive data. Failure to properly restrict access to their data sets could result in violating the integrity of the base product which could result in compromising the operating system or sensitive data.&lt;/VulnDiscussion&gt;&lt;FalsePositives&gt;&lt;/FalsePositives&gt;&lt;FalseNegatives&gt;&lt;/FalseNegatives&gt;&lt;Documentable&gt;false&lt;/Documentable&gt;&lt;Mitigations&gt;&lt;/Mitigations&gt;&lt;SeverityOverrideGuidance&gt;&lt;/SeverityOverrideGuidance&gt;&lt;PotentialImpacts&gt;&lt;/PotentialImpacts&gt;&lt;ThirdPartyTools&gt;&lt;/ThirdPartyTools&gt;&lt;MitigationControl&gt;&lt;/MitigationControl&gt;&lt;Responsibility&gt;Information Assurance Officer&lt;/Responsibility&gt;&lt;Responsibility&gt;Systems Programmer&lt;/Responsibility&gt;&lt;IAControls&gt;DCSL-1, ECAR-1, ECAR-2, ECCD-1, ECCD-2&lt;/IAControls&gt;</description><reference><dc:title>DPMS Target Fast Dump Restore [FDR]</dc:title><dc:publisher>DISA FSO</dc:publisher><dc:type>DPMS Target</dc:type><dc:subject>Fast Dump Restore [FDR]</dc:subject><dc:identifier>1860</dc:identifier></reference><ident system="http://iase.disa.mil/cci">CCI-000213</ident><ident system="http://iase.disa.mil/cci">CCI-002234</ident><fixtext fixref="F-24439r1_fix">The IAO will ensure that update and/or ALL access to Fast Dump Restore (FDR) install data sets is limited to System Programmers only,  and all  update and/or ALL access is logged. All other FDR users can have read access.

The installing Systems Programmer will identify and document the product data sets and categorize them according to who will have update and/or ALL access and if required that all update and/or ALL access is logged. He will identify if any additional groups have  update and/or ALL access for specific data sets, and once documented he will work with the IAO to see that they are properly restricted to the ACP (Access Control Program ) active on the system.

Data sets to be protected will be: 
SYS2.FDR 
SYS2A.FDR 

The following commands are provided as a sample for implementing dataset controls: 

TSS PERMIT(syspaudt) DSN(SYS2.FDR.) ACCESS(R) 
TSS PERMIT(syspaudt) DSN(SYS2.FDR.) ACCESS(ALL) ACTION(AUDIT)
TSS PERMIT(&lt;fdrusers&gt;) DSN(SYS2.FDR.) ACCESS(R) 

TSS PERMIT(syspaudt) DSN(SYS2A.FDR.) ACCESS(R)
TSS PERMIT(syspaudt) DSN(SYS2A.FDR.) ACCESS(ALL) ACTION(AUDIT)
TSS PERMIT(&lt;fdrusers&gt;) DSN(SYS2A.FDR.) ACCESS(R)
</fixtext><fix id="F-24439r1_fix" /><check system="C-28104r1_chk"><check-content-ref name="M" href="DPMS_XCCDF_Benchmark_zOS FDR for TSS STIG.xml" /><check-content>a)	Refer to the following report produced by the Data Set and Resource Data Collection:

-	SENSITVE.RPT(FDRRPT)

Automated Analysis
Refer to the following report produced by the Data Set and Resource Data Collection:

-	PDI(ZFDR0000)

b)	Verify that access to the Fast Dump Restore (FDR) Install data sets are properly restricted.
 
___	The TSS data set rules for the data sets does not restrict UPDATE and/or ALL access to systems programming personnel.

___	The TSS data set rules for the datasets does not specify that all (i.e., failures and successes) UPDATE and/or ALL access will be logged.

c)	If all of the above are untrue, there is NO FINDING.

d)	If any of the above is true, this is a FINDING.</check-content></check></Rule></Group><Group id="V-18014"><title>ZB000040</title><description>&lt;GroupDescription&gt;&lt;/GroupDescription&gt;</description><Rule id="SV-27074r1_rule" severity="high" weight="10.0"><version>ZFDR0040</version><title>FDR (Fast Dump Restore) security options are improperly specified.</title><description>&lt;VulnDiscussion&gt;Product configuration/parameters control the security and operational characteristics of products.  If these parameter values are improperly specified, security and operational controls may be weakened.  This exposure may threaten the availability of the product applications, and compromise the confidentiality of customer data.&lt;/VulnDiscussion&gt;&lt;FalsePositives&gt;&lt;/FalsePositives&gt;&lt;FalseNegatives&gt;&lt;/FalseNegatives&gt;&lt;Documentable&gt;false&lt;/Documentable&gt;&lt;Mitigations&gt;&lt;/Mitigations&gt;&lt;SeverityOverrideGuidance&gt;&lt;/SeverityOverrideGuidance&gt;&lt;PotentialImpacts&gt;&lt;/PotentialImpacts&gt;&lt;ThirdPartyTools&gt;&lt;/ThirdPartyTools&gt;&lt;MitigationControl&gt;&lt;/MitigationControl&gt;&lt;Responsibility&gt;Systems Programmer&lt;/Responsibility&gt;&lt;IAControls&gt;ECCD-1, ECCD-2&lt;/IAControls&gt;</description><reference><dc:title>DPMS Target Fast Dump Restore [FDR]</dc:title><dc:publisher>DISA FSO</dc:publisher><dc:type>DPMS Target</dc:type><dc:subject>Fast Dump Restore [FDR]</dc:subject><dc:identifier>1860</dc:identifier></reference><ident system="http://iase.disa.mil/cci">CCI-000035</ident><fixtext fixref="F-24349r1_fix">The systems programmer will verify that the security option ALLCALL is set to Yes.

1)	Execute the FDR ISPF dialog by entering the following on the command line:

	EXEC 'SYS2.FDR.VXXXX.CLIST(ABRALLOC)'

2)	Select 'I' on the FDR PRIMARY OPTIONS MENU for INSTALL.

3)	Select '4' on the INSTALLATION OPTIONS MENU to select SETOPT - SET INSTALLATION OPTIONS IN THE FDR GLOBAL OPTIONS TABLE.

4)	Verify the FDR program library data set on this panel is set to the current LOADLIB.  Example: 'SYS2A.FDR.Vxxxx.LOADLIB'.

5)	Select '1' to select SECURITY OPTIONS.

6)	On the SET FDR GLOBAL SECURITY OPTIONS, review the ALLCALL setting, ensure it is set to YES.</fixtext><fix id="F-24349r1_fix" /><check system="C-27990r1_chk"><check-content-ref name="M" href="DPMS_XCCDF_Benchmark_zOS FDR for TSS STIG.xml" /><check-content>a)	The following steps are necessary for reviewing the FDR options:

1)	Issue the following command on the command line at option 6 in TSO to bring up the FDR ISPF dialog:

EXEC 'SYS2.FDR.Vxxxx.CLIST(ABRALLOC)'

2)	Select 'I' on the FDR primary panel for INSTALL.
3)	Select '4' on the FDR installation options panel to select SETOPT.
4)	Verify the FDR Program Library Data Set on this panel specifies the following:
Example: 'SYS2A.FDR.Vxxxx.LOADLIB'.
5)	Select '1' for SECURITY OPTIONS.
6)	Review the setting for ALLCALL

Automated Analysis
Refer to the following report produced by the z/OS Data Collection:

-	PDI(ZFDR0040)

b)	If ALLCALL is set to YES, there is NO FINDING.

c)	If ALLCALL is set to NO, this is a FINDING.</check-content></check></Rule></Group></Benchmark>