<?xml version="1.0" encoding="utf-8"?><?xml-stylesheet type='text/xsl' href='STIG_unclass.xsl'?><Benchmark xmlns:dsig="http://www.w3.org/2000/09/xmldsig#" xmlns:xsi="http://www.w3.org/2001/XMLSchema-instance" xmlns:cpe="http://cpe.mitre.org/language/2.0" xmlns:xhtml="http://www.w3.org/1999/xhtml" xmlns:dc="http://purl.org/dc/elements/1.1/" id="WLAN_Controller" xml:lang="en" xsi:schemaLocation="http://checklists.nist.gov/xccdf/1.1 http://nvd.nist.gov/schema/xccdf-1.1.4.xsd http://cpe.mitre.org/dictionary/2.0 http://cpe.mitre.org/files/cpe-dictionary_2.1.xsd" xmlns="http://checklists.nist.gov/xccdf/1.1"><status date="2017-12-07">accepted</status><title>WLAN Controller Security Technical Implementation Guide (STIG)</title><description>This STIG contains the technical security controls for the operation of a WLAN Controller in the DoD environment.</description><notice id="terms-of-use" xml:lang="en"></notice><reference href="http://iase.disa.mil"><dc:publisher>DISA</dc:publisher><dc:source>STIG.DOD.MIL</dc:source></reference><plain-text id="release-info">Release: 13 Benchmark Date: 26 Jan 2018</plain-text><version>6</version><Profile id="MAC-1_Classified"><title>I - Mission Critical Classified</title><description>&lt;ProfileDescription&gt;&lt;/ProfileDescription&gt;</description><select idref="V-3012" selected="true" /><select idref="V-3013" selected="true" /><select idref="V-3014" selected="true" /><select idref="V-3043" selected="true" /><select idref="V-3056" selected="true" /><select idref="V-3057" selected="true" /><select idref="V-3058" selected="true" /><select idref="V-3069" selected="true" /><select idref="V-3070" selected="true" /><select idref="V-3143" selected="true" /><select idref="V-3160" selected="true" /><select idref="V-3175" selected="true" /><select idref="V-3196" selected="true" /><select idref="V-3210" selected="true" /><select idref="V-3515" selected="true" /><select idref="V-3692" selected="true" /><select idref="V-3966" selected="true" /><select idref="V-3967" selected="true" /><select idref="V-3969" selected="true" /><select idref="V-4582" selected="true" /><select idref="V-5611" selected="true" /><select idref="V-5612" selected="true" /><select idref="V-5613" selected="true" /><select idref="V-7011" selected="true" /><select idref="V-14671" selected="true" /><select idref="V-14717" selected="true" /><select idref="V-14888" selected="true" /><select idref="V-15432" selected="true" /><select idref="V-15434" selected="true" /><select idref="V-17821" selected="true" /><select idref="V-17822" selected="true" /><select idref="V-23747" selected="true" /><select idref="V-28784" selected="true" /><select idref="V-30257" selected="true" /></Profile><Profile id="MAC-1_Public"><title>I - Mission Critical Public</title><description>&lt;ProfileDescription&gt;&lt;/ProfileDescription&gt;</description><select idref="V-3012" selected="true" /><select idref="V-3013" selected="true" /><select idref="V-3014" selected="true" /><select idref="V-3043" selected="true" /><select idref="V-3056" selected="true" /><select idref="V-3057" selected="true" /><select idref="V-3058" selected="true" /><select idref="V-3069" selected="true" /><select idref="V-3070" selected="true" /><select idref="V-3143" selected="true" /><select idref="V-3160" selected="true" /><select idref="V-3175" selected="true" /><select idref="V-3196" selected="true" /><select idref="V-3210" selected="true" /><select idref="V-3515" selected="true" /><select idref="V-3692" selected="true" /><select idref="V-3966" selected="true" /><select idref="V-3967" selected="true" /><select idref="V-3969" selected="true" /><select idref="V-4582" selected="true" /><select idref="V-5611" selected="true" /><select idref="V-5612" selected="true" /><select idref="V-5613" selected="true" /><select idref="V-7011" selected="true" /><select idref="V-14671" selected="true" /><select idref="V-14717" selected="true" /><select idref="V-14888" selected="true" /><select idref="V-15432" selected="true" /><select idref="V-15434" selected="true" /><select idref="V-17821" selected="true" /><select idref="V-17822" selected="true" /><select idref="V-23747" selected="true" /><select idref="V-28784" selected="true" /><select idref="V-30257" selected="true" /></Profile><Profile id="MAC-1_Sensitive"><title>I - Mission Critical Sensitive</title><description>&lt;ProfileDescription&gt;&lt;/ProfileDescription&gt;</description><select idref="V-3012" selected="true" /><select idref="V-3013" selected="true" /><select idref="V-3014" selected="true" /><select idref="V-3043" selected="true" /><select idref="V-3056" selected="true" /><select idref="V-3057" selected="true" /><select idref="V-3058" selected="true" /><select idref="V-3069" selected="true" /><select idref="V-3070" selected="true" /><select idref="V-3143" selected="true" /><select idref="V-3160" selected="true" /><select idref="V-3175" selected="true" /><select idref="V-3196" selected="true" /><select idref="V-3210" selected="true" /><select idref="V-3515" selected="true" /><select idref="V-3692" selected="true" /><select idref="V-3966" selected="true" /><select idref="V-3967" selected="true" /><select idref="V-3969" selected="true" /><select idref="V-4582" selected="true" /><select idref="V-5611" selected="true" /><select idref="V-5612" selected="true" /><select idref="V-5613" selected="true" /><select idref="V-7011" selected="true" /><select idref="V-14671" selected="true" /><select idref="V-14717" selected="true" /><select idref="V-14888" selected="true" /><select idref="V-15432" selected="true" /><select idref="V-15434" selected="true" /><select idref="V-17821" selected="true" /><select idref="V-17822" selected="true" /><select idref="V-23747" selected="true" /><select idref="V-28784" selected="true" /><select idref="V-30257" selected="true" /></Profile><Profile id="MAC-2_Classified"><title>II - Mission Support Classified</title><description>&lt;ProfileDescription&gt;&lt;/ProfileDescription&gt;</description><select idref="V-3012" selected="true" /><select idref="V-3013" selected="true" /><select idref="V-3014" selected="true" /><select idref="V-3043" selected="true" /><select idref="V-3056" selected="true" /><select idref="V-3057" selected="true" /><select idref="V-3058" selected="true" /><select idref="V-3069" selected="true" /><select idref="V-3070" selected="true" /><select idref="V-3143" selected="true" /><select idref="V-3160" selected="true" /><select idref="V-3175" selected="true" /><select idref="V-3196" selected="true" /><select idref="V-3210" selected="true" /><select idref="V-3515" selected="true" /><select idref="V-3692" selected="true" /><select idref="V-3966" selected="true" /><select idref="V-3967" selected="true" /><select idref="V-3969" selected="true" /><select idref="V-4582" selected="true" /><select idref="V-5611" selected="true" /><select idref="V-5612" selected="true" /><select idref="V-5613" selected="true" /><select idref="V-7011" selected="true" /><select idref="V-14671" selected="true" /><select idref="V-14717" selected="true" /><select idref="V-14888" selected="true" /><select idref="V-15432" selected="true" /><select idref="V-15434" selected="true" /><select idref="V-17821" selected="true" /><select idref="V-17822" selected="true" /><select idref="V-23747" selected="true" /><select idref="V-28784" selected="true" /><select idref="V-30257" selected="true" /></Profile><Profile id="MAC-2_Public"><title>II - Mission Support Public</title><description>&lt;ProfileDescription&gt;&lt;/ProfileDescription&gt;</description><select idref="V-3012" selected="true" /><select idref="V-3013" selected="true" /><select idref="V-3014" selected="true" /><select idref="V-3043" selected="true" /><select idref="V-3056" selected="true" /><select idref="V-3057" selected="true" /><select idref="V-3058" selected="true" /><select idref="V-3069" selected="true" /><select idref="V-3070" selected="true" /><select idref="V-3143" selected="true" /><select idref="V-3160" selected="true" /><select idref="V-3175" selected="true" /><select idref="V-3196" selected="true" /><select idref="V-3210" selected="true" /><select idref="V-3515" selected="true" /><select idref="V-3692" selected="true" /><select idref="V-3966" selected="true" /><select idref="V-3967" selected="true" /><select idref="V-3969" selected="true" /><select idref="V-4582" selected="true" /><select idref="V-5611" selected="true" /><select idref="V-5612" selected="true" /><select idref="V-5613" selected="true" /><select idref="V-7011" selected="true" /><select idref="V-14671" selected="true" /><select idref="V-14717" selected="true" /><select idref="V-14888" selected="true" /><select idref="V-15432" selected="true" /><select idref="V-15434" selected="true" /><select idref="V-17821" selected="true" /><select idref="V-17822" selected="true" /><select idref="V-23747" selected="true" /><select idref="V-28784" selected="true" /><select idref="V-30257" selected="true" /></Profile><Profile id="MAC-2_Sensitive"><title>II - Mission Support Sensitive</title><description>&lt;ProfileDescription&gt;&lt;/ProfileDescription&gt;</description><select idref="V-3012" selected="true" /><select idref="V-3013" selected="true" /><select idref="V-3014" selected="true" /><select idref="V-3043" selected="true" /><select idref="V-3056" selected="true" /><select idref="V-3057" selected="true" /><select idref="V-3058" selected="true" /><select idref="V-3069" selected="true" /><select idref="V-3070" selected="true" /><select idref="V-3143" selected="true" /><select idref="V-3160" selected="true" /><select idref="V-3175" selected="true" /><select idref="V-3196" selected="true" /><select idref="V-3210" selected="true" /><select idref="V-3515" selected="true" /><select idref="V-3692" selected="true" /><select idref="V-3966" selected="true" /><select idref="V-3967" selected="true" /><select idref="V-3969" selected="true" /><select idref="V-4582" selected="true" /><select idref="V-5611" selected="true" /><select idref="V-5612" selected="true" /><select idref="V-5613" selected="true" /><select idref="V-7011" selected="true" /><select idref="V-14671" selected="true" /><select idref="V-14717" selected="true" /><select idref="V-14888" selected="true" /><select idref="V-15432" selected="true" /><select idref="V-15434" selected="true" /><select idref="V-17821" selected="true" /><select idref="V-17822" selected="true" /><select idref="V-23747" selected="true" /><select idref="V-28784" selected="true" /><select idref="V-30257" selected="true" /></Profile><Profile id="MAC-3_Classified"><title>III - Administrative Classified</title><description>&lt;ProfileDescription&gt;&lt;/ProfileDescription&gt;</description><select idref="V-3012" selected="true" /><select idref="V-3013" selected="true" /><select idref="V-3014" selected="true" /><select idref="V-3043" selected="true" /><select idref="V-3056" selected="true" /><select idref="V-3057" selected="true" /><select idref="V-3058" selected="true" /><select idref="V-3069" selected="true" /><select idref="V-3070" selected="true" /><select idref="V-3143" selected="true" /><select idref="V-3160" selected="true" /><select idref="V-3175" selected="true" /><select idref="V-3196" selected="true" /><select idref="V-3210" selected="true" /><select idref="V-3515" selected="true" /><select idref="V-3692" selected="true" /><select idref="V-3966" selected="true" /><select idref="V-3967" selected="true" /><select idref="V-3969" selected="true" /><select idref="V-4582" selected="true" /><select idref="V-5611" selected="true" /><select idref="V-5612" selected="true" /><select idref="V-5613" selected="true" /><select idref="V-7011" selected="true" /><select idref="V-14671" selected="true" /><select idref="V-14717" selected="true" /><select idref="V-14888" selected="true" /><select idref="V-15432" selected="true" /><select idref="V-15434" selected="true" /><select idref="V-17821" selected="true" /><select idref="V-17822" selected="true" /><select idref="V-23747" selected="true" /><select idref="V-28784" selected="true" /><select idref="V-30257" selected="true" /></Profile><Profile id="MAC-3_Public"><title>III - Administrative Public</title><description>&lt;ProfileDescription&gt;&lt;/ProfileDescription&gt;</description><select idref="V-3012" selected="true" /><select idref="V-3013" selected="true" /><select idref="V-3014" selected="true" /><select idref="V-3043" selected="true" /><select idref="V-3056" selected="true" /><select idref="V-3057" selected="true" /><select idref="V-3058" selected="true" /><select idref="V-3069" selected="true" /><select idref="V-3070" selected="true" /><select idref="V-3143" selected="true" /><select idref="V-3160" selected="true" /><select idref="V-3175" selected="true" /><select idref="V-3196" selected="true" /><select idref="V-3210" selected="true" /><select idref="V-3515" selected="true" /><select idref="V-3692" selected="true" /><select idref="V-3966" selected="true" /><select idref="V-3967" selected="true" /><select idref="V-3969" selected="true" /><select idref="V-4582" selected="true" /><select idref="V-5611" selected="true" /><select idref="V-5612" selected="true" /><select idref="V-5613" selected="true" /><select idref="V-7011" selected="true" /><select idref="V-14671" selected="true" /><select idref="V-14717" selected="true" /><select idref="V-14888" selected="true" /><select idref="V-15432" selected="true" /><select idref="V-15434" selected="true" /><select idref="V-17821" selected="true" /><select idref="V-17822" selected="true" /><select idref="V-23747" selected="true" /><select idref="V-28784" selected="true" /><select idref="V-30257" selected="true" /></Profile><Profile id="MAC-3_Sensitive"><title>III - Administrative Sensitive</title><description>&lt;ProfileDescription&gt;&lt;/ProfileDescription&gt;</description><select idref="V-3012" selected="true" /><select idref="V-3013" selected="true" /><select idref="V-3014" selected="true" /><select idref="V-3043" selected="true" /><select idref="V-3056" selected="true" /><select idref="V-3057" selected="true" /><select idref="V-3058" selected="true" /><select idref="V-3069" selected="true" /><select idref="V-3070" selected="true" /><select idref="V-3143" selected="true" /><select idref="V-3160" selected="true" /><select idref="V-3175" selected="true" /><select idref="V-3196" selected="true" /><select idref="V-3210" selected="true" /><select idref="V-3515" selected="true" /><select idref="V-3692" selected="true" /><select idref="V-3966" selected="true" /><select idref="V-3967" selected="true" /><select idref="V-3969" selected="true" /><select idref="V-4582" selected="true" /><select idref="V-5611" selected="true" /><select idref="V-5612" selected="true" /><select idref="V-5613" selected="true" /><select idref="V-7011" selected="true" /><select idref="V-14671" selected="true" /><select idref="V-14717" selected="true" /><select idref="V-14888" selected="true" /><select idref="V-15432" selected="true" /><select idref="V-15434" selected="true" /><select idref="V-17821" selected="true" /><select idref="V-17822" selected="true" /><select idref="V-23747" selected="true" /><select idref="V-28784" selected="true" /><select idref="V-30257" selected="true" /></Profile><Group id="V-3012"><title>Network element is not password protected.</title><description>&lt;GroupDescription&gt;&lt;/GroupDescription&gt;</description><Rule id="SV-3012r4_rule" severity="high" weight="10.0"><version>NET0230</version><title>Network devices must be password protected.</title><description>&lt;VulnDiscussion&gt;Network access control mechanisms interoperate to prevent unauthorized access and to enforce the organization's security policy. Access to the network must be categorized as administrator, user, or guest so the appropriate authorization can be assigned to the user requesting access to the network or a network device. Authorization requires an individual account identifier that has been approved, assigned, and configured on an authentication server. Authentication of user identities is accomplished through the use of passwords, tokens, biometrics, or in the case of multi-factor authentication, some combination thereof. Lack of authentication enables anyone to gain access to the network or possibly a network device providing opportunity for intruders to compromise resources within the network infrastructure.&lt;/VulnDiscussion&gt;&lt;FalsePositives&gt;&lt;/FalsePositives&gt;&lt;FalseNegatives&gt;&lt;/FalseNegatives&gt;&lt;Documentable&gt;false&lt;/Documentable&gt;&lt;Mitigations&gt;&lt;/Mitigations&gt;&lt;SeverityOverrideGuidance&gt;&lt;/SeverityOverrideGuidance&gt;&lt;PotentialImpacts&gt;&lt;/PotentialImpacts&gt;&lt;ThirdPartyTools&gt;&lt;/ThirdPartyTools&gt;&lt;MitigationControl&gt;&lt;/MitigationControl&gt;&lt;Responsibility&gt;Information Assurance Officer&lt;/Responsibility&gt;&lt;IAControls&gt;&lt;/IAControls&gt;</description><reference><dc:title>DPMS Target WLAN Controller</dc:title><dc:publisher>DISA</dc:publisher><dc:type>DPMS Target</dc:type><dc:subject>WLAN Controller</dc:subject><dc:identifier>1538</dc:identifier></reference><fixtext fixref="F-3037r6_fix">Configure the network devices so it will require a password to gain administrative access to the device.</fixtext><fix id="F-3037r6_fix" /><check system="C-3456r6_chk"><check-content-ref name="M" href="DPMS_XCCDF_Benchmark_WLAN Controller.xml" /><check-content>Review the network devices configuration to determine if administrative access to the device requires some form of authentication--at a minimum a password is required.

If passwords aren't used to administrative access to the device, this is a finding.</check-content></check></Rule></Group><Group id="V-3013"><title>Login banner is non-existent or not DOD-approved.</title><description>&lt;GroupDescription&gt;&lt;/GroupDescription&gt;</description><Rule id="SV-3013r4_rule" severity="medium" weight="10.0"><version>NET0340</version><title>Network devices must display the DoD-approved logon banner warning.</title><description>&lt;VulnDiscussion&gt;All network devices must present a DoD-approved warning banner prior to a system administrator logging on. The banner should warn any unauthorized user not to proceed. It also should provide clear and unequivocal notice to both authorized and unauthorized personnel that access to the device is subject to monitoring to detect unauthorized usage. Failure to display the required logon warning banner prior to logon attempts will limit DoD's ability to prosecute unauthorized access and also presents the potential to give rise to criminal and civil liability for systems administrators and information systems managers. In addition, DISA's ability to monitor the device's usage is limited unless a proper warning banner is displayed.

DoD CIO has issued new, mandatory policy standardizing the wording of "notice and consent" banners and matching user agreements for all Secret and below DoD information systems, including stand-alone systems by releasing DoD CIO Memo, "Policy on Use of Department of Defense (DoD) Information Systems Standard Consent Banner and User Agreement", dated 9 May 2008. The banner is mandatory and deviations are not permitted except as authorized in writing by the Deputy Assistant Secretary of Defense for Information and Identity Assurance. Implementation of this banner verbiage is further directed to all DoD components for all DoD assets via USCYBERCOM CTO 08-008A.&lt;/VulnDiscussion&gt;&lt;FalsePositives&gt;&lt;/FalsePositives&gt;&lt;FalseNegatives&gt;&lt;/FalseNegatives&gt;&lt;Documentable&gt;false&lt;/Documentable&gt;&lt;Mitigations&gt;&lt;/Mitigations&gt;&lt;SeverityOverrideGuidance&gt;&lt;/SeverityOverrideGuidance&gt;&lt;PotentialImpacts&gt;&lt;/PotentialImpacts&gt;&lt;ThirdPartyTools&gt;&lt;/ThirdPartyTools&gt;&lt;MitigationControl&gt;&lt;/MitigationControl&gt;&lt;Responsibility&gt;Information Assurance Officer&lt;/Responsibility&gt;&lt;IAControls&gt;&lt;/IAControls&gt;</description><reference><dc:title>DPMS Target WLAN Controller</dc:title><dc:publisher>DISA</dc:publisher><dc:type>DPMS Target</dc:type><dc:subject>WLAN Controller</dc:subject><dc:identifier>1538</dc:identifier></reference><fixtext fixref="F-3038r8_fix">Configure all management interfaces to the network device to display the DoD-mandated warning banner verbiage at logon regardless of the means of connection or communication. The required banner verbiage that must be displayed verbatim is as follows:

Option A

You are accessing a U.S. Government (USG) Information System (IS) that is provided for USG-authorized use only. By using this IS (which includes any device attached to this IS), you consent to the following conditions:

-The USG routinely intercepts and monitors communications on this IS for purposes including, but not limited to, penetration testing, COMSEC monitoring, network operations and defense, personnel misconduct (PM), law enforcement (LE), and
counterintelligence (CI) investigations.
-At any time, the USG may inspect and seize data stored on this IS.
-Communications using, or data stored on, this IS are not private, are subject to routine monitoring, interception, and search, and may be disclosed or used for any USG-authorized purpose.
-This IS includes security measures (e.g., authentication and access controls) to protect USG interests--not for your personal benefit or privacy.
-Notwithstanding the above, using this IS does not constitute consent to PM, LE or CI investigative searching or monitoring of the content of privileged communications, or work product, related to personal representation or services by attorneys, psychotherapists, or clergy, and their assistants. Such communications and work product are private and confidential. See User Agreement for details.

Option B

If the system is incapable of displaying the required banner verbiage due to its size, a smaller banner must be used. The mandatory verbiage follows: "I've read &amp; consent to terms in IS user agreem't."</fixtext><fix id="F-3038r8_fix" /><check system="C-3474r10_chk"><check-content-ref name="M" href="DPMS_XCCDF_Benchmark_WLAN Controller.xml" /><check-content>Review the device configuration or request that the administrator logon to the device and observe the terminal. Verify either Option A or Option B (for systems with character limitations) of the Standard Mandatory DoD Notice and Consent Banner is displayed at logon. The required banner verbiage follows and must be displayed verbatim:

Option A

You are accessing a U.S. Government (USG) Information System (IS) that is provided for USG-authorized use only. By using this IS (which includes any device attached to this IS), you consent to the following conditions:

-The USG routinely intercepts and monitors communications on this IS for purposes including, but not limited to, penetration testing, COMSEC monitoring, network operations and defense, personnel misconduct (PM), law enforcement (LE), and
counterintelligence (CI) investigations.
-At any time, the USG may inspect and seize data stored on this IS.
-Communications using, or data stored on, this IS are not private, are subject to routine monitoring, interception, and search, and may be disclosed or used for any USG-authorized purpose.
-This IS includes security measures (e.g., authentication and access controls) to protect USG interests--not for your personal benefit or privacy.
-Notwithstanding the above, using this IS does not constitute consent to PM, LE or CI investigative searching or monitoring of the content of privileged communications, or work product, related to personal representation or services by attorneys, psychotherapists, or clergy, and their assistants. Such communications and work product are private and confidential. See User Agreement for details.

Option B

If the system is incapable of displaying the required banner verbiage due to its size, a smaller banner must be used. The mandatory verbiage follows: "I've read &amp; consent to terms in IS user agreem't."

If the device configuration does not have a logon banner as stated above, this is a finding.</check-content></check></Rule></Group><Group id="V-3014"><title>Management connection does not timeout.</title><description>&lt;GroupDescription&gt;&lt;/GroupDescription&gt;</description><Rule id="SV-3014r4_rule" severity="medium" weight="10.0"><version>NET1639</version><title>The network devices must timeout management connections for administrative access after 10 minutes or less of inactivity.</title><description>&lt;VulnDiscussion&gt;Terminating an idle session within a short time period reduces the window of opportunity for unauthorized personnel to take control of a management session enabled between the managed network device and a PC or terminal server when the later has been left unattended. In addition quickly terminating an idle session will also free up resources committed by the managed network device as well as reduce the risk of a management session from being hijacked. Setting the timeout of the session to 10 minutes or less increases the level of protection afforded critical network components.&lt;/VulnDiscussion&gt;&lt;FalsePositives&gt;&lt;/FalsePositives&gt;&lt;FalseNegatives&gt;&lt;/FalseNegatives&gt;&lt;Documentable&gt;false&lt;/Documentable&gt;&lt;Mitigations&gt;&lt;/Mitigations&gt;&lt;SeverityOverrideGuidance&gt;&lt;/SeverityOverrideGuidance&gt;&lt;PotentialImpacts&gt;&lt;/PotentialImpacts&gt;&lt;ThirdPartyTools&gt;&lt;/ThirdPartyTools&gt;&lt;MitigationControl&gt;&lt;/MitigationControl&gt;&lt;Responsibility&gt;Information Assurance Officer&lt;/Responsibility&gt;&lt;IAControls&gt;&lt;/IAControls&gt;</description><reference><dc:title>DPMS Target WLAN Controller</dc:title><dc:publisher>DISA</dc:publisher><dc:type>DPMS Target</dc:type><dc:subject>WLAN Controller</dc:subject><dc:identifier>1538</dc:identifier></reference><fixtext fixref="F-3039r5_fix">Configure the network devices to ensure the timeout for unattended administrative access connections is no longer than 10 minutes.</fixtext><fix id="F-3039r5_fix" /><check system="C-3540r6_chk"><check-content-ref name="M" href="DPMS_XCCDF_Benchmark_WLAN Controller.xml" /><check-content>Review the management connection for administrative access and verify the network device is configured to time-out the connection at 10 minutes or less of inactivity.

If the device does not terminate inactive management connections at 10 minutes or less, this is a finding.</check-content></check></Rule></Group><Group id="V-3043"><title>SNMP privileged and non-privileged access.</title><description>&lt;GroupDescription&gt;&lt;/GroupDescription&gt;</description><Rule id="SV-3043r4_rule" severity="medium" weight="10.0"><version>NET1675</version><title>The network device must use different SNMP community names or groups for various levels of read and write access.</title><description>&lt;VulnDiscussion&gt;Numerous vulnerabilities exist with SNMP; therefore, without unique SNMP community names, the risk of compromise is dramatically increased. This is especially true with vendors default community names which are widely known by hackers and other networking experts. If a hacker gains access to these devices and can easily guess the name, this could result in denial of service, interception of sensitive information, or other destructive actions.&lt;/VulnDiscussion&gt;&lt;FalsePositives&gt;&lt;/FalsePositives&gt;&lt;FalseNegatives&gt;&lt;/FalseNegatives&gt;&lt;Documentable&gt;false&lt;/Documentable&gt;&lt;Mitigations&gt;&lt;/Mitigations&gt;&lt;SeverityOverrideGuidance&gt;&lt;/SeverityOverrideGuidance&gt;&lt;PotentialImpacts&gt;&lt;/PotentialImpacts&gt;&lt;ThirdPartyTools&gt;&lt;/ThirdPartyTools&gt;&lt;MitigationControl&gt;&lt;/MitigationControl&gt;&lt;Responsibility&gt;Information Assurance Officer&lt;/Responsibility&gt;&lt;IAControls&gt;&lt;/IAControls&gt;</description><reference><dc:title>DPMS Target WLAN Controller</dc:title><dc:publisher>DISA</dc:publisher><dc:type>DPMS Target</dc:type><dc:subject>WLAN Controller</dc:subject><dc:identifier>1538</dc:identifier></reference><fixtext fixref="F-3068r4_fix">Configure the SNMP community strings on the network device and change them from the default values. SNMP community strings and user passwords must be unique and not match any other network device passwords. Different community strings (V1/2) or groups (V3) must be configured for various levels of read and write access.</fixtext><fix id="F-3068r4_fix" /><check system="C-3825r7_chk"><check-content-ref name="M" href="DPMS_XCCDF_Benchmark_WLAN Controller.xml" /><check-content>Review the SNMP configuration of all managed nodes to ensure different community names (V1/2) or groups/users (V3) are configured for read-only and read-write access.

If unique community strings or accounts are not used for SNMP peers, this is a finding.</check-content></check></Rule></Group><Group id="V-3056"><title>Group accounts are defined.</title><description>&lt;GroupDescription&gt;&lt;/GroupDescription&gt;</description><Rule id="SV-3056r7_rule" severity="high" weight="10.0"><version>NET0460</version><title>Group accounts must not be configured for use on the network device.</title><description>&lt;VulnDiscussion&gt;Group accounts configured for use on a network device do not allow for accountability or repudiation of individuals using the shared account.  If group accounts are not changed when someone leaves the group, that person could possibly gain control of the network device.  Having group accounts does not allow for proper auditing of who is accessing or changing the network.&lt;/VulnDiscussion&gt;&lt;FalsePositives&gt;&lt;/FalsePositives&gt;&lt;FalseNegatives&gt;&lt;/FalseNegatives&gt;&lt;Documentable&gt;false&lt;/Documentable&gt;&lt;Mitigations&gt;&lt;/Mitigations&gt;&lt;SeverityOverrideGuidance&gt;&lt;/SeverityOverrideGuidance&gt;&lt;PotentialImpacts&gt;&lt;/PotentialImpacts&gt;&lt;ThirdPartyTools&gt;&lt;/ThirdPartyTools&gt;&lt;MitigationControl&gt;&lt;/MitigationControl&gt;&lt;Responsibility&gt;Information Assurance Officer&lt;/Responsibility&gt;&lt;IAControls&gt;&lt;/IAControls&gt;</description><reference><dc:title>DPMS Target WLAN Controller</dc:title><dc:publisher>DISA</dc:publisher><dc:type>DPMS Target</dc:type><dc:subject>WLAN Controller</dc:subject><dc:identifier>1538</dc:identifier></reference><fixtext fixref="F-3081r9_fix">Configure individual user accounts for each authorized person then remove any group accounts.</fixtext><fix id="F-3081r9_fix" /><check system="C-3503r11_chk"><check-content-ref name="M" href="DPMS_XCCDF_Benchmark_WLAN Controller.xml" /><check-content>Review the network device configuration and validate there are no group accounts configured for access.

If a group account is configured on the device, this is a finding.</check-content></check></Rule></Group><Group id="V-3057"><title>Accounts assigned least privileges necessary to perform duties.</title><description>&lt;GroupDescription&gt;&lt;/GroupDescription&gt;</description><Rule id="SV-3057r5_rule" severity="medium" weight="10.0"><version>NET0465</version><title>Authorized accounts must be assigned the least privilege level necessary to perform assigned duties.</title><description>&lt;VulnDiscussion&gt;By not restricting authorized accounts to their proper privilege level, access to restricted functions may be allowed before authorized personnel are trained or experienced enough to use those functions. Network disruptions or outages may occur due to mistakes made by inexperienced persons using accounts with greater privileges than necessary.&lt;/VulnDiscussion&gt;&lt;FalsePositives&gt;&lt;/FalsePositives&gt;&lt;FalseNegatives&gt;&lt;/FalseNegatives&gt;&lt;Documentable&gt;false&lt;/Documentable&gt;&lt;Mitigations&gt;&lt;/Mitigations&gt;&lt;SeverityOverrideGuidance&gt;&lt;/SeverityOverrideGuidance&gt;&lt;PotentialImpacts&gt;&lt;/PotentialImpacts&gt;&lt;ThirdPartyTools&gt;&lt;/ThirdPartyTools&gt;&lt;MitigationControl&gt;&lt;/MitigationControl&gt;&lt;Responsibility&gt;Information Assurance Officer&lt;/Responsibility&gt;&lt;IAControls&gt;&lt;/IAControls&gt;</description><reference><dc:title>DPMS Target WLAN Controller</dc:title><dc:publisher>DISA</dc:publisher><dc:type>DPMS Target</dc:type><dc:subject>WLAN Controller</dc:subject><dc:identifier>1538</dc:identifier></reference><fixtext fixref="F-3082r5_fix">Configure authorized accounts with the least privilege rule. Each user will have access to only the privileges they require to perform their assigned duties.</fixtext><fix id="F-3082r5_fix" /><check system="C-3504r6_chk"><check-content-ref name="M" href="DPMS_XCCDF_Benchmark_WLAN Controller.xml" /><check-content>Review the accounts authorized for access to the network device. Determine if the accounts are assigned the lowest privilege level necessary to perform assigned duties. User accounts must be set to a specific privilege level which can be mapped to specific commands or a group of commands. Authorized accounts should have the greatest privilege level unless deemed necessary for assigned duties.

If it is determined that authorized accounts are assigned to greater privileges than necessary, this is a finding.</check-content></check></Rule></Group><Group id="V-3058"><title>Unauthorized accounts are configured to access device.</title><description>&lt;GroupDescription&gt;&lt;/GroupDescription&gt;</description><Rule id="SV-3058r5_rule" severity="medium" weight="10.0"><version>NET0470</version><title>Unauthorized accounts must not be configured for access to the network device.</title><description>&lt;VulnDiscussion&gt;A malicious user attempting to gain access to the network device may compromise an account that may be unauthorized for use.  The unauthorized account may be a temporary or inactive account that is no longer needed to access the device.  Denial of Service, interception of sensitive information, or other destructive actions could potentially take place if an unauthorized account is configured to access the network device.&lt;/VulnDiscussion&gt;&lt;FalsePositives&gt;&lt;/FalsePositives&gt;&lt;FalseNegatives&gt;&lt;/FalseNegatives&gt;&lt;Documentable&gt;false&lt;/Documentable&gt;&lt;Mitigations&gt;&lt;/Mitigations&gt;&lt;SeverityOverrideGuidance&gt;&lt;/SeverityOverrideGuidance&gt;&lt;PotentialImpacts&gt;&lt;/PotentialImpacts&gt;&lt;ThirdPartyTools&gt;&lt;/ThirdPartyTools&gt;&lt;MitigationControl&gt;&lt;/MitigationControl&gt;&lt;Responsibility&gt;Information Assurance Officer&lt;/Responsibility&gt;&lt;IAControls&gt;&lt;/IAControls&gt;</description><reference><dc:title>DPMS Target WLAN Controller</dc:title><dc:publisher>DISA</dc:publisher><dc:type>DPMS Target</dc:type><dc:subject>WLAN Controller</dc:subject><dc:identifier>1538</dc:identifier></reference><fixtext fixref="F-3083r5_fix">Remove any account configured for access to the network device that is not defined in the organization's responsibilities list.</fixtext><fix id="F-3083r5_fix" /><check system="C-3505r5_chk"><check-content-ref name="M" href="DPMS_XCCDF_Benchmark_WLAN Controller.xml" /><check-content>Review the organization's responsibilities list and reconcile the list of authorized accounts with those accounts defined for access to the network device.

If an unauthorized account is configured for access to the device, this is a finding.</check-content></check></Rule></Group><Group id="V-3069"><title>Management connections  must be secured by FIPS 140-2. </title><description>&lt;GroupDescription&gt;&lt;/GroupDescription&gt;</description><Rule id="SV-3069r5_rule" severity="medium" weight="10.0"><version>NET1638</version><title>Management connections to a network device must be established using secure protocols with FIPS 140-2 validated cryptographic modules.</title><description>&lt;VulnDiscussion&gt;Administration and management connections performed across a network are inherently dangerous because anyone with a packet sniffer and access to the right LAN segment can acquire the network device account and password information.  With this intercepted information they could gain access to the router and cause denial of service attacks, intercept sensitive information, or perform other destructive actions.&lt;/VulnDiscussion&gt;&lt;FalsePositives&gt;&lt;/FalsePositives&gt;&lt;FalseNegatives&gt;&lt;/FalseNegatives&gt;&lt;Documentable&gt;false&lt;/Documentable&gt;&lt;Mitigations&gt;&lt;/Mitigations&gt;&lt;SeverityOverrideGuidance&gt;&lt;/SeverityOverrideGuidance&gt;&lt;PotentialImpacts&gt;&lt;/PotentialImpacts&gt;&lt;ThirdPartyTools&gt;&lt;/ThirdPartyTools&gt;&lt;MitigationControl&gt;&lt;/MitigationControl&gt;&lt;Responsibility&gt;Information Assurance Officer&lt;/Responsibility&gt;&lt;IAControls&gt;&lt;/IAControls&gt;</description><reference><dc:title>DPMS Target WLAN Controller</dc:title><dc:publisher>DISA</dc:publisher><dc:type>DPMS Target</dc:type><dc:subject>WLAN Controller</dc:subject><dc:identifier>1538</dc:identifier></reference><fixtext fixref="F-3094r5_fix">Configure the network device to use secure protocols with FIPS 140-2 validated cryptographic modules.</fixtext><fix id="F-3094r5_fix" /><check system="C-3532r8_chk"><check-content-ref name="M" href="DPMS_XCCDF_Benchmark_WLAN Controller.xml" /><check-content>Review the network device configuration to verify only secure protocols using FIPS 140-2 validated cryptographic modules are used for any administrative access. Some of the secure protocols used for administrative and management access are listed below. This list is not all inclusive and represents a sample selection of secure protocols. 

-SSHv2
-SCP
-HTTPS using TLS

If management connections are established using protocols without FIPS 140-2 validated cryptographic modules, this is a finding.</check-content></check></Rule></Group><Group id="V-3070"><title>Management connections must be logged.</title><description>&lt;GroupDescription&gt;&lt;/GroupDescription&gt;</description><Rule id="SV-3070r4_rule" severity="low" weight="10.0"><version>NET1640</version><title>Network devices must log all attempts to establish a management connection for administrative access.</title><description>&lt;VulnDiscussion&gt;Audit logs are necessary to provide a trail of evidence in case the network is compromised.  Without an audit trail that provides a when, where, who and how set of information, repeat offenders could continue attacks against the network indefinitely.  With this information, the network administrator can devise ways to block the attack and possibly identify and prosecute the attacker.&lt;/VulnDiscussion&gt;&lt;FalsePositives&gt;&lt;/FalsePositives&gt;&lt;FalseNegatives&gt;&lt;/FalseNegatives&gt;&lt;Documentable&gt;false&lt;/Documentable&gt;&lt;Mitigations&gt;&lt;/Mitigations&gt;&lt;SeverityOverrideGuidance&gt;&lt;/SeverityOverrideGuidance&gt;&lt;PotentialImpacts&gt;&lt;/PotentialImpacts&gt;&lt;ThirdPartyTools&gt;&lt;/ThirdPartyTools&gt;&lt;MitigationControl&gt;&lt;/MitigationControl&gt;&lt;Responsibility&gt;Information Assurance Officer&lt;/Responsibility&gt;&lt;IAControls&gt;&lt;/IAControls&gt;</description><reference><dc:title>DPMS Target WLAN Controller</dc:title><dc:publisher>DISA</dc:publisher><dc:type>DPMS Target</dc:type><dc:subject>WLAN Controller</dc:subject><dc:identifier>1538</dc:identifier></reference><fixtext fixref="F-3095r3_fix">Configure the device to log all access attempts to the device to establish a management connection for administrative access.</fixtext><fix id="F-3095r3_fix" /><check system="C-3542r6_chk"><check-content-ref name="M" href="DPMS_XCCDF_Benchmark_WLAN Controller.xml" /><check-content>Review the configuration to verify all attempts to access the device via management connection are logged.

If management connection attempts are not logged, this is a finding.</check-content></check></Rule></Group><Group id="V-3143"><title>Devices exist with standard default passwords.</title><description>&lt;GroupDescription&gt;&lt;/GroupDescription&gt;</description><Rule id="SV-3143r4_rule" severity="high" weight="10.0"><version>NET0240</version><title>Network devices must not have any default manufacturer passwords.</title><description>&lt;VulnDiscussion&gt;Network devices not protected with strong password schemes provide the opportunity for anyone to crack the password thus gaining access to the device and causing network outage or denial of service. Many default vendor passwords are well-known; hence, not removing them prior to deploying the network devices into production provides an opportunity for a malicious user to gain unauthorized access to the device.&lt;/VulnDiscussion&gt;&lt;FalsePositives&gt;&lt;/FalsePositives&gt;&lt;FalseNegatives&gt;&lt;/FalseNegatives&gt;&lt;Documentable&gt;false&lt;/Documentable&gt;&lt;Mitigations&gt;&lt;/Mitigations&gt;&lt;SeverityOverrideGuidance&gt;&lt;/SeverityOverrideGuidance&gt;&lt;PotentialImpacts&gt;&lt;/PotentialImpacts&gt;&lt;ThirdPartyTools&gt;&lt;/ThirdPartyTools&gt;&lt;MitigationControl&gt;&lt;/MitigationControl&gt;&lt;Responsibility&gt;Information Assurance Officer&lt;/Responsibility&gt;&lt;IAControls&gt;&lt;/IAControls&gt;</description><reference><dc:title>DPMS Target WLAN Controller</dc:title><dc:publisher>DISA</dc:publisher><dc:type>DPMS Target</dc:type><dc:subject>WLAN Controller</dc:subject><dc:identifier>1538</dc:identifier></reference><fixtext fixref="F-35391r3_fix">Remove any vendor default passwords from the network devices configuration.</fixtext><fix id="F-35391r3_fix" /><check system="C-40236r3_chk"><check-content-ref name="M" href="DPMS_XCCDF_Benchmark_WLAN Controller.xml" /><check-content>Review the network devices configuration to determine if the vendor default password is active.

If any vendor default passwords are used on the device, this is a finding.</check-content></check></Rule></Group><Group id="V-3160"><title>Operating system is not at a current release level.</title><description>&lt;GroupDescription&gt;&lt;/GroupDescription&gt;</description><Rule id="SV-3160r4_rule" severity="medium" weight="10.0"><version>NET0700</version><title>Network devices must be running a current and supported operating system with all IAVMs addressed.</title><description>&lt;VulnDiscussion&gt;Network devices not running the latest tested and approved versions of software are vulnerable to network attacks. Running the most current, approved version of system and device software helps the site maintain a stable base of security fixes and patches, as well as enhancements to IP security. Viruses, denial of service attacks, system weaknesses, back doors and other potentially harmful situations could render a system vulnerable, allowing unauthorized access to DoD assets.&lt;/VulnDiscussion&gt;&lt;FalsePositives&gt;&lt;/FalsePositives&gt;&lt;FalseNegatives&gt;&lt;/FalseNegatives&gt;&lt;Documentable&gt;false&lt;/Documentable&gt;&lt;Mitigations&gt;&lt;/Mitigations&gt;&lt;SeverityOverrideGuidance&gt;&lt;/SeverityOverrideGuidance&gt;&lt;PotentialImpacts&gt;&lt;/PotentialImpacts&gt;&lt;ThirdPartyTools&gt;&lt;/ThirdPartyTools&gt;&lt;MitigationControl&gt;&lt;/MitigationControl&gt;&lt;Responsibility&gt;Information Assurance Officer&lt;/Responsibility&gt;&lt;IAControls&gt;&lt;/IAControls&gt;</description><reference><dc:title>DPMS Target WLAN Controller</dc:title><dc:publisher>DISA</dc:publisher><dc:type>DPMS Target</dc:type><dc:subject>WLAN Controller</dc:subject><dc:identifier>1538</dc:identifier></reference><fixtext fixref="F-3185r4_fix">Update operating system to a supported version that addresses all related IAVMs.</fixtext><fix id="F-3185r4_fix" /><check system="C-3549r4_chk"><check-content-ref name="M" href="DPMS_XCCDF_Benchmark_WLAN Controller.xml" /><check-content>Have the administrator display the OS version in operation. The OS must be current with related IAVMs addressed.

If the device is using an OS that does not meet all IAVMs or currently not supported by the vendor, this is a finding.</check-content></check></Rule></Group><Group id="V-3175"><title>Management connections must require passwords.</title><description>&lt;GroupDescription&gt;&lt;/GroupDescription&gt;</description><Rule id="SV-3175r5_rule" severity="high" weight="10.0"><version>NET1636</version><title>The network device must require authentication prior to establishing a management connection for administrative access.</title><description>&lt;VulnDiscussion&gt;Network devices with no password for administrative access via a management connection provide the opportunity for anyone with network access to the device to make configuration changes enabling them to disrupt network operations resulting in a network outage.&lt;/VulnDiscussion&gt;&lt;FalsePositives&gt;&lt;/FalsePositives&gt;&lt;FalseNegatives&gt;&lt;/FalseNegatives&gt;&lt;Documentable&gt;false&lt;/Documentable&gt;&lt;Mitigations&gt;&lt;/Mitigations&gt;&lt;SeverityOverrideGuidance&gt;&lt;/SeverityOverrideGuidance&gt;&lt;PotentialImpacts&gt;&lt;/PotentialImpacts&gt;&lt;ThirdPartyTools&gt;&lt;/ThirdPartyTools&gt;&lt;MitigationControl&gt;&lt;/MitigationControl&gt;&lt;Responsibility&gt;Information Assurance Officer&lt;/Responsibility&gt;&lt;IAControls&gt;&lt;/IAControls&gt;</description><reference><dc:title>DPMS Target WLAN Controller</dc:title><dc:publisher>DISA</dc:publisher><dc:type>DPMS Target</dc:type><dc:subject>WLAN Controller</dc:subject><dc:identifier>1538</dc:identifier></reference><fixtext fixref="F-3200r3_fix">Configure authentication for all management connections.</fixtext><fix id="F-3200r3_fix" /><check system="C-3516r9_chk"><check-content-ref name="M" href="DPMS_XCCDF_Benchmark_WLAN Controller.xml" /><check-content>Review the network device configuration to verify all management connections for administrative access require authentication.

If authentication isn't configured for management access, this is a finding.</check-content></check></Rule></Group><Group id="V-3196"><title>An insecure version of SNMP is being used.</title><description>&lt;GroupDescription&gt;&lt;/GroupDescription&gt;</description><Rule id="SV-3196r4_rule" severity="high" weight="10.0"><version>NET1660</version><title>The network device must use SNMP Version 3 Security Model with FIPS 140-2 validated cryptography for any SNMP agent configured on the device.</title><description>&lt;VulnDiscussion&gt;SNMP Versions 1 and 2 are not considered secure. Without the strong authentication and privacy that is provided by the SNMP Version 3 User-based Security Model (USM), an unauthorized user can gain access to network management information used to launch an attack against the network.&lt;/VulnDiscussion&gt;&lt;FalsePositives&gt;&lt;/FalsePositives&gt;&lt;FalseNegatives&gt;&lt;/FalseNegatives&gt;&lt;Documentable&gt;false&lt;/Documentable&gt;&lt;Mitigations&gt;&lt;/Mitigations&gt;&lt;SeverityOverrideGuidance&gt;&lt;/SeverityOverrideGuidance&gt;&lt;PotentialImpacts&gt;&lt;/PotentialImpacts&gt;&lt;ThirdPartyTools&gt;&lt;/ThirdPartyTools&gt;&lt;MitigationControl&gt;&lt;/MitigationControl&gt;&lt;Responsibility&gt;Information Assurance Officer&lt;/Responsibility&gt;&lt;IAControls&gt;&lt;/IAControls&gt;</description><reference><dc:title>DPMS Target WLAN Controller</dc:title><dc:publisher>DISA</dc:publisher><dc:type>DPMS Target</dc:type><dc:subject>WLAN Controller</dc:subject><dc:identifier>1538</dc:identifier></reference><fixtext fixref="F-3221r5_fix">If SNMP is enabled, configure the network device to use SNMP Version 3 Security Model with FIPS 140-2 validated cryptography (i.e., SHA authentication and AES encryption).</fixtext><fix id="F-3221r5_fix" /><check system="C-3820r6_chk"><check-content-ref name="M" href="DPMS_XCCDF_Benchmark_WLAN Controller.xml" /><check-content>Review the device configuration to verify it is configured to use SNMPv3 with both SHA authentication and privacy using AES encryption.

Downgrades:
If the site is using Version 1 or Version 2 with all of the appropriate patches and has developed a migration plan to implement the Version 3 Security Model, this finding can be downgraded to a Category II.

If the targeted asset is running SNMPv3 and does not support SHA or AES, but the device is configured to use MD5 authentication and DES or 3DES encryption, then the finding can be downgraded to a Category III.

If the site is using Version 1 or Version 2 and has installed all of the appropriate patches or upgrades to mitigate any known security vulnerabilities, this finding can be downgraded to a Category II. In addition, if the device does not support SNMPv3, this finding can be downgraded to a Category III provided all of the appropriate patches to mitigate any known security vulnerabilities have been applied and has developed a migration plan that includes the device upgrade to support Version 3 and the implementation of the Version 3 Security Model.

If the device is configured to use to anything other than SNMPv3 with at least SHA-1 and AES, this is a finding. Downgrades can be determined based on the criteria above.</check-content></check></Rule></Group><Group id="V-3210"><title>Using default SNMP community names.</title><description>&lt;GroupDescription&gt;&lt;/GroupDescription&gt;</description><Rule id="SV-3210r4_rule" severity="high" weight="10.0"><version>NET1665</version><title>The network device must not use the default or well-known SNMP community strings public and private.</title><description>&lt;VulnDiscussion&gt;Network devices may be distributed by the vendor pre-configured with an SNMP agent using the well-known SNMP community strings public for read only and private for read and write authorization. An attacker can obtain information about a network device using the read community string "public". In addition, an attacker can change a system configuration using the write community string "private".&lt;/VulnDiscussion&gt;&lt;FalsePositives&gt;&lt;/FalsePositives&gt;&lt;FalseNegatives&gt;&lt;/FalseNegatives&gt;&lt;Documentable&gt;false&lt;/Documentable&gt;&lt;Mitigations&gt;&lt;/Mitigations&gt;&lt;SeverityOverrideGuidance&gt;&lt;/SeverityOverrideGuidance&gt;&lt;PotentialImpacts&gt;&lt;/PotentialImpacts&gt;&lt;ThirdPartyTools&gt;&lt;/ThirdPartyTools&gt;&lt;MitigationControl&gt;&lt;/MitigationControl&gt;&lt;Responsibility&gt;Information Assurance Officer&lt;/Responsibility&gt;&lt;IAControls&gt;&lt;/IAControls&gt;</description><reference><dc:title>DPMS Target WLAN Controller</dc:title><dc:publisher>DISA</dc:publisher><dc:type>DPMS Target</dc:type><dc:subject>WLAN Controller</dc:subject><dc:identifier>1538</dc:identifier></reference><fixtext fixref="F-3235r4_fix">Configure unique SNMP community strings replacing the default community strings.</fixtext><fix id="F-3235r4_fix" /><check system="C-3822r7_chk"><check-content-ref name="M" href="DPMS_XCCDF_Benchmark_WLAN Controller.xml" /><check-content>Review the network devices configuration and verify if either of the SNMP community strings "public" or "private" is being used.

If default or well-known community strings are used for SNMP, this is a finding.</check-content></check></Rule></Group><Group id="V-3515"><title>Transmitted WLAN AES-CCMP </title><description>&lt;GroupDescription&gt;&lt;/GroupDescription&gt;</description><Rule id="SV-3515r2_rule" severity="medium" weight="10.0"><version>WIR0125-01</version><title>The WLAN must use AES-CCMP to protect data-in-transit.</title><description>&lt;VulnDiscussion&gt;AES-CCMP provides all required WLAN security services for data in transit. The other encryption protocol available for IEEE 802.11i compliant robust security networks and WPA2 certified solutions is the Temporal Key Integrity Protocol (TKIP). TKIP relies on the RC4 cipher, which has known vulnerabilities. Some WLANs also rely on Wireless Equivalent Privacy (WEP), which also uses RC4, and is easily cracked in minutes on active WLANs. Use of protocols other than AES-CCMP places DoD WLANs at greater risk of security breaches than other available approaches.&lt;/VulnDiscussion&gt;&lt;FalsePositives&gt;&lt;/FalsePositives&gt;&lt;FalseNegatives&gt;&lt;/FalseNegatives&gt;&lt;Documentable&gt;false&lt;/Documentable&gt;&lt;Mitigations&gt;&lt;/Mitigations&gt;&lt;SeverityOverrideGuidance&gt;&lt;/SeverityOverrideGuidance&gt;&lt;PotentialImpacts&gt;&lt;/PotentialImpacts&gt;&lt;ThirdPartyTools&gt;&lt;/ThirdPartyTools&gt;&lt;MitigationControl&gt;&lt;/MitigationControl&gt;&lt;Responsibility&gt;Information Assurance Officer&lt;/Responsibility&gt;&lt;IAControls&gt;ECSC-1, ECWN-1&lt;/IAControls&gt;</description><reference><dc:title>DPMS Target WLAN Controller</dc:title><dc:publisher>DISA</dc:publisher><dc:type>DPMS Target</dc:type><dc:subject>WLAN Controller</dc:subject><dc:identifier>1538</dc:identifier></reference><fixtext fixref="F-3446r1_fix">Implement AES-CCMP to protect data in transit. Deactivate encryption protocols other than AES-CCMP.</fixtext><fix id="F-3446r1_fix" /><check system="C-22364r1_chk"><check-content-ref name="M" href="DPMS_XCCDF_Benchmark_WLAN Controller.xml" /><check-content>Detailed Policy requirements:

Encryption requirements for data in transit: 
- The WLAN infrastructure (e.g., access point, bridge, or WLAN controller) and WLAN client device must be configured to use the AES-CCMP encryption protocol.

Check procedures:
- Interview IAO and review WLAN system documentation.
- Determine if the WLAN network and client components encryption setting has been configured to use the AES-CCMP encryption protocol and no others. 
- Mark as a finding if the WLAN is configured to support any encryption protocol other than AES-CCMP, even if AES-CCMP is one of several supported options.</check-content></check></Rule></Group><Group id="V-3692"><title>WLAN EAP authentication</title><description>&lt;GroupDescription&gt;&lt;/GroupDescription&gt;</description><Rule id="SV-3692r2_rule" severity="medium" weight="10.0"><version>WIR0115-01</version><title>WLAN must use EAP-TLS.</title><description>&lt;VulnDiscussion&gt;EAP-TLS provides strong cryptographic mutual authentication and key distribution services not found in other EAP methods, and thus provides significantly more protection against attacks than other methods. Additionally, EAP-TLS supports two-factor user authentication on the WLAN client, which provides significantly more protection than methods that rely on a password or certificate alone. EAP-TLS also can leverage DoD CAC in its authentication services, providing additional security and convenience.&lt;/VulnDiscussion&gt;&lt;FalsePositives&gt;&lt;/FalsePositives&gt;&lt;FalseNegatives&gt;&lt;/FalseNegatives&gt;&lt;Documentable&gt;false&lt;/Documentable&gt;&lt;Mitigations&gt;&lt;/Mitigations&gt;&lt;SeverityOverrideGuidance&gt;&lt;/SeverityOverrideGuidance&gt;&lt;PotentialImpacts&gt;&lt;/PotentialImpacts&gt;&lt;ThirdPartyTools&gt;&lt;/ThirdPartyTools&gt;&lt;MitigationControl&gt;&lt;/MitigationControl&gt;&lt;Responsibility&gt;System Administrator&lt;/Responsibility&gt;&lt;Responsibility&gt;Information Assurance Officer&lt;/Responsibility&gt;&lt;IAControls&gt;ECSC-1, ECWN-1&lt;/IAControls&gt;</description><reference><dc:title>DPMS Target WLAN Controller</dc:title><dc:publisher>DISA</dc:publisher><dc:type>DPMS Target</dc:type><dc:subject>WLAN Controller</dc:subject><dc:identifier>1538</dc:identifier></reference><fixtext fixref="F-34114r1_fix">Change the WLAN configuration so it supports EAP-TLS, implementing supporting PKI and AAA infrastructure as necessary. If the WLAN equipment is not capable of supporting EAP-TLS, procure new equipment capable of such support.</fixtext><fix id="F-34114r1_fix" /><check system="C-16042r3_chk"><check-content-ref name="M" href="DPMS_XCCDF_Benchmark_WLAN Controller.xml" /><check-content>NOTE: If the equipment is WPA2 certified, then it is capable of supporting this requirement.

Review the WLAN equipment configuration to check EAP-TLS is actively used and no other methods are enabled. 
Mark as a finding if either EAP-TLS is not used or if the WLAN system allows users to connect with other methods.

Note:  DoDI 8420.01 provides the capability for the DAA to grant limited exceptions to this requirement.</check-content></check></Rule></Group><Group id="V-3966"><title>More than one local account is defined.</title><description>&lt;GroupDescription&gt;&lt;/GroupDescription&gt;</description><Rule id="SV-3966r6_rule" severity="medium" weight="10.0"><version>NET0440</version><title>In the event the authentication server is unavailable, the network device must have a single local account of last resort defined.</title><description>&lt;VulnDiscussion&gt;Authentication for administrative access to the device is required at all times. A single account of last resort can be created on the device's local database for use in an emergency such as when the authentication server is down or connectivity between the device and the authentication server is not operable. The console or local account of last resort logon credentials must be stored in a sealed envelope and kept in a safe.&lt;/VulnDiscussion&gt;&lt;FalsePositives&gt;&lt;/FalsePositives&gt;&lt;FalseNegatives&gt;&lt;/FalseNegatives&gt;&lt;Documentable&gt;false&lt;/Documentable&gt;&lt;Mitigations&gt;&lt;/Mitigations&gt;&lt;SeverityOverrideGuidance&gt;&lt;/SeverityOverrideGuidance&gt;&lt;PotentialImpacts&gt;&lt;/PotentialImpacts&gt;&lt;ThirdPartyTools&gt;&lt;/ThirdPartyTools&gt;&lt;MitigationControl&gt;&lt;/MitigationControl&gt;&lt;Responsibility&gt;&lt;/Responsibility&gt;&lt;IAControls&gt;&lt;/IAControls&gt;</description><reference><dc:title>DPMS Target WLAN Controller</dc:title><dc:publisher>DISA</dc:publisher><dc:type>DPMS Target</dc:type><dc:subject>WLAN Controller</dc:subject><dc:identifier>1538</dc:identifier></reference><fixtext fixref="F-3899r9_fix">Configure the device to only allow one local account of last resort for emergency access and store the credentials in a secure manner.</fixtext><fix id="F-3899r9_fix" /><check system="C-3502r7_chk"><check-content-ref name="M" href="DPMS_XCCDF_Benchmark_WLAN Controller.xml" /><check-content>Review the network device configuration to determine if an authentication server is defined for gaining administrative access. If so, there must be only one account of last resort configured locally for an emergency.

Verify the username and password for the local account of last resort is contained within a sealed envelope kept in a safe.

If an authentication server is used and more than one local account exists, this is a finding.</check-content></check></Rule></Group><Group id="V-3967"><title>The console port does not timeout after 10 minutes.</title><description>&lt;GroupDescription&gt;&lt;/GroupDescription&gt;</description><Rule id="SV-3967r4_rule" severity="medium" weight="10.0"><version>NET1624</version><title>The network devices must time out access to the console port at 10 minutes or less of inactivity.</title><description>&lt;VulnDiscussion&gt;Terminating an idle session within a short time period reduces the window of opportunity for unauthorized personnel to take control of a management session enabled on the console or console port that has been left unattended. In addition quickly terminating an idle session will also free up resources committed by the managed network device. Setting the timeout of the session to 10 minutes or less increases the level of protection afforded critical network components.&lt;/VulnDiscussion&gt;&lt;FalsePositives&gt;&lt;/FalsePositives&gt;&lt;FalseNegatives&gt;&lt;/FalseNegatives&gt;&lt;Documentable&gt;false&lt;/Documentable&gt;&lt;Mitigations&gt;&lt;/Mitigations&gt;&lt;SeverityOverrideGuidance&gt;&lt;/SeverityOverrideGuidance&gt;&lt;PotentialImpacts&gt;&lt;/PotentialImpacts&gt;&lt;ThirdPartyTools&gt;&lt;/ThirdPartyTools&gt;&lt;MitigationControl&gt;&lt;/MitigationControl&gt;&lt;Responsibility&gt;Information Assurance Officer&lt;/Responsibility&gt;&lt;IAControls&gt;&lt;/IAControls&gt;</description><reference><dc:title>DPMS Target WLAN Controller</dc:title><dc:publisher>DISA</dc:publisher><dc:type>DPMS Target</dc:type><dc:subject>WLAN Controller</dc:subject><dc:identifier>1538</dc:identifier></reference><fixtext fixref="F-3900r4_fix">Configure the timeout for idle console connection to 10 minutes or less.</fixtext><fix id="F-3900r4_fix" /><check system="C-3511r5_chk"><check-content-ref name="M" href="DPMS_XCCDF_Benchmark_WLAN Controller.xml" /><check-content>Review the configuration and verify a session using the console port will time out after 10 minutes or less of inactivity.

If console access is not configured to timeout at 10 minutes or less, this is a finding.</check-content></check></Rule></Group><Group id="V-3969"><title>Network element must only allow SNMP read access.</title><description>&lt;GroupDescription&gt;&lt;/GroupDescription&gt;</description><Rule id="SV-3969r5_rule" severity="medium" weight="10.0"><version>NET0894</version><title>Network devices must only allow SNMP read-only access.</title><description>&lt;VulnDiscussion&gt;Enabling write access to the device via SNMP provides a mechanism that can be exploited by an attacker to set configuration variables that can disrupt network operations.&lt;/VulnDiscussion&gt;&lt;FalsePositives&gt;&lt;/FalsePositives&gt;&lt;FalseNegatives&gt;&lt;/FalseNegatives&gt;&lt;Documentable&gt;false&lt;/Documentable&gt;&lt;Mitigations&gt;&lt;/Mitigations&gt;&lt;SeverityOverrideGuidance&gt;&lt;/SeverityOverrideGuidance&gt;&lt;PotentialImpacts&gt;&lt;/PotentialImpacts&gt;&lt;ThirdPartyTools&gt;&lt;/ThirdPartyTools&gt;&lt;MitigationControl&gt;&lt;/MitigationControl&gt;&lt;Responsibility&gt;Information Assurance Officer&lt;/Responsibility&gt;&lt;IAControls&gt;&lt;/IAControls&gt;</description><reference><dc:title>DPMS Target WLAN Controller</dc:title><dc:publisher>DISA</dc:publisher><dc:type>DPMS Target</dc:type><dc:subject>WLAN Controller</dc:subject><dc:identifier>1538</dc:identifier></reference><fixtext fixref="F-3902r7_fix">Configure the network device to allow for read-only SNMP access when using SNMPv1, v2c, or basic v3 (no authentication or privacy). Write access may be used if authentication is configured when using SNMPv3.</fixtext><fix id="F-3902r7_fix" /><check system="C-3942r10_chk"><check-content-ref name="M" href="DPMS_XCCDF_Benchmark_WLAN Controller.xml" /><check-content>Review the network device configuration and verify SNMP community strings are read-only when using SNMPv1, v2c, or basic v3 (no authentication or privacy). Write access may be used if authentication is configured when using SNMPv3. 

If write-access is used for SNMP versions 1, 2c, or 3-noAuthNoPriv mode and there is no documented approval by the ISSO, this is a finding.</check-content></check></Rule></Group><Group id="V-4582"><title>Authentication required for console access.</title><description>&lt;GroupDescription&gt;&lt;/GroupDescription&gt;</description><Rule id="SV-4582r5_rule" severity="high" weight="10.0"><version>NET1623</version><title>The network device must require authentication for console access.</title><description>&lt;VulnDiscussion&gt;Network devices with no password for administrative access via the console provide the opportunity for anyone with physical access to the device to make configuration changes enabling them to disrupt network operations resulting in a network outage.&lt;/VulnDiscussion&gt;&lt;FalsePositives&gt;&lt;/FalsePositives&gt;&lt;FalseNegatives&gt;&lt;/FalseNegatives&gt;&lt;Documentable&gt;false&lt;/Documentable&gt;&lt;Mitigations&gt;&lt;/Mitigations&gt;&lt;SeverityOverrideGuidance&gt;&lt;/SeverityOverrideGuidance&gt;&lt;PotentialImpacts&gt;&lt;/PotentialImpacts&gt;&lt;ThirdPartyTools&gt;&lt;/ThirdPartyTools&gt;&lt;MitigationControl&gt;&lt;/MitigationControl&gt;&lt;Responsibility&gt;Information Assurance Officer&lt;/Responsibility&gt;&lt;IAControls&gt;&lt;/IAControls&gt;</description><reference><dc:title>DPMS Target WLAN Controller</dc:title><dc:publisher>DISA</dc:publisher><dc:type>DPMS Target</dc:type><dc:subject>WLAN Controller</dc:subject><dc:identifier>1538</dc:identifier></reference><fixtext fixref="F-4515r4_fix">Configure authentication for console access on the network device.</fixtext><fix id="F-4515r4_fix" /><check system="C-3510r6_chk"><check-content-ref name="M" href="DPMS_XCCDF_Benchmark_WLAN Controller.xml" /><check-content>Review the network device's configuration and verify authentication is required for console access.

If authentication is not configured for console access, this is a finding.</check-content></check></Rule></Group><Group id="V-5611"><title>Management connections are not restricted.</title><description>&lt;GroupDescription&gt;&lt;/GroupDescription&gt;</description><Rule id="SV-5611r5_rule" severity="medium" weight="10.0"><version>NET1637</version><title>The network devices must only allow management connections for administrative access from hosts residing in the management network.</title><description>&lt;VulnDiscussion&gt;Remote administration is inherently dangerous because anyone with a sniffer and access to the right LAN segment could acquire the device account and password information. With this intercepted information they could gain access to the infrastructure and cause denial of service attacks, intercept sensitive information, or perform other destructive actions.&lt;/VulnDiscussion&gt;&lt;FalsePositives&gt;&lt;/FalsePositives&gt;&lt;FalseNegatives&gt;&lt;/FalseNegatives&gt;&lt;Documentable&gt;false&lt;/Documentable&gt;&lt;Mitigations&gt;&lt;/Mitigations&gt;&lt;SeverityOverrideGuidance&gt;&lt;/SeverityOverrideGuidance&gt;&lt;PotentialImpacts&gt;&lt;/PotentialImpacts&gt;&lt;ThirdPartyTools&gt;&lt;/ThirdPartyTools&gt;&lt;MitigationControl&gt;&lt;/MitigationControl&gt;&lt;Responsibility&gt;&lt;/Responsibility&gt;&lt;IAControls&gt;&lt;/IAControls&gt;</description><reference><dc:title>DPMS Target WLAN Controller</dc:title><dc:publisher>DISA</dc:publisher><dc:type>DPMS Target</dc:type><dc:subject>WLAN Controller</dc:subject><dc:identifier>1538</dc:identifier></reference><fixtext fixref="F-5522r4_fix">Configure an ACL or filter to restrict management access to the device from only the management network.</fixtext><fix id="F-5522r4_fix" /><check system="C-3527r6_chk"><check-content-ref name="M" href="DPMS_XCCDF_Benchmark_WLAN Controller.xml" /><check-content>Review the configuration and verify management access to the device is allowed only from hosts within the management network.

If management access can be gained from outside of the authorized management network, this is a finding.</check-content></check></Rule></Group><Group id="V-5612"><title>SSH session timeout is not 60 seconds or less.</title><description>&lt;GroupDescription&gt;&lt;/GroupDescription&gt;</description><Rule id="SV-5612r4_rule" severity="medium" weight="10.0"><version>NET1645</version><title>The network devices must be configured to timeout after 60 seconds or less for incomplete or broken SSH sessions.</title><description>&lt;VulnDiscussion&gt;An attacker may attempt to connect to the device using SSH by guessing the authentication method, encryption algorithm, and keys. Limiting the amount of time allowed for authenticating and negotiating the SSH session reduces the window of opportunity for the malicious user attempting to make a connection to the network device.&lt;/VulnDiscussion&gt;&lt;FalsePositives&gt;&lt;/FalsePositives&gt;&lt;FalseNegatives&gt;&lt;/FalseNegatives&gt;&lt;Documentable&gt;false&lt;/Documentable&gt;&lt;Mitigations&gt;&lt;/Mitigations&gt;&lt;SeverityOverrideGuidance&gt;&lt;/SeverityOverrideGuidance&gt;&lt;PotentialImpacts&gt;&lt;/PotentialImpacts&gt;&lt;ThirdPartyTools&gt;&lt;/ThirdPartyTools&gt;&lt;MitigationControl&gt;&lt;/MitigationControl&gt;&lt;Responsibility&gt;Information Assurance Officer&lt;/Responsibility&gt;&lt;IAControls&gt;&lt;/IAControls&gt;</description><reference><dc:title>DPMS Target WLAN Controller</dc:title><dc:publisher>DISA</dc:publisher><dc:type>DPMS Target</dc:type><dc:subject>WLAN Controller</dc:subject><dc:identifier>1538</dc:identifier></reference><fixtext fixref="F-5523r5_fix">Configure the network devices so it will require a secure shell timeout of 60 seconds or less.</fixtext><fix id="F-5523r5_fix" /><check system="C-3534r6_chk"><check-content-ref name="M" href="DPMS_XCCDF_Benchmark_WLAN Controller.xml" /><check-content>Review the configuration and verify the timeout is set for 60 seconds or less. The SSH service terminates the connection if protocol negotiation (that includes user authentication) is not complete within this timeout period.

If the device is not configured to drop broken SSH sessions after 60 seconds, this is a finding.</check-content></check></Rule></Group><Group id="V-5613"><title>SSH login attempts value is greater than 3.</title><description>&lt;GroupDescription&gt;&lt;/GroupDescription&gt;</description><Rule id="SV-5613r4_rule" severity="medium" weight="10.0"><version>NET1646</version><title>The network device must be configured for a maximum number of unsuccessful SSH logon attempts set at 3 before resetting the interface.</title><description>&lt;VulnDiscussion&gt;An attacker may attempt to connect to the device using SSH by guessing the authentication method and authentication key or shared secret. Setting the authentication retry to 3 or less strengthens against a Brute Force attack.&lt;/VulnDiscussion&gt;&lt;FalsePositives&gt;&lt;/FalsePositives&gt;&lt;FalseNegatives&gt;&lt;/FalseNegatives&gt;&lt;Documentable&gt;false&lt;/Documentable&gt;&lt;Mitigations&gt;&lt;/Mitigations&gt;&lt;SeverityOverrideGuidance&gt;&lt;/SeverityOverrideGuidance&gt;&lt;PotentialImpacts&gt;&lt;/PotentialImpacts&gt;&lt;ThirdPartyTools&gt;&lt;/ThirdPartyTools&gt;&lt;MitigationControl&gt;&lt;/MitigationControl&gt;&lt;Responsibility&gt;Information Assurance Officer&lt;/Responsibility&gt;&lt;IAControls&gt;&lt;/IAControls&gt;</description><reference><dc:title>DPMS Target WLAN Controller</dc:title><dc:publisher>DISA</dc:publisher><dc:type>DPMS Target</dc:type><dc:subject>WLAN Controller</dc:subject><dc:identifier>1538</dc:identifier></reference><fixtext fixref="F-5524r9_fix">Configure the network device to require a maximum number of unsuccessful SSH logon attempts at 3.</fixtext><fix id="F-5524r9_fix" /><check system="C-3538r8_chk"><check-content-ref name="M" href="DPMS_XCCDF_Benchmark_WLAN Controller.xml" /><check-content>Review the configuration and verify the number of unsuccessful SSH logon attempts is set at 3.

If the device is not configured to reset unsuccessful SSH logon attempts at 3, this is a finding.</check-content></check></Rule></Group><Group id="V-7011"><title>The auxiliary port is not disabled.</title><description>&lt;GroupDescription&gt;&lt;/GroupDescription&gt;</description><Rule id="SV-7365r4_rule" severity="low" weight="10.0"><version>NET1629</version><title>The auxiliary port must be disabled unless it is connected to a secured modem providing encryption and authentication.</title><description>&lt;VulnDiscussion&gt;The use of POTS lines to modems connecting to network devices provides clear text of authentication traffic over commercial circuits that could be captured and used to compromise the network.  Additional war dial attacks on the device could degrade the device and the production network.

Secured modem devices must be able to authenticate users and must negotiate a key exchange before full encryption takes place.  The modem will provide full encryption capability (Triple DES) or stronger.  The technician who manages these devices will be authenticated using a key fob and granted access to the appropriate maintenance port, thus the technician will gain access to the managed device (router, switch, etc.).  The token provides a method of strong (two-factor) user authentication.  The token works in conjunction with a server to generate one-time user passwords that will change values at second intervals.  The user must know a personal identification number (PIN) and possess the token to be allowed access to the device.&lt;/VulnDiscussion&gt;&lt;FalsePositives&gt;&lt;/FalsePositives&gt;&lt;FalseNegatives&gt;&lt;/FalseNegatives&gt;&lt;Documentable&gt;false&lt;/Documentable&gt;&lt;Mitigations&gt;&lt;/Mitigations&gt;&lt;SeverityOverrideGuidance&gt;&lt;/SeverityOverrideGuidance&gt;&lt;PotentialImpacts&gt;&lt;/PotentialImpacts&gt;&lt;ThirdPartyTools&gt;&lt;/ThirdPartyTools&gt;&lt;MitigationControl&gt;&lt;/MitigationControl&gt;&lt;Responsibility&gt;Information Assurance Officer&lt;/Responsibility&gt;&lt;IAControls&gt;&lt;/IAControls&gt;</description><reference><dc:title>DPMS Target WLAN Controller</dc:title><dc:publisher>DISA</dc:publisher><dc:type>DPMS Target</dc:type><dc:subject>WLAN Controller</dc:subject><dc:identifier>1538</dc:identifier></reference><fixtext fixref="F-6614r3_fix">Disable the auxiliary port. If used for out-of-band administrative access, the port must be connected to a secured modem providing encryption and authentication.</fixtext><fix id="F-6614r3_fix" /><check system="C-3513r5_chk"><check-content-ref name="M" href="DPMS_XCCDF_Benchmark_WLAN Controller.xml" /><check-content>Review the configuration and verify the auxiliary port is disabled unless a secured modem providing encryption and authentication is connected.

If the auxiliary port is enabled without the use of a secured modem, this is a finding.</check-content></check></Rule></Group><Group id="V-14671"><title>NTP messages are not authenticated.</title><description>&lt;GroupDescription&gt;&lt;/GroupDescription&gt;</description><Rule id="SV-15327r6_rule" severity="medium" weight="10.0"><version>NET0813</version><title>Network devices must authenticate all NTP messages received from NTP servers and peers.</title><description>&lt;VulnDiscussion&gt;Since NTP is used to ensure accurate log file time stamp information, NTP could pose a security risk if a malicious user were able to falsify NTP information. To launch an attack on the NTP infrastructure, a hacker could inject time that would be accepted by NTP clients by spoofing the IP address of a valid NTP server. To mitigate this risk, the time messages must be authenticated by the client before accepting them as a time source. 

Two NTP-enabled devices can communicate in either client-server mode or peer-to-peer mode (aka "symmetric mode"). The peering mode is configured manually on the device and indicated in the outgoing NTP packets. The fundamental difference is the synchronization behavior: an NTP server can synchronize to a peer with better stratum, whereas it will never synchronize to its client regardless of the client's stratum. From a protocol perspective, NTP clients are no different from the NTP servers. The NTP client can synchronize to multiple NTP servers, select the best server and synchronize with it, or synchronize to the averaged value returned by the servers.

A hierarchical model can be used to improve scalability. With this implementation, an NTP client can also become an NTP server providing time to downstream clients at a higher stratum level and of decreasing accuracy than that of its upstream server. To increase availability, NTP peering can be used between NTP servers. In the event the device loses connectivity to its upstream NTP server, it will be able to choose time from one of its peers. 

The NTP authentication model is opposite of the typical client-server authentication model. NTP authentication enables an NTP client or peer to authenticate time received from their servers and peers. It is not used to authenticate NTP clients because NTP servers do not care about the authenticity of their clients, as they never accept any time from them.&lt;/VulnDiscussion&gt;&lt;FalsePositives&gt;&lt;/FalsePositives&gt;&lt;FalseNegatives&gt;&lt;/FalseNegatives&gt;&lt;Documentable&gt;false&lt;/Documentable&gt;&lt;Mitigations&gt;&lt;/Mitigations&gt;&lt;SeverityOverrideGuidance&gt;&lt;/SeverityOverrideGuidance&gt;&lt;PotentialImpacts&gt;&lt;/PotentialImpacts&gt;&lt;ThirdPartyTools&gt;&lt;/ThirdPartyTools&gt;&lt;MitigationControl&gt;&lt;/MitigationControl&gt;&lt;Responsibility&gt;&lt;/Responsibility&gt;&lt;IAControls&gt;&lt;/IAControls&gt;</description><reference><dc:title>DPMS Target WLAN Controller</dc:title><dc:publisher>DISA</dc:publisher><dc:type>DPMS Target</dc:type><dc:subject>WLAN Controller</dc:subject><dc:identifier>1538</dc:identifier></reference><fixtext fixref="F-14132r4_fix">Configure the device to authenticate all received NTP messages using a FIPS-approved message authentication code algorithm.</fixtext><fix id="F-14132r4_fix" /><check system="C-12793r9_chk"><check-content-ref name="M" href="DPMS_XCCDF_Benchmark_WLAN Controller.xml" /><check-content>Review the network element configuration and verify that it is authenticating NTP messages received from the NTP server or peer using a FIPS-approved message authentication code algorithm. FIPS-approved algorithms for authentication are the cipher-based message authentication code (CMAC) and the keyed-hash message authentication code (HMAC). AES and 3DES are NIST-approved CMAC algorithms. The following are NIST-approved HMAC algorithms: SHA-1, SHA-224, SHA-256, SHA-384, SHA-512, SHA-512/224, and SHA-512/256.

Downgrade:
If the network device is not capable of authenticating the NTP server or peer using a FIPS-approved message authentication code algorithm, then MD5 can be utilized for NTP message authentication and the finding can be downgraded to a CAT III.

If the network element is not configured to authenticate received NTP messages using a FIPS-approved message authentication code algorithm, this is a finding. A downgrade can be determined based on the criteria above.</check-content></check></Rule></Group><Group id="V-14717"><title>The network element must not allow SSH Version 1.</title><description>&lt;GroupDescription&gt;&lt;/GroupDescription&gt;</description><Rule id="SV-15459r4_rule" severity="medium" weight="10.0"><version>NET1647</version><title>The network device must not allow SSH Version 1 to be used for administrative access.</title><description>&lt;VulnDiscussion&gt;SSH Version 1 is a protocol that has never been defined in a standard. Since SSH-1 has inherent design flaws which make it vulnerable to attacks, e.g., man-in-the-middle attacks, it is now generally considered obsolete and should be avoided by explicitly disabling fallback to SSH-1.&lt;/VulnDiscussion&gt;&lt;FalsePositives&gt;&lt;/FalsePositives&gt;&lt;FalseNegatives&gt;&lt;/FalseNegatives&gt;&lt;Documentable&gt;false&lt;/Documentable&gt;&lt;Mitigations&gt;&lt;/Mitigations&gt;&lt;SeverityOverrideGuidance&gt;&lt;/SeverityOverrideGuidance&gt;&lt;PotentialImpacts&gt;&lt;/PotentialImpacts&gt;&lt;ThirdPartyTools&gt;&lt;/ThirdPartyTools&gt;&lt;MitigationControl&gt;&lt;/MitigationControl&gt;&lt;Responsibility&gt;Information Assurance Officer&lt;/Responsibility&gt;&lt;IAControls&gt;&lt;/IAControls&gt;</description><reference><dc:title>DPMS Target WLAN Controller</dc:title><dc:publisher>DISA</dc:publisher><dc:type>DPMS Target</dc:type><dc:subject>WLAN Controller</dc:subject><dc:identifier>1538</dc:identifier></reference><fixtext fixref="F-14184r5_fix">Configure the network device to use SSH version 2.</fixtext><fix id="F-14184r5_fix" /><check system="C-12924r8_chk"><check-content-ref name="M" href="DPMS_XCCDF_Benchmark_WLAN Controller.xml" /><check-content>Review the configuration and verify SSH Version 1 is not being used for administrative access.

If the device is using an SSHv1 session, this is a finding.</check-content></check></Rule></Group><Group id="V-14888"><title>WLAN session timeout set to 30 minutes or less</title><description>&lt;GroupDescription&gt;&lt;/GroupDescription&gt;</description><Rule id="SV-15656r1_rule" severity="medium" weight="10.0"><version>WIR0110</version><title>The WLAN inactive session timeout must be set for 30 minutes or less. </title><description>&lt;VulnDiscussion&gt;A WLAN session that never terminates due to inactivity may allow an opening for an adversary to highjack the session to obtain access to the network.  &lt;/VulnDiscussion&gt;&lt;FalsePositives&gt;&lt;/FalsePositives&gt;&lt;FalseNegatives&gt;&lt;/FalseNegatives&gt;&lt;Documentable&gt;false&lt;/Documentable&gt;&lt;Mitigations&gt;&lt;/Mitigations&gt;&lt;SeverityOverrideGuidance&gt;&lt;/SeverityOverrideGuidance&gt;&lt;PotentialImpacts&gt;&lt;/PotentialImpacts&gt;&lt;ThirdPartyTools&gt;&lt;/ThirdPartyTools&gt;&lt;MitigationControl&gt;&lt;/MitigationControl&gt;&lt;Responsibility&gt;System Administrator&lt;/Responsibility&gt;&lt;IAControls&gt;&lt;/IAControls&gt;</description><reference><dc:title>DPMS Target WLAN Controller</dc:title><dc:publisher>DISA</dc:publisher><dc:type>DPMS Target</dc:type><dc:subject>WLAN Controller</dc:subject><dc:identifier>1538</dc:identifier></reference><fixtext fixref="F-34136r1_fix">Set the WLAN inactive session timeout to 30 minutes or less.</fixtext><fix id="F-34136r1_fix" /><check system="C-13416r1_chk"><check-content-ref name="M" href="DPMS_XCCDF_Benchmark_WLAN Controller.xml" /><check-content>1. Review the relevant configuration screen of the WLAN controller or access point.   
2. Verify the session timeout setting is set for 30 minutes or less. 
4. Mark as a finding if any of the following are found.
- Session timeout is not set to 30 minutes or less for the entire WLAN.
- The WLAN does not have the capability to enable the session time-out feature.</check-content></check></Rule></Group><Group id="V-15432"><title>The device is not authenticated using a AAA server.</title><description>&lt;GroupDescription&gt;&lt;/GroupDescription&gt;</description><Rule id="SV-16259r4_rule" severity="medium" weight="10.0"><version>NET0433</version><title>Network devices must use two or more authentication servers for the purpose of granting administrative access.</title><description>&lt;VulnDiscussion&gt;The use of Authentication, Authorization, and Accounting (AAA) affords the best methods for controlling user access, authorization levels, and activity logging.  By enabling AAA on the routers in conjunction with an authentication server such as TACACS+ or RADIUS, the administrators can easily add or remove user accounts, add or remove command authorizations, and maintain a log of user activity.

The use of an authentication server provides the capability to assign router administrators to tiered groups that contain their privilege level that is used for authorization of specific commands.   For example, user mode would be authorized for all authenticated administrators while configuration or edit mode should only be granted to those administrators that are permitted to implement router configuration changes.&lt;/VulnDiscussion&gt;&lt;FalsePositives&gt;&lt;/FalsePositives&gt;&lt;FalseNegatives&gt;&lt;/FalseNegatives&gt;&lt;Documentable&gt;false&lt;/Documentable&gt;&lt;Mitigations&gt;&lt;/Mitigations&gt;&lt;SeverityOverrideGuidance&gt;&lt;/SeverityOverrideGuidance&gt;&lt;PotentialImpacts&gt;&lt;/PotentialImpacts&gt;&lt;ThirdPartyTools&gt;&lt;/ThirdPartyTools&gt;&lt;MitigationControl&gt;&lt;/MitigationControl&gt;&lt;Responsibility&gt;Information Assurance Officer&lt;/Responsibility&gt;&lt;IAControls&gt;&lt;/IAControls&gt;</description><reference><dc:title>DPMS Target WLAN Controller</dc:title><dc:publisher>DISA</dc:publisher><dc:type>DPMS Target</dc:type><dc:subject>WLAN Controller</dc:subject><dc:identifier>1538</dc:identifier></reference><fixtext fixref="F-15096r3_fix">Configure the device to use two separate authentication servers.</fixtext><fix id="F-15096r3_fix" /><check system="C-14439r6_chk"><check-content-ref name="M" href="DPMS_XCCDF_Benchmark_WLAN Controller.xml" /><check-content>Verify an authentication server is required to access the device and that there are two or more authentication servers defined.

If the device is not configured for two separate authentication servers, this is a finding.</check-content></check></Rule></Group><Group id="V-15434"><title>Emergency administration account privilege level is not set.</title><description>&lt;GroupDescription&gt;&lt;/GroupDescription&gt;</description><Rule id="SV-16261r5_rule" severity="high" weight="10.0"><version>NET0441</version><title>The emergency administration account must be set to an appropriate authorization level to perform necessary administrative functions when the authentication server is not online.</title><description>&lt;VulnDiscussion&gt;The emergency administration account is to be configured as a local account on the network devices. It is to be used only when the authentication server is offline or not reachable via the network. The emergency account must be set to an appropriate authorization level to perform necessary administrative functions during this time.&lt;/VulnDiscussion&gt;&lt;FalsePositives&gt;&lt;/FalsePositives&gt;&lt;FalseNegatives&gt;&lt;/FalseNegatives&gt;&lt;Documentable&gt;false&lt;/Documentable&gt;&lt;Mitigations&gt;&lt;/Mitigations&gt;&lt;SeverityOverrideGuidance&gt;&lt;/SeverityOverrideGuidance&gt;&lt;PotentialImpacts&gt;&lt;/PotentialImpacts&gt;&lt;ThirdPartyTools&gt;&lt;/ThirdPartyTools&gt;&lt;MitigationControl&gt;&lt;/MitigationControl&gt;&lt;Responsibility&gt;Information Assurance Officer&lt;/Responsibility&gt;&lt;IAControls&gt;&lt;/IAControls&gt;</description><reference><dc:title>DPMS Target WLAN Controller</dc:title><dc:publisher>DISA</dc:publisher><dc:type>DPMS Target</dc:type><dc:subject>WLAN Controller</dc:subject><dc:identifier>1538</dc:identifier></reference><fixtext fixref="F-15098r7_fix">Assign a privilege level to the emergency administration account to allow the administrator to perform necessary administrative functions when the authentication server is not online.</fixtext><fix id="F-15098r7_fix" /><check system="C-14441r6_chk"><check-content-ref name="M" href="DPMS_XCCDF_Benchmark_WLAN Controller.xml" /><check-content>Review the emergency administration account configured on the network devices and verify that it has been assigned to a privilege level that will enable the administrator to perform necessary administrative functions when the authentication server is not online.

If the emergency administration account is configured for more access than needed to troubleshoot issues, this is a finding.</check-content></check></Rule></Group><Group id="V-17821"><title>The OOBM interface not configured correctly.</title><description>&lt;GroupDescription&gt;&lt;/GroupDescription&gt;</description><Rule id="SV-19075r4_rule" severity="medium" weight="10.0"><version>NET0991</version><title>The network devices OOBM interface must be configured with an OOBM network address.</title><description>&lt;VulnDiscussion&gt;The OOBM access switch will connect to the management interface of the managed network device. The management interface of the managed network device will be directly connected to the OOBM network. An OOBM interface does not forward transit traffic; thereby, providing complete separation of production and management traffic. Since all management traffic is immediately forwarded into the management network, it is not exposed to possible tampering. The separation also ensures that congestion or failures in the managed network do not affect the management of the device. If the OOBM interface does not have an IP address from the managed network address space, it will not have reachability from the NOC using scalable and normal control plane and forwarding mechanisms.&lt;/VulnDiscussion&gt;&lt;FalsePositives&gt;&lt;/FalsePositives&gt;&lt;FalseNegatives&gt;&lt;/FalseNegatives&gt;&lt;Documentable&gt;false&lt;/Documentable&gt;&lt;Mitigations&gt;&lt;/Mitigations&gt;&lt;SeverityOverrideGuidance&gt;&lt;/SeverityOverrideGuidance&gt;&lt;PotentialImpacts&gt;&lt;/PotentialImpacts&gt;&lt;ThirdPartyTools&gt;&lt;/ThirdPartyTools&gt;&lt;MitigationControl&gt;&lt;/MitigationControl&gt;&lt;Responsibility&gt;System Administrator&lt;/Responsibility&gt;&lt;Responsibility&gt;Information Assurance Officer&lt;/Responsibility&gt;&lt;IAControls&gt;&lt;/IAControls&gt;</description><reference><dc:title>DPMS Target WLAN Controller</dc:title><dc:publisher>DISA</dc:publisher><dc:type>DPMS Target</dc:type><dc:subject>WLAN Controller</dc:subject><dc:identifier>1538</dc:identifier></reference><fixtext fixref="F-17736r2_fix">Configure the OOB management interface with an IP address from the address space belonging to the OOBM network.</fixtext><fix id="F-17736r2_fix" /><check system="C-19238r5_chk"><check-content-ref name="M" href="DPMS_XCCDF_Benchmark_WLAN Controller.xml" /><check-content>Review the device configuration to determine if the OOB management interface is assigned an appropriate IP address from the authorized OOB management network.

If an IP address assigned to the interface is not from an authorized OOB management network, this is a finding.</check-content></check></Rule></Group><Group id="V-17822"><title>The management interface does not have an ACL.</title><description>&lt;GroupDescription&gt;&lt;/GroupDescription&gt;</description><Rule id="SV-19076r4_rule" severity="medium" weight="10.0"><version>NET0992</version><title>The network devices management interface must be configured with both an ingress and egress ACL.</title><description>&lt;VulnDiscussion&gt;The OOBM access switch will connect to the management interface of the managed network device. The management interface can be a true OOBM interface or a standard interface functioning as the management interface. In either case, the management interface of the managed network device will be directly connected to the OOBM network.

An OOBM interface does not forward transit traffic; thereby, providing complete separation of production and management traffic. Since all management traffic is immediately forwarded into the management network, it is not exposed to possible tampering. The separation also ensures that congestion or failures in the managed network do not affect the management of the device. If the device does not have an OOBM port, the interface functioning as the management interface must be configured so that management traffic does not leak into the managed network and that production traffic does not leak into the management network.&lt;/VulnDiscussion&gt;&lt;FalsePositives&gt;&lt;/FalsePositives&gt;&lt;FalseNegatives&gt;&lt;/FalseNegatives&gt;&lt;Documentable&gt;false&lt;/Documentable&gt;&lt;Mitigations&gt;&lt;/Mitigations&gt;&lt;SeverityOverrideGuidance&gt;&lt;/SeverityOverrideGuidance&gt;&lt;PotentialImpacts&gt;&lt;/PotentialImpacts&gt;&lt;ThirdPartyTools&gt;&lt;/ThirdPartyTools&gt;&lt;MitigationControl&gt;&lt;/MitigationControl&gt;&lt;Responsibility&gt;System Administrator&lt;/Responsibility&gt;&lt;Responsibility&gt;Information Assurance Officer&lt;/Responsibility&gt;&lt;IAControls&gt;&lt;/IAControls&gt;</description><reference><dc:title>DPMS Target WLAN Controller</dc:title><dc:publisher>DISA</dc:publisher><dc:type>DPMS Target</dc:type><dc:subject>WLAN Controller</dc:subject><dc:identifier>1538</dc:identifier></reference><fixtext fixref="F-17737r2_fix">If the management interface is a routed interface, it must be configured with both an ingress and egress ACL. The ingress ACL should block any transit traffic, while the egress ACL should block any traffic that was not originated by the managed network device.</fixtext><fix id="F-17737r2_fix" /><check system="C-19239r5_chk"><check-content-ref name="M" href="DPMS_XCCDF_Benchmark_WLAN Controller.xml" /><check-content>Step 1: Verify the managed interface has an inbound and outbound ACL or filter.

Step 2: Verify the ingress ACL blocks all transit traffic--that is, any traffic not destined to the router itself. In addition, traffic accessing the managed elements should be originated at the NOC.

Step 3: Verify the egress ACL blocks any traffic not originated by the managed element.

If management interface does not have an ingress and egress filter configured and applied, this is a finding.</check-content></check></Rule></Group><Group id="V-23747"><title>Two NTP servers are not used to synchronize time.</title><description>&lt;GroupDescription&gt;&lt;/GroupDescription&gt;</description><Rule id="SV-28651r4_rule" severity="low" weight="10.0"><version>NET0812</version><title>Network devices must use at least two NTP servers to synchronize time.</title><description>&lt;VulnDiscussion&gt;Without synchronized time, accurately correlating information between devices becomes difficult, if not impossible. If logs cannot be successfully compared between each of the routers, switches, and firewalls, it will be very difficult to determine the exact events that resulted in a network breach incident. NTP provides an efficient and scalable method for network devices to synchronize to an accurate time source.&lt;/VulnDiscussion&gt;&lt;FalsePositives&gt;&lt;/FalsePositives&gt;&lt;FalseNegatives&gt;&lt;/FalseNegatives&gt;&lt;Documentable&gt;false&lt;/Documentable&gt;&lt;Mitigations&gt;&lt;/Mitigations&gt;&lt;SeverityOverrideGuidance&gt;&lt;/SeverityOverrideGuidance&gt;&lt;PotentialImpacts&gt;&lt;/PotentialImpacts&gt;&lt;ThirdPartyTools&gt;&lt;/ThirdPartyTools&gt;&lt;MitigationControl&gt;&lt;/MitigationControl&gt;&lt;Responsibility&gt;System Administrator&lt;/Responsibility&gt;&lt;Responsibility&gt;Information Assurance Officer&lt;/Responsibility&gt;&lt;IAControls&gt;&lt;/IAControls&gt;</description><reference><dc:title>DPMS Target WLAN Controller</dc:title><dc:publisher>DISA</dc:publisher><dc:type>DPMS Target</dc:type><dc:subject>WLAN Controller</dc:subject><dc:identifier>1538</dc:identifier></reference><fixtext fixref="F-3044r2_fix">Configure the device to use two separate NTP servers.</fixtext><fix id="F-3044r2_fix" /><check system="C-3581r5_chk"><check-content-ref name="M" href="DPMS_XCCDF_Benchmark_WLAN Controller.xml" /><check-content>Review the configuration and verify two NTP servers have been defined.

If the device is not configured to use two separate NTP servers, this is a finding.</check-content></check></Rule></Group><Group id="V-28784"><title>Call home service is disabled.</title><description>&lt;GroupDescription&gt;&lt;/GroupDescription&gt;</description><Rule id="SV-36774r4_rule" severity="medium" weight="10.0"><version>NET0405</version><title>A service or feature that calls home to the vendor must be disabled.</title><description>&lt;VulnDiscussion&gt;Call home services or features will routinely send data such as configuration and diagnostic information to the vendor for routine or emergency analysis and troubleshooting.  The risk that transmission of sensitive data sent to unauthorized persons could result in data loss or downtime due to an attack.&lt;/VulnDiscussion&gt;&lt;FalsePositives&gt;&lt;/FalsePositives&gt;&lt;FalseNegatives&gt;&lt;/FalseNegatives&gt;&lt;Documentable&gt;false&lt;/Documentable&gt;&lt;Mitigations&gt;&lt;/Mitigations&gt;&lt;SeverityOverrideGuidance&gt;&lt;/SeverityOverrideGuidance&gt;&lt;PotentialImpacts&gt;&lt;/PotentialImpacts&gt;&lt;ThirdPartyTools&gt;&lt;/ThirdPartyTools&gt;&lt;MitigationControl&gt;&lt;/MitigationControl&gt;&lt;Responsibility&gt;Information Assurance Officer&lt;/Responsibility&gt;&lt;Responsibility&gt;Network Security Officer&lt;/Responsibility&gt;&lt;IAControls&gt;&lt;/IAControls&gt;</description><reference><dc:title>DPMS Target WLAN Controller</dc:title><dc:publisher>DISA</dc:publisher><dc:type>DPMS Target</dc:type><dc:subject>WLAN Controller</dc:subject><dc:identifier>1538</dc:identifier></reference><fixtext fixref="F-31103r1_fix">Configure the network device to disable the call home service or feature.</fixtext><fix id="F-31103r1_fix" /><check system="C-35853r3_chk"><check-content-ref name="M" href="DPMS_XCCDF_Benchmark_WLAN Controller.xml" /><check-content>Review the device configuration to determine if the call home service or feature is disabled on the device. If the call home service is enabled on the device, this is a finding.</check-content></check></Rule></Group><Group id="V-30257"><title>WLAN DoD authentication</title><description>&lt;GroupDescription&gt;&lt;/GroupDescription&gt;</description><Rule id="SV-39895r3_rule" severity="medium" weight="10.0"><version>WIR0116</version><title>WLAN EAP-TLS implementation must use certificate-based PKI authentication to connect to DoD networks.</title><description>&lt;VulnDiscussion&gt;DoD certificate-based PKI authentication is strong, two-factor authentication that relies on carefully evaluated cryptographic modules. Implementations of EAP-TLS that are not integrated with certificate-based PKI could have security vulnerabilities. For example, an implementation that uses a client certificate on laptop without a second factor could enable an adversary with access to the laptop to connect to the WLAN without a PIN or password. Systems that do not use the certificate-based PKI are also much more likely to be vulnerable to weaknesses in the underlying public key infrastructure (PKI) that supports EAP-TLS.&lt;/VulnDiscussion&gt;&lt;FalsePositives&gt;&lt;/FalsePositives&gt;&lt;FalseNegatives&gt;&lt;/FalseNegatives&gt;&lt;Documentable&gt;false&lt;/Documentable&gt;&lt;Mitigations&gt;&lt;/Mitigations&gt;&lt;SeverityOverrideGuidance&gt;&lt;/SeverityOverrideGuidance&gt;&lt;PotentialImpacts&gt;&lt;/PotentialImpacts&gt;&lt;ThirdPartyTools&gt;&lt;/ThirdPartyTools&gt;&lt;MitigationControl&gt;&lt;/MitigationControl&gt;&lt;Responsibility&gt;System Administrator&lt;/Responsibility&gt;&lt;IAControls&gt;&lt;/IAControls&gt;</description><reference><dc:title>DPMS Target WLAN Controller</dc:title><dc:publisher>DISA</dc:publisher><dc:type>DPMS Target</dc:type><dc:subject>WLAN Controller</dc:subject><dc:identifier>1538</dc:identifier></reference><fixtext fixref="F-34052r2_fix">Integrate certificate-based PKI authentication into the WLAN authentication process. </fixtext><fix id="F-34052r2_fix" /><check system="C-38915r4_chk"><check-content-ref name="M" href="DPMS_XCCDF_Benchmark_WLAN Controller.xml" /><check-content>Detailed Policy Requirements:

Certificate-based PKI authentication must be used to connect WLAN client devices to DoD networks. The certificate-based PKI authentication should directly support the WLAN EAP-TLS implementation. 
At least one layer of user authentication must enforce network authentication requirements (e.g., CAC authentication) before the user is able to access DoD information resources.

Check Procedures:

Interview the site ISSO and SA. Determine if the site’s network is configured to require certificate-based PKI authentication before a WLAN user is connected to the network. If certificate-based PKI authentication is not required prior to a DoD WLAN user accessing the DoD network, this is a finding.
Note: This check does not apply to medical devices. Medical devices are permitted to connect to the WLAN using pre-shared keys.</check-content></check></Rule></Group></Benchmark>