<?xml version="1.0" encoding="utf-8"?><?xml-stylesheet type='text/xsl' href='STIG_unclass.xsl'?><Benchmark xmlns:dsig="http://www.w3.org/2000/09/xmldsig#" xmlns:xhtml="http://www.w3.org/1999/xhtml" xmlns:xsi="http://www.w3.org/2001/XMLSchema-instance" xmlns:cpe="http://cpe.mitre.org/language/2.0" xmlns:dc="http://purl.org/dc/elements/1.1/" id="zOS_Catalog_Solutions_for_ACF2_STIG" xml:lang="en" xsi:schemaLocation="http://checklists.nist.gov/xccdf/1.1 http://nvd.nist.gov/schema/xccdf-1.1.4.xsd http://cpe.mitre.org/dictionary/2.0 http://cpe.mitre.org/files/cpe-dictionary_2.1.xsd" xmlns="http://checklists.nist.gov/xccdf/1.1"><status date="2015-01-15">accepted</status><title>z/OS Catalog Solutions for ACF2 STIG</title><notice id="terms-of-use" xml:lang="en"></notice><reference href="http://iase.disa.mil"><dc:publisher>DISA, Field Security Operations</dc:publisher><dc:source>STIG.DOD.MIL</dc:source></reference><plain-text id="release-info">Release: 4 Benchmark Date: 20 Jan 2015</plain-text><version>6</version><Profile id="MAC-1_Classified"><title>I - Mission Critical Classified</title><description>&lt;ProfileDescription&gt;&lt;/ProfileDescription&gt;</description><select idref="V-16932" selected="true" /><select idref="V-17947" selected="true" /></Profile><Profile id="MAC-1_Public"><title>I - Mission Critical Public</title><description>&lt;ProfileDescription&gt;&lt;/ProfileDescription&gt;</description><select idref="V-16932" selected="true" /><select idref="V-17947" selected="true" /></Profile><Profile id="MAC-1_Sensitive"><title>I - Mission Critical Sensitive</title><description>&lt;ProfileDescription&gt;&lt;/ProfileDescription&gt;</description><select idref="V-16932" selected="true" /><select idref="V-17947" selected="true" /></Profile><Profile id="MAC-2_Classified"><title>II - Mission Support Classified</title><description>&lt;ProfileDescription&gt;&lt;/ProfileDescription&gt;</description><select idref="V-16932" selected="true" /><select idref="V-17947" selected="true" /></Profile><Profile id="MAC-2_Public"><title>II - Mission Support Public</title><description>&lt;ProfileDescription&gt;&lt;/ProfileDescription&gt;</description><select idref="V-16932" selected="true" /><select idref="V-17947" selected="true" /></Profile><Profile id="MAC-2_Sensitive"><title>II - Mission Support Sensitive</title><description>&lt;ProfileDescription&gt;&lt;/ProfileDescription&gt;</description><select idref="V-16932" selected="true" /><select idref="V-17947" selected="true" /></Profile><Profile id="MAC-3_Classified"><title>III - Administrative Classified</title><description>&lt;ProfileDescription&gt;&lt;/ProfileDescription&gt;</description><select idref="V-16932" selected="true" /><select idref="V-17947" selected="true" /></Profile><Profile id="MAC-3_Public"><title>III - Administrative Public</title><description>&lt;ProfileDescription&gt;&lt;/ProfileDescription&gt;</description><select idref="V-16932" selected="true" /><select idref="V-17947" selected="true" /></Profile><Profile id="MAC-3_Sensitive"><title>III - Administrative Sensitive</title><description>&lt;ProfileDescription&gt;&lt;/ProfileDescription&gt;</description><select idref="V-16932" selected="true" /><select idref="V-17947" selected="true" /></Profile><Group id="V-16932"><title>ZB000000</title><description>&lt;GroupDescription&gt;&lt;/GroupDescription&gt;</description><Rule id="SV-19580r1_rule" severity="medium" weight="10.0"><version>ZCSLA000</version><title>Catalog Solution Install data sets are not properly protected.</title><description>&lt;VulnDiscussion&gt;Catalog Solutions is a very powerful tool that can pose risks if not properly controlled. If security is not properly implemented, the users of the product could present data integrity exposures, bypass security for catalog datasets, other VSAM files and alias’s.

Catalog Solutions Install data sets provide the capability to use privileged functions and/or have access to sensitive data. Failure to properly restrict access to their data sets could result in violating the integrity of the base product which could result in compromising the operating system or sensitive data.&lt;/VulnDiscussion&gt;&lt;FalsePositives&gt;&lt;/FalsePositives&gt;&lt;FalseNegatives&gt;&lt;/FalseNegatives&gt;&lt;Documentable&gt;false&lt;/Documentable&gt;&lt;Mitigations&gt;&lt;/Mitigations&gt;&lt;SeverityOverrideGuidance&gt;&lt;/SeverityOverrideGuidance&gt;&lt;PotentialImpacts&gt;&lt;/PotentialImpacts&gt;&lt;ThirdPartyTools&gt;&lt;/ThirdPartyTools&gt;&lt;MitigationControl&gt;&lt;/MitigationControl&gt;&lt;Responsibility&gt;Information Assurance Officer&lt;/Responsibility&gt;&lt;Responsibility&gt;Systems Programmer&lt;/Responsibility&gt;&lt;IAControls&gt;DCSL-1, ECAR-1, ECAR-2, ECCD-1, ECCD-2&lt;/IAControls&gt;</description><reference><dc:title>DPMS Target Catalog Solutions</dc:title><dc:publisher>DISA FSO</dc:publisher><dc:type>DPMS Target</dc:type><dc:subject>Catalog Solutions</dc:subject><dc:identifier>1505</dc:identifier></reference><ident system="http://iase.disa.mil/cci">CCI-000213</ident><ident system="http://iase.disa.mil/cci">CCI-002234</ident><fixtext fixref="F-19027r1_fix">The IAO will ensure that update and allocate access to program product data sets is limited to system programmers only, unless a letter justifying access is filed with the IAO, and all update and allocate access is logged.

The installing systems programmer will identify and document the product data sets and categorize them according to who will have update and alter access and if required that all update and allocate access is logged. He will identify if any additional groups have update access for specific data sets, and once documented he will work with the IAO to see that they are properly restricted to the ACP (Access Control Program ) active on the system.

The following commands are provided as a sample for implementing dataset controls:

SET RULE

$KEY(S2C)    
$PREFIX(SYS2)
CSL.- UID(syspaudt) R(A) W(L) A(L) E(A) DATA(DEFAULT SYSPROG)

$KEY(S3C)
$PREFIX(SYS3)
CSL.- UID(syspaudt) R(A) W(L) A(L) E(A) DATA(DEFAULT SYSPROG)

Catalog Solution allows you to monitor your catalog environment to help identify and correct structural catalog problems before they create system outages. Catalog Solution is a valuable tool in planning for or implementing System Managed Storage, as well as ensuring daily system availability.  Catalog Solution is a comprehensive facility for the management, maintenance, repair, and recovery of the MVS catalog environment that complements the IDC Access Method Services (IDCAMS) utility.

Catalog Solution helps you in the five key areas:  Maintenance, Diagnostics, Reporting, Backup and Recovery, and SMF management.

Catalog Solution is a very powerful tool that can pose risks if not properly controlled. If security is not properly implemented, the users of the product could present data integrity exposures, bypass security for catalog datasets, other VSAM files and alias’s.  As an authorized program, Catalog Solution bypasses many of the normal system security facilities — catalog and dataset passwords in particular. Improper use of Catalog Solution can result in non-synchronized catalog, dataset, or VVDS record groups.  Therefore, certain commands should not be made available to the user community.  As delivered, Catalog Solution bypasses dataset security checking for VSAM datasets and BCS processing.  Clearly there are risks associated and valid requirements exist to ensure full external security controls are properly implemented for the Catalog Solution product.

Properly securing the use of various commands and features is crucial.  All Catalog Solution functions should be reviewed for potential security exposures and to prevent unauthorized use.  Some Catalog Solution functions allow for bypassing of security controls, and as such shall be restricted to system programmers who perform in the specific role of Storage management.
</fixtext><fix id="F-19027r1_fix" /><check system="C-28751r1_chk"><check-content-ref name="M" href="DPMS_XCCDF_Benchmark_zOS Catalog Solutions for ACF2 STIG.xml" /><check-content>a)	Refer to the following report produced by the Data Set and Resource Data Collection:

-	SENSITVE.RPT(CSLPROD)

Automated Analysis
Refer to the following report produced by the Data Set and Resource Data Collection:

-	PDI(ZCSL0000)

b)	Verify that access to the Catalog Solutions Install data sets are properly restricted.

___	The ACF2 data set rules for the data sets does not restrict UPDATE and/or ALTER access to only systems programming personnel.

___	The ACF2 data set rules for the data sets does not specify that all (i.e., failures and successes) UPDATE and/or ALTER access will be logged.

c)	If all of the above are untrue, there is NO FINDING.

d)	If any of the above is true, this is a FINDING.</check-content></check></Rule></Group><Group id="V-17947"><title>ZB000020</title><description>&lt;GroupDescription&gt;&lt;/GroupDescription&gt;</description><Rule id="SV-19621r2_rule" severity="medium" weight="10.0"><version>ZCSLA020</version><title>Catalog Solutions resources must be properly defined and protected.</title><description>&lt;VulnDiscussion&gt;Catalog Solutions can run with sensitive system privileges, and potentially can circumvent system controls.  Failure to properly control access to product resources could result in the compromise of the operating system environment, and compromise the confidentiality of customer data.  Many utilities assign resource controls that can be granted to system programmers only in greater than read authority.  Resources are also granted to certain non-systems personnel with read only authority.&lt;/VulnDiscussion&gt;&lt;FalsePositives&gt;&lt;/FalsePositives&gt;&lt;FalseNegatives&gt;&lt;/FalseNegatives&gt;&lt;Documentable&gt;false&lt;/Documentable&gt;&lt;Mitigations&gt;&lt;/Mitigations&gt;&lt;SeverityOverrideGuidance&gt;&lt;/SeverityOverrideGuidance&gt;&lt;PotentialImpacts&gt;&lt;/PotentialImpacts&gt;&lt;ThirdPartyTools&gt;&lt;/ThirdPartyTools&gt;&lt;MitigationControl&gt;&lt;/MitigationControl&gt;&lt;Responsibility&gt;Information Assurance Officer&lt;/Responsibility&gt;&lt;Responsibility&gt;Systems Programmer&lt;/Responsibility&gt;&lt;IAControls&gt;ECCD-1, ECCD-2&lt;/IAControls&gt;</description><reference><dc:title>DPMS Target Catalog Solutions</dc:title><dc:publisher>DISA FSO</dc:publisher><dc:type>DPMS Target</dc:type><dc:subject>Catalog Solutions</dc:subject><dc:identifier>1505</dc:identifier></reference><ident system="http://iase.disa.mil/cci">CCI-000035</ident><ident system="http://iase.disa.mil/cci">CCI-002234</ident><fixtext fixref="F-19028r6_fix">The IAO will work with the systems programmer to verify that the following are properly specified in the ACP.

(Note:  The resource type, resources, and/or resource prefixes identified below are examples of a possible installation.  The actual resource type, resources, and/or resource prefixes are determined when the product is actually installed on a system through the product’s installation guide and can be site specific.)

Ensure that all Catalog Solutions resources and/or generic equivalent are properly protected according to the requirements specified in Catalog Solutions Resources table in the z/OS STIG Addendum.

Use Catalog Solutions Resources table in the z/OS STIG Addendum.  This table lists the resources, access requirements, and logging requirements for Catalogued Solutions.  Ensure the following guidelines are followed:

The ACF2 resources are defined with a default access of PREVENT.

The ACF2 resource access authorizations restrict access to the appropriate personnel.

The ACF2 resource logging is correctly specified.

The following commands are provided as a sample for implementing resource controls:

$KEY(hlq1) TYPE(FAC)
hlq2.GLOBAL.DATASET UID(dasdaudt) LOG
hlq2.GLOBAL.DATASET UID(dasbaudt) LOG
hlq2.GLOBAL.DATASET UID(syspaudt) LOG
hlq2.GLOBAL.DATASET UID(*) PREVENT
- UID(*) PREVENT</fixtext><fix id="F-19028r6_fix" /><check system="C-20740r4_chk"><check-content-ref name="M" href="DPMS_XCCDF_Benchmark_zOS Catalog Solutions for ACF2 STIG.xml" /><check-content>Refer to the following report produced by the ACF2 Data Collection and Data Set and Resource Data Collection:

-	SENSITVE.RPT(ZCSL0020)
-	ACF2CMDS.RPT(RESOURCE) – Alternate report

Automated Analysis
Refer to the following report produced by the Data Set and Resource Data Collection:

-	PDI(ZCSL0020)

Ensure that all Catalog Solutions resources and/or generic equivalents are properly protected according to the requirements specified in Catalog Solutions Resources table in the z/OS STIG Addendum.  If the following guidance is true, this is not a finding.

___	The ACF2 resources are defined with a default access of PREVENT.

___	The ACF2 resource access authorizations restrict access to the appropriate personnel.

___	The ACF2 resource logging is correctly specified.</check-content></check></Rule></Group></Benchmark>