<?xml version="1.0" encoding="utf-8"?><?xml-stylesheet type='text/xsl' href='STIG_unclass.xsl'?><Benchmark xmlns:dsig="http://www.w3.org/2000/09/xmldsig#" xmlns:xsi="http://www.w3.org/2001/XMLSchema-instance" xmlns:cpe="http://cpe.mitre.org/language/2.0" xmlns:xhtml="http://www.w3.org/1999/xhtml" xmlns:dc="http://purl.org/dc/elements/1.1/" id="zOS_IBM_CICS_Transaction_Server_for_TSS" xml:lang="en" xsi:schemaLocation="http://checklists.nist.gov/xccdf/1.1 http://nvd.nist.gov/schema/xccdf-1.1.4.xsd http://cpe.mitre.org/dictionary/2.0 http://cpe.mitre.org/files/cpe-dictionary_2.1.xsd" xmlns="http://checklists.nist.gov/xccdf/1.1"><status date="2018-01-05">accepted</status><title>z/OS IBM CICS Transaction Server for TSS STIG</title><notice id="terms-of-use" xml:lang="en"></notice><reference href="http://iase.disa.mil"><dc:publisher>DISA</dc:publisher><dc:source>STIG.DOD.MIL</dc:source></reference><plain-text id="release-info">Release: 4 Benchmark Date: 26 Jan 2018</plain-text><version>6</version><Profile id="MAC-1_Classified"><title>I - Mission Critical Classified</title><description>&lt;ProfileDescription&gt;&lt;/ProfileDescription&gt;</description><select idref="V-17982" selected="true" /></Profile><Profile id="MAC-1_Public"><title>I - Mission Critical Public</title><description>&lt;ProfileDescription&gt;&lt;/ProfileDescription&gt;</description><select idref="V-17982" selected="true" /></Profile><Profile id="MAC-1_Sensitive"><title>I - Mission Critical Sensitive</title><description>&lt;ProfileDescription&gt;&lt;/ProfileDescription&gt;</description><select idref="V-17982" selected="true" /></Profile><Profile id="MAC-2_Classified"><title>II - Mission Support Classified</title><description>&lt;ProfileDescription&gt;&lt;/ProfileDescription&gt;</description><select idref="V-17982" selected="true" /></Profile><Profile id="MAC-2_Public"><title>II - Mission Support Public</title><description>&lt;ProfileDescription&gt;&lt;/ProfileDescription&gt;</description><select idref="V-17982" selected="true" /></Profile><Profile id="MAC-2_Sensitive"><title>II - Mission Support Sensitive</title><description>&lt;ProfileDescription&gt;&lt;/ProfileDescription&gt;</description><select idref="V-17982" selected="true" /></Profile><Profile id="MAC-3_Classified"><title>III - Administrative Classified</title><description>&lt;ProfileDescription&gt;&lt;/ProfileDescription&gt;</description><select idref="V-17982" selected="true" /></Profile><Profile id="MAC-3_Public"><title>III - Administrative Public</title><description>&lt;ProfileDescription&gt;&lt;/ProfileDescription&gt;</description><select idref="V-17982" selected="true" /></Profile><Profile id="MAC-3_Sensitive"><title>III - Administrative Sensitive</title><description>&lt;ProfileDescription&gt;&lt;/ProfileDescription&gt;</description><select idref="V-17982" selected="true" /></Profile><Group id="V-17982"><title>ZB000021</title><description>&lt;GroupDescription&gt;&lt;/GroupDescription&gt;</description><Rule id="SV-43227r3_rule" severity="medium" weight="10.0"><version>ZCICT021</version><title>IBM CICS Transaction Server SPI command resources must be properly defined and protected.</title><description>&lt;VulnDiscussion&gt;IBM CICS Transaction Server can run with sensitive system privileges, and potentially can circumvent system controls.  Failure to properly control access to product resources could result in the compromise of the operating system environment, and compromise the confidentiality of customer data.  Many utilities assign resource controls that can be granted to system programmers only in greater than read authority.  Resources are also granted to certain non systems personnel with read only authority.&lt;/VulnDiscussion&gt;&lt;FalsePositives&gt;&lt;/FalsePositives&gt;&lt;FalseNegatives&gt;&lt;/FalseNegatives&gt;&lt;Documentable&gt;false&lt;/Documentable&gt;&lt;Mitigations&gt;&lt;/Mitigations&gt;&lt;SeverityOverrideGuidance&gt;&lt;/SeverityOverrideGuidance&gt;&lt;PotentialImpacts&gt;&lt;/PotentialImpacts&gt;&lt;ThirdPartyTools&gt;&lt;/ThirdPartyTools&gt;&lt;MitigationControl&gt;&lt;/MitigationControl&gt;&lt;Responsibility&gt;Information Assurance Officer&lt;/Responsibility&gt;&lt;Responsibility&gt;Systems Programmer&lt;/Responsibility&gt;&lt;IAControls&gt;&lt;/IAControls&gt;</description><reference><dc:title>DPMS Target IBM CICS Transaction Server</dc:title><dc:publisher>DISA</dc:publisher><dc:type>DPMS Target</dc:type><dc:subject>IBM CICS Transaction Server</dc:subject><dc:identifier>2018</dc:identifier></reference><ident system="http://iase.disa.mil/cci">CCI-000035</ident><ident system="http://iase.disa.mil/cci">CCI-002234</ident><fixtext fixref="F-36753r3_fix">Ensure that the IBM CICS Transaction Server command resource access is in accordance with those outlined in CICS SPI Resources table in the zOS STIG Addendum.

Use CICS SPI Resources and CICS SPI Resources Descriptions tables in the zOS STIG Addendum.  These tables list the resources and access requirements for IBM CICS Transaction Server; ensure the following guidelines are followed:

The TSS resources and/or generic equivalent as designated in the above table are owned or DEFPROT is specified for the resource class.

The TSS resource access authorizations restrict access to the appropriate personnel as designated in the above table.

The following commands are provided as a sample for implementing resource controls:

TSS ADD(dept-acid) SPI(ASSOCIAT)
TSS PERMIT(cicsaudt) SPI(ASSOCIAT) ACCESS(READ)
TSS PERMIT(cicuaudt) SPI(ASSOCIAT) ACCESS(READ)
TSS PERMIT(syscsaudt) SPI(ASSOCIAT) ACCESS(READ)</fixtext><fix id="F-36753r3_fix" /><check system="C-41197r3_chk"><check-content-ref name="M" href="DPMS_XCCDF_Benchmark_zOS IBM CICS Transaction Server for TSS.xml" /><check-content>Refer to the following report produced by the TSS Data Collection and Data Set and Resource Data Collection:

SENSITVE.RPT(WHOHSPI)
TSSCMDS.RPT(WHOOSPI)
TSSCMDS.RPT(#RDT)

Automated Analysis:
Refer to the following report produced by the TSS Data Collection Checklist:

- PDI (ZCIC0021)

Ensure that all IBM CICS Transaction Server resources are properly protected according to the requirements specified in CICS SPI Resources table in the z/OS STIG Addendum. If the following guidance is true, this is not a finding.

The TSS resources and/or generic equivalent as designated in the above table are owned or DEFPROT is specified for the resource class.

The TSS resource access authorizations restrict access to the appropriate personnel as designated in the above table.
</check-content></check></Rule></Group></Benchmark>