<?xml version="1.0" encoding="UTF-8"?>
<oval_definitions xmlns="http://oval.mitre.org/XMLSchema/oval-definitions-5" xmlns:oval="http://oval.mitre.org/XMLSchema/oval-common-5" xmlns:oval-def="http://oval.mitre.org/XMLSchema/oval-definitions-5" xmlns:win-def="http://oval.mitre.org/XMLSchema/oval-definitions-5#windows" xmlns:ind-def="http://oval.mitre.org/XMLSchema/oval-definitions-5#independent" xmlns:xsi="http://www.w3.org/2001/XMLSchema-instance" xsi:schemaLocation="http://oval.mitre.org/XMLSchema/oval-definitions-5#windows http://oval.mitre.org/language/download/schema/version5.3/ovaldefinition/complete/windows-definitions-schema.xsd                   http://oval.mitre.org/XMLSchema/oval-definitions-5#independent http://oval.mitre.org/language/download/schema/version5.3/ovaldefinition/complete/independent-definitions-schema.xsd                   http://oval.mitre.org/XMLSchema/oval-definitions-5 http://oval.mitre.org/language/download/schema/version5.3/ovaldefinition/complete/oval-definitions-schema.xsd                   http://oval.mitre.org/XMLSchema/oval-common-5 http://oval.mitre.org/language/download/schema/version5.3/ovaldefinition/complete/oval-common-schema.xsd">
	<generator>
		<oval:product_name>DISA FSO</oval:product_name>
		<oval:schema_version>5.3</oval:schema_version>
		<oval:timestamp>2012-05-16T12:00:00.000-04:00</oval:timestamp>
	</generator>
	<!-- ================================================================== -->
	<!-- =======================  DEFINITIONS  =============================== -->
	<!-- ================================================================== -->
	<definitions>
		<definition id="oval:mil.disa.fso.windows:def:3922" version="1" class="inventory">
			<metadata>
				<title>Microsoft Windows XP is installed</title>
				<affected family="windows">
					<platform>Microsoft Windows XP</platform>
				</affected>
				<reference source="CPE" ref_id=" cpe:/o:microsoft:windows_xp"/>
				<description>Microsoft Windows XP is installed</description>
			</metadata>
			<criteria>
				<criterion comment="The installed operating system is part of the Microsoft Windows family" test_ref="oval:mil.disa.fso.windows:tst:392200"/>
				<criterion comment="Microsoft Windows XP is installed" test_ref="oval:mil.disa.fso.windows:tst:392201"/>
			</criteria>
		</definition>
	</definitions>
	<!-- ================================================================== -->
	<!-- =========================  TESTS  ================================== -->
	<!-- ================================================================== -->
	<tests>
		<family_test xmlns="http://oval.mitre.org/XMLSchema/oval-definitions-5#independent" id="oval:mil.disa.fso.windows:tst:392200" version="1" comment="The installed operating system is part of the Microsoft Windows family" check_existence="at_least_one_exists" check="only one">
			<object object_ref="oval:mil.disa.fso.windows:obj:392200"/>
			<state state_ref="oval:mil.disa.fso.windows:ste:392200"/>
		</family_test>
		<registry_test xmlns="http://oval.mitre.org/XMLSchema/oval-definitions-5#windows" id="oval:mil.disa.fso.windows:tst:392201" version="1" comment="Microsoft Windows XP is installed" check_existence="at_least_one_exists" check="at least one">
			<object object_ref="oval:mil.disa.fso.windows:obj:392201"/>
			<state state_ref="oval:mil.disa.fso.windows:ste:392201"/>
		</registry_test>
	</tests>
	<!-- ================================================================== -->
	<!-- =========================  OBJECTS  =============================== -->
	<!-- ================================================================== -->
	<objects>
		<family_object xmlns="http://oval.mitre.org/XMLSchema/oval-definitions-5#independent" id="oval:mil.disa.fso.windows:obj:392200" version="1"/>
		<registry_object xmlns="http://oval.mitre.org/XMLSchema/oval-definitions-5#windows" id="oval:mil.disa.fso.windows:obj:392201" version="1">
			<hive datatype="string">HKEY_LOCAL_MACHINE</hive>
			<key datatype="string">SOFTWARE\Microsoft\Windows NT\CurrentVersion</key>
			<name datatype="string">ProductName</name>
		</registry_object>
	</objects>
	<!-- ================================================================== -->
	<!-- =======================  STATES =================================== -->
	<!-- ================================================================== -->
	<states>
		<family_state xmlns="http://oval.mitre.org/XMLSchema/oval-definitions-5#independent" id="oval:mil.disa.fso.windows:ste:392200" version="1">
			<family>windows</family>
		</family_state>
		<registry_state xmlns="http://oval.mitre.org/XMLSchema/oval-definitions-5#windows" id="oval:mil.disa.fso.windows:ste:392201" version="1">
			<value operation="pattern match">.*XP.*</value>
		</registry_state>
	</states>
	<!-- ================================================================== -->
	<!-- ================================================================== -->
	<!-- ================================================================== -->
</oval_definitions>
