<?xml version="1.0" encoding="utf-8"?><?xml-stylesheet type='text/xsl' href='STIG_unclass.xsl'?><Benchmark xmlns:dsig="http://www.w3.org/2000/09/xmldsig#" xmlns:xsi="http://www.w3.org/2001/XMLSchema-instance" xmlns:cpe="http://cpe.mitre.org/language/2.0" xmlns:xhtml="http://www.w3.org/1999/xhtml" xmlns:dc="http://purl.org/dc/elements/1.1/" id="zOS_TADz_for_RACF_STIG" xml:lang="en" xsi:schemaLocation="http://checklists.nist.gov/xccdf/1.1 http://nvd.nist.gov/schema/xccdf-1.1.4.xsd http://cpe.mitre.org/dictionary/2.0 http://cpe.mitre.org/files/cpe-dictionary_2.1.xsd" xmlns="http://checklists.nist.gov/xccdf/1.1"><status date="2016-03-28">accepted</status><title>z/OS TADz for RACF STIG</title><notice id="terms-of-use" xml:lang="en"></notice><reference href="http://iase.disa.mil"><dc:publisher>DISA</dc:publisher><dc:source>STIG.DOD.MIL</dc:source></reference><plain-text id="release-info">Release: 6 Benchmark Date: 22 Apr 2016</plain-text><version>6</version><Profile id="MAC-1_Classified"><title>I - Mission Critical Classified</title><description>&lt;ProfileDescription&gt;&lt;/ProfileDescription&gt;</description><select idref="V-16932" selected="true" /><select idref="V-17067" selected="true" /><select idref="V-17452" selected="true" /><select idref="V-17454" selected="true" /></Profile><Profile id="MAC-1_Public"><title>I - Mission Critical Public</title><description>&lt;ProfileDescription&gt;&lt;/ProfileDescription&gt;</description><select idref="V-16932" selected="true" /><select idref="V-17067" selected="true" /><select idref="V-17452" selected="true" /><select idref="V-17454" selected="true" /></Profile><Profile id="MAC-1_Sensitive"><title>I - Mission Critical Sensitive</title><description>&lt;ProfileDescription&gt;&lt;/ProfileDescription&gt;</description><select idref="V-16932" selected="true" /><select idref="V-17067" selected="true" /><select idref="V-17452" selected="true" /><select idref="V-17454" selected="true" /></Profile><Profile id="MAC-2_Classified"><title>II - Mission Support Classified</title><description>&lt;ProfileDescription&gt;&lt;/ProfileDescription&gt;</description><select idref="V-16932" selected="true" /><select idref="V-17067" selected="true" /><select idref="V-17452" selected="true" /><select idref="V-17454" selected="true" /></Profile><Profile id="MAC-2_Public"><title>II - Mission Support Public</title><description>&lt;ProfileDescription&gt;&lt;/ProfileDescription&gt;</description><select idref="V-16932" selected="true" /><select idref="V-17067" selected="true" /><select idref="V-17452" selected="true" /><select idref="V-17454" selected="true" /></Profile><Profile id="MAC-2_Sensitive"><title>II - Mission Support Sensitive</title><description>&lt;ProfileDescription&gt;&lt;/ProfileDescription&gt;</description><select idref="V-16932" selected="true" /><select idref="V-17067" selected="true" /><select idref="V-17452" selected="true" /><select idref="V-17454" selected="true" /></Profile><Profile id="MAC-3_Classified"><title>III - Administrative Classified</title><description>&lt;ProfileDescription&gt;&lt;/ProfileDescription&gt;</description><select idref="V-16932" selected="true" /><select idref="V-17067" selected="true" /><select idref="V-17452" selected="true" /><select idref="V-17454" selected="true" /></Profile><Profile id="MAC-3_Public"><title>III - Administrative Public</title><description>&lt;ProfileDescription&gt;&lt;/ProfileDescription&gt;</description><select idref="V-16932" selected="true" /><select idref="V-17067" selected="true" /><select idref="V-17452" selected="true" /><select idref="V-17454" selected="true" /></Profile><Profile id="MAC-3_Sensitive"><title>III - Administrative Sensitive</title><description>&lt;ProfileDescription&gt;&lt;/ProfileDescription&gt;</description><select idref="V-16932" selected="true" /><select idref="V-17067" selected="true" /><select idref="V-17452" selected="true" /><select idref="V-17454" selected="true" /></Profile><Group id="V-16932"><title>ZB000000</title><description>&lt;GroupDescription&gt;&lt;/GroupDescription&gt;</description><Rule id="SV-28470r1_rule" severity="medium" weight="10.0"><version>ZTADR000</version><title>Tivoli Asset Discovery for z/OS (TADz) Install data sets are not properly protected.</title><description>&lt;VulnDiscussion&gt;Tivoli Asset Discovery for z/OS (TADz) Install data sets provide the capability to use privileged functions and/or have access to sensitive data. Failure to properly restrict access to their data sets could result in violating the integrity of the base product which could result in compromising the operating system or sensitive data.&lt;/VulnDiscussion&gt;&lt;FalsePositives&gt;&lt;/FalsePositives&gt;&lt;FalseNegatives&gt;&lt;/FalseNegatives&gt;&lt;Documentable&gt;false&lt;/Documentable&gt;&lt;Mitigations&gt;&lt;/Mitigations&gt;&lt;SeverityOverrideGuidance&gt;&lt;/SeverityOverrideGuidance&gt;&lt;PotentialImpacts&gt;&lt;/PotentialImpacts&gt;&lt;ThirdPartyTools&gt;&lt;/ThirdPartyTools&gt;&lt;MitigationControl&gt;&lt;/MitigationControl&gt;&lt;Responsibility&gt;Information Assurance Officer&lt;/Responsibility&gt;&lt;Responsibility&gt;Systems Programmer&lt;/Responsibility&gt;&lt;IAControls&gt;&lt;/IAControls&gt;</description><reference><dc:title>DPMS Target Tivoli Asset Discovery for z/OS [TADz]</dc:title><dc:publisher>DISA</dc:publisher><dc:type>DPMS Target</dc:type><dc:subject>Tivoli Asset Discovery for z/OS [TADz]</dc:subject><dc:identifier>1858</dc:identifier></reference><ident system="http://iase.disa.mil/cci">CCI-000213</ident><ident system="http://iase.disa.mil/cci">CCI-002234</ident><fixtext fixref="F-25889r1_fix">The IAO will ensure that update and alter access to program product data sets is limited to System Programmers and all update and allocate access is logged.  Auditors should have read access.

The installing Systems Programmer will identify and document the product data sets and categorize them according to who will have update and alter access and if required that all update and alter access is logged. He will identify if any additional groups have update access for specific data sets, and once documented he will work with the IAO to see that they are properly restricted to the ACP (Access Control Program ) active on the system.

Data set prefix to be protected will be:

SYS2.TADZ.
SYS2.TADZ.*.SHSIMOD1.** (optional fully-qualified APF).
SYS3.TADZ.

The following commands are provided as a sample for implementing dataset controls: 

ad 'sys2.TADZ.**' uacc(none) owner(sys2) -
 audit(success(update) failures(read)) -
 data('Vendor DS Profile: TADZ')
pe 'sys2.TADZ.**' id(syspaudt) acc(a)
pe 'sys2.tadz.**' id(audtaudt) 
ad 'sys2.tadz.*.shsimod1.**' uacc(none) owner(sys2) -     
 audit(success(update) failures(read)) -                  
 data('Vendor DS Profile: Tivoli Asset Discovery APF DS') 
pe 'sys2.tadz.*.shsimod1.**' id(syspaudt) acc(a) 
pe 'sys2.tadz.*.shsimod1.**' id(audtaudt)      
ad 'sys3.TADZ.**' uacc(none) owner(sys3) -
 audit(success(update) failures(read)) -
 data('TADZ Vendor Datasets')
pe 'sys3.TADZ.**' id(syspaudt) acc(a)
pe 'sys3.tadz.**' id(audtaudt)
setr generic(dataset) refresh</fixtext><fix id="F-25889r1_fix" /><check system="C-28857r1_chk"><check-content-ref name="M" href="DPMS_XCCDF_Benchmark_zOS TADz for RACF STIG.xml" /><check-content>a)	Refer to the following report produced by the Data Set and Resource Data Collection:

-	SENSITVE.RPT(TADZRPT)

Automated Analysis
Refer to the following report produced by the Data Set and Resource Data Collection:

-	PDI(ZTAD0000)

b)	Verify that access to the TADz Install data set are properly restricted.
 
___	The RACF data set rules for the data sets does not restrict UPDATE and/or ALTER access to systems programming personnel.

___	The RACF data set rules for the data sets does not specify that all (i.e., failures and successes) UPDATE and/or ALTER access will be logged.

c)	If all of the above are untrue, there is NO FINDING.

d)	If any of the above is true, this is a FINDING.</check-content></check></Rule></Group><Group id="V-17067"><title>ZB000001</title><description>&lt;GroupDescription&gt;&lt;/GroupDescription&gt;</description><Rule id="SV-28548r2_rule" severity="medium" weight="10.0"><version>ZTADR001</version><title>Tivoli Asset Discovery for zOS (TADz) STC and/or batch data sets are not properly protected.</title><description>&lt;VulnDiscussion&gt;Tivoli Asset Discovery for zOS (TADz) STC and/or batch data sets provide the capability to use privileged functions and/or have access to sensitive data. Failure to properly restrict access to their data sets could result in violating the integrity of the base product which could result in compromising the operating system or sensitive data.&lt;/VulnDiscussion&gt;&lt;FalsePositives&gt;&lt;/FalsePositives&gt;&lt;FalseNegatives&gt;&lt;/FalseNegatives&gt;&lt;Documentable&gt;false&lt;/Documentable&gt;&lt;Mitigations&gt;&lt;/Mitigations&gt;&lt;SeverityOverrideGuidance&gt;&lt;/SeverityOverrideGuidance&gt;&lt;PotentialImpacts&gt;&lt;/PotentialImpacts&gt;&lt;ThirdPartyTools&gt;&lt;/ThirdPartyTools&gt;&lt;MitigationControl&gt;&lt;/MitigationControl&gt;&lt;Responsibility&gt;Information Assurance Officer&lt;/Responsibility&gt;&lt;Responsibility&gt;Systems Programmer&lt;/Responsibility&gt;&lt;IAControls&gt;&lt;/IAControls&gt;</description><reference><dc:title>DPMS Target Tivoli Asset Discovery for z/OS [TADz]</dc:title><dc:publisher>DISA</dc:publisher><dc:type>DPMS Target</dc:type><dc:subject>Tivoli Asset Discovery for z/OS [TADz]</dc:subject><dc:identifier>1858</dc:identifier></reference><ident system="http://iase.disa.mil/cci">CCI-001499</ident><fixtext fixref="F-73279r1_fix">Grant update and alter access to Tivoli Asset Discovery for z/OS (TADz) STC and/or batch data sets are limited to system programmers and TADz STC and/or batch jobs only. 
Grant Read access to any scheduling products that are in use.
 
Grant Read access to auditors at the ISSO’s discretion.

Identify and document the product data sets and categorize them according to who will have update and alter access and if required that all update and allocate access is logged. Identify if any additional groups have update access for specific data sets, and assure that they are properly restricted to the ACP (Access Control Program) active on the system.


Data sets to be protected will be:
SYS3.TADZ

The following commands are provided as a sample for implementing dataset controls:

ad 'sys3.tadz.*.iq*.**' uacc(none) owner(daztech) -
      audit(success(update) failures(read)) -
      data('TADZ Output Data')
ad 'sys3.tadz.*.uiq.**' uacc(none) owner(daztech) -
      audit(success(update) failures(read)) -
      data('TADZ Output Data')
ad 'sys3.tadz.*.um.**' uacc(none) owner(daztech) -
      audit(success(update) failures(read)) -
      data('TADZ Output Data')

pe 'sys3.tadz.*.iq*.**' id(syspaudt) acc(a)
pe 'sys3.tadz.*.iq*.**' id(tadzmon) acc(a)
pe 'sys3.tadz.*.iq*.**' id(tadzinq) acc(a)
pe 'sys3.tadz.*.uiq.**' id(syspaudt) acc(a)
pe 'sys3.tadz.*.uiq.**' id(tadzmon) acc(a)
pe 'sys3.tadz.*.uiq.**' id(tadzinq) acc(a)
pe 'sys3.tadz.*.um.**' id(syspaudt) acc(a)
pe 'sys3.tadz.*.um.**' id(tadzmon) acc(a)
pe 'sys3.tadz.*.um.**' id(tadzinq) acc(a)   
</fixtext><fix id="F-73279r1_fix" /><check system="C-67769r1_chk"><check-content-ref name="M" href="DPMS_XCCDF_Benchmark_zOS TADz for RACF STIG.xml" /><check-content>Refer to the following report produced by the Data Set and Resource Data Collection:

-       SENSITVE.RPT(TADZSTC)

Automated Analysis
Refer to the following report produced by the Data Set and Resource Data Collection:

-       PDI(ZTAD0001)

For all (TADz) STC and/or batch data sets:

If the UPDATE or greater access is restricted to systems programming personnel and the product STC(s) and/or batch job(s) this is not a finding.

If any job scheduling products are in use and access is restricted to READ this is not a finding.

If auditors have READ access this is not a finding.
</check-content></check></Rule></Group><Group id="V-17452"><title>ZB000030</title><description>&lt;GroupDescription&gt;&lt;/GroupDescription&gt;</description><Rule id="SV-28554r2_rule" severity="medium" weight="10.0"><version>ZTADR030</version><title>Tivoli Asset Discovery for z/OS (TADz) Started Task name(s) must be properly identified / defined to the system ACP.</title><description>&lt;VulnDiscussion&gt;Tivoli Asset Discovery for z/OS (TADz) requires a started task(s) that will be restricted to certain resources, datasets and other system functions. By defining the started task as a userid to the system Access Control Program (ACP), it allows the ACP to control the access and authorized users that require these capabilities. Failure to properly control these capabilities, could compromise of the operating system environment, ACP, and customer data.&lt;/VulnDiscussion&gt;&lt;FalsePositives&gt;&lt;/FalsePositives&gt;&lt;FalseNegatives&gt;&lt;/FalseNegatives&gt;&lt;Documentable&gt;false&lt;/Documentable&gt;&lt;Mitigations&gt;&lt;/Mitigations&gt;&lt;SeverityOverrideGuidance&gt;&lt;/SeverityOverrideGuidance&gt;&lt;PotentialImpacts&gt;&lt;/PotentialImpacts&gt;&lt;ThirdPartyTools&gt;&lt;/ThirdPartyTools&gt;&lt;MitigationControl&gt;&lt;/MitigationControl&gt;&lt;Responsibility&gt;Information Assurance Officer&lt;/Responsibility&gt;&lt;Responsibility&gt;Systems Programmer&lt;/Responsibility&gt;&lt;IAControls&gt;&lt;/IAControls&gt;</description><reference><dc:title>DPMS Target Tivoli Asset Discovery for z/OS [TADz]</dc:title><dc:publisher>DISA</dc:publisher><dc:type>DPMS Target</dc:type><dc:subject>Tivoli Asset Discovery for z/OS [TADz]</dc:subject><dc:identifier>1858</dc:identifier></reference><ident system="http://iase.disa.mil/cci">CCI-000764</ident><fixtext fixref="F-70739r1_fix">The Systems Programmer and ISSO will ensure that the started task for TADz is properly defined.

Define the started task for TADz.

Example:

au tadzmon name('stc, tivoli AD') nopass -
dfltgrp(stc) owner(stc) -
data('stc for tivoli asset discovery')</fixtext><fix id="F-70739r1_fix" /><check system="C-65481r1_chk"><check-content-ref name="M" href="DPMS_XCCDF_Benchmark_zOS TADz for RACF STIG.xml" /><check-content>Refer to the following report produced by the RACF Data Collection:

-	RACFCMDS.RPT(LISTUSER)

If the userid(s) for the TADz started task is defined to the security database, there is NO FINDING.

If the userid(s) for the TADz started task is not defined to the security database, this is a FINDING.</check-content></check></Rule></Group><Group id="V-17454"><title>ZB000032</title><description>&lt;GroupDescription&gt;&lt;/GroupDescription&gt;</description><Rule id="SV-28561r1_rule" severity="medium" weight="10.0"><version>ZTADR032</version><title>IBM Tivoli Asset Discovery for zOS (TADz) Started task(s) must be properly defined to the STARTED resource class for RACF.</title><description>&lt;VulnDiscussion&gt;Access to product resources should be restricted to only those individuals responsible for the application connectivity and who have a requirement to access these resources.  Improper control of product resources could potentially compromise the operating system, ACP, and customer data.&lt;/VulnDiscussion&gt;&lt;FalsePositives&gt;&lt;/FalsePositives&gt;&lt;FalseNegatives&gt;&lt;/FalseNegatives&gt;&lt;Documentable&gt;false&lt;/Documentable&gt;&lt;Mitigations&gt;&lt;/Mitigations&gt;&lt;SeverityOverrideGuidance&gt;&lt;/SeverityOverrideGuidance&gt;&lt;PotentialImpacts&gt;&lt;/PotentialImpacts&gt;&lt;ThirdPartyTools&gt;&lt;/ThirdPartyTools&gt;&lt;MitigationControl&gt;&lt;/MitigationControl&gt;&lt;Responsibility&gt;Information Assurance Officer&lt;/Responsibility&gt;&lt;IAControls&gt;&lt;/IAControls&gt;</description><reference><dc:title>DPMS Target Tivoli Asset Discovery for z/OS [TADz]</dc:title><dc:publisher>DISA</dc:publisher><dc:type>DPMS Target</dc:type><dc:subject>Tivoli Asset Discovery for z/OS [TADz]</dc:subject><dc:identifier>1858</dc:identifier></reference><ident system="http://iase.disa.mil/cci">CCI-000764</ident><fixtext fixref="F-339r1_fix">The IBM Tivoli Asset Discovery for zOS (TADz) system programmer and the IAO will ensure that a product's started task(s) is (are) properly identified and/or defined to the System ACP.  

A unique userid must be assigned for the IBM Tivoli Asset Discovery for zOS (TADz) started task(s) thru a corresponding STARTED class entry.

The following sample set of commands is shown here as a guideline:

rdef started TADZMON.** uacc(none) owner(admin) audit(all(read)) stdata(user(TADZMON) group(stc))

setr racl(started) ref</fixtext><fix id="F-339r1_fix" /><check system="C-20575r1_chk"><check-content-ref name="M" href="DPMS_XCCDF_Benchmark_zOS TADz for RACF STIG.xml" /><check-content>Refer to the following report produced by the RACF Data Collection:

-	DSMON.RPT(RACSPT)

Automated Analysis
Refer to the following report produced by the RACF Data Collection:

-	PDI(ZTAD0032)

Verify that the IBM Tivoli Asset Discovery for zOS (TADz) started task(s) is (are) defined to the STARTED resource class profile and/or ICHRIN03 table entry.</check-content></check></Rule></Group></Benchmark>