<?xml version="1.0" encoding="utf-8"?><?xml-stylesheet type='text/xsl' href='STIG_unclass.xsl'?><Benchmark xmlns:dsig="http://www.w3.org/2000/09/xmldsig#" xmlns:xhtml="http://www.w3.org/1999/xhtml" xmlns:xsi="http://www.w3.org/2001/XMLSchema-instance" xmlns:cpe="http://cpe.mitre.org/language/2.0" xmlns:dc="http://purl.org/dc/elements/1.1/" id="zOS_CA_MIM_for_TSS_STIG" xml:lang="en" xsi:schemaLocation="http://checklists.nist.gov/xccdf/1.1 http://nvd.nist.gov/schema/xccdf-1.1.4.xsd http://cpe.mitre.org/dictionary/2.0 http://cpe.mitre.org/files/cpe-dictionary_2.1.xsd" xmlns="http://checklists.nist.gov/xccdf/1.1"><status date="2015-01-15">accepted</status><title>z/OS CA MIM for TSS STIG</title><notice id="terms-of-use" xml:lang="en"></notice><reference href="http://iase.disa.mil"><dc:publisher>DISA, Field Security Operations</dc:publisher><dc:source>STIG.DOD.MIL</dc:source></reference><plain-text id="release-info">Release: 3 Benchmark Date: 20 Jan 2015</plain-text><version>6</version><Profile id="MAC-1_Classified"><title>I - Mission Critical Classified</title><description>&lt;ProfileDescription&gt;&lt;/ProfileDescription&gt;</description><select idref="V-16932" selected="true" /><select idref="V-17067" selected="true" /><select idref="V-17452" selected="true" /><select idref="V-17454" selected="true" /><select idref="V-17947" selected="true" /><select idref="V-18014" selected="true" /></Profile><Profile id="MAC-1_Public"><title>I - Mission Critical Public</title><description>&lt;ProfileDescription&gt;&lt;/ProfileDescription&gt;</description><select idref="V-16932" selected="true" /><select idref="V-17067" selected="true" /><select idref="V-17452" selected="true" /><select idref="V-17454" selected="true" /><select idref="V-17947" selected="true" /><select idref="V-18014" selected="true" /></Profile><Profile id="MAC-1_Sensitive"><title>I - Mission Critical Sensitive</title><description>&lt;ProfileDescription&gt;&lt;/ProfileDescription&gt;</description><select idref="V-16932" selected="true" /><select idref="V-17067" selected="true" /><select idref="V-17452" selected="true" /><select idref="V-17454" selected="true" /><select idref="V-17947" selected="true" /><select idref="V-18014" selected="true" /></Profile><Profile id="MAC-2_Classified"><title>II - Mission Support Classified</title><description>&lt;ProfileDescription&gt;&lt;/ProfileDescription&gt;</description><select idref="V-16932" selected="true" /><select idref="V-17067" selected="true" /><select idref="V-17452" selected="true" /><select idref="V-17454" selected="true" /><select idref="V-17947" selected="true" /><select idref="V-18014" selected="true" /></Profile><Profile id="MAC-2_Public"><title>II - Mission Support Public</title><description>&lt;ProfileDescription&gt;&lt;/ProfileDescription&gt;</description><select idref="V-16932" selected="true" /><select idref="V-17067" selected="true" /><select idref="V-17452" selected="true" /><select idref="V-17454" selected="true" /><select idref="V-17947" selected="true" /><select idref="V-18014" selected="true" /></Profile><Profile id="MAC-2_Sensitive"><title>II - Mission Support Sensitive</title><description>&lt;ProfileDescription&gt;&lt;/ProfileDescription&gt;</description><select idref="V-16932" selected="true" /><select idref="V-17067" selected="true" /><select idref="V-17452" selected="true" /><select idref="V-17454" selected="true" /><select idref="V-17947" selected="true" /><select idref="V-18014" selected="true" /></Profile><Profile id="MAC-3_Classified"><title>III - Administrative Classified</title><description>&lt;ProfileDescription&gt;&lt;/ProfileDescription&gt;</description><select idref="V-16932" selected="true" /><select idref="V-17067" selected="true" /><select idref="V-17452" selected="true" /><select idref="V-17454" selected="true" /><select idref="V-17947" selected="true" /><select idref="V-18014" selected="true" /></Profile><Profile id="MAC-3_Public"><title>III - Administrative Public</title><description>&lt;ProfileDescription&gt;&lt;/ProfileDescription&gt;</description><select idref="V-16932" selected="true" /><select idref="V-17067" selected="true" /><select idref="V-17452" selected="true" /><select idref="V-17454" selected="true" /><select idref="V-17947" selected="true" /><select idref="V-18014" selected="true" /></Profile><Profile id="MAC-3_Sensitive"><title>III - Administrative Sensitive</title><description>&lt;ProfileDescription&gt;&lt;/ProfileDescription&gt;</description><select idref="V-16932" selected="true" /><select idref="V-17067" selected="true" /><select idref="V-17452" selected="true" /><select idref="V-17454" selected="true" /><select idref="V-17947" selected="true" /><select idref="V-18014" selected="true" /></Profile><Group id="V-16932"><title>ZB000000</title><description>&lt;GroupDescription&gt;&lt;/GroupDescription&gt;</description><Rule id="SV-46160r1_rule" severity="medium" weight="10.0"><version>ZMIMT000</version><title>CA MIM Resource Sharing installation data sets will be properly protected.</title><description>&lt;VulnDiscussion&gt;CA MIM Resource Sharing installation data sets have the ability to use privileged functions and/or have access to sensitive data.  Failure to properly restrict access to these data sets could result in violating the integrity of the base product which could result in compromising the operating system or sensitive data.&lt;/VulnDiscussion&gt;&lt;FalsePositives&gt;&lt;/FalsePositives&gt;&lt;FalseNegatives&gt;&lt;/FalseNegatives&gt;&lt;Documentable&gt;false&lt;/Documentable&gt;&lt;Mitigations&gt;&lt;/Mitigations&gt;&lt;SeverityOverrideGuidance&gt;&lt;/SeverityOverrideGuidance&gt;&lt;PotentialImpacts&gt;&lt;/PotentialImpacts&gt;&lt;ThirdPartyTools&gt;&lt;/ThirdPartyTools&gt;&lt;MitigationControl&gt;&lt;/MitigationControl&gt;&lt;Responsibility&gt;Information Assurance Officer&lt;/Responsibility&gt;&lt;Responsibility&gt;Systems Programmer&lt;/Responsibility&gt;&lt;IAControls&gt;DCSL-1, ECAR-1, ECAR-2, ECCD-1, ECCD-2&lt;/IAControls&gt;</description><reference><dc:title>DPMS Target CA MIM</dc:title><dc:publisher>DISA FSO</dc:publisher><dc:type>DPMS Target</dc:type><dc:subject>CA MIM</dc:subject><dc:identifier>2379</dc:identifier></reference><ident system="http://iase.disa.mil/cci">CCI-000213</ident><ident system="http://iase.disa.mil/cci">CCI-002234</ident><fixtext fixref="F-187r2_fix">The IAO will ensure that WRITE and/or greater access to CA MIM Resource Sharing installation data sets is limited to System Programmers only, and all WRITE and/or greater access is logged.  READ access can be given to all authorized users.  All failures and successful WRITE and/or greater accesses are logged.

The installing Systems Programmer will identify and document the product data sets and categorize them according to who will have WRITE and/or greater access and if required that all WRITE and/or greater access is logged. He will identify if any additional groups have WRITE and/or greater access for specific data sets, and once documented he will work with the IAO to see that they are properly restricted to the ACP (Access Control Program) active on the system.

(Note:  The data sets and/or data set prefixes identified below are examples of a possible installation.  The actual data sets and/or prefixes are determined when the product is actually installed on a system through the product’s installation guide and can be site specific.)

Data sets to be protected will be: 
SYS2.MIMGR.
SYS3.MIMGR.  (data sets that are not altered by product STCs, can be more specific)

The following commands are provided as a sample for implementing data set controls:

TSS PERMIT(&lt;syspaudt&gt;) DSN(SYS2.MIMGR.) ACCESS(R)
TSS PERMIT(&lt;syspaudt&gt;) DSN(SYS2.MIMGR.) ACCESS(ALL) ACTION(AUDIT)
TSS PERMIT(&lt;tstcaudt&gt;) DSN(SYS2.MIMGR.) ACCESS(R)
TSS PERMIT(&lt;tstcaudt&gt;) DSN(SYS2.MIMGR.) ACCESS(ALL) ACTION(AUDIT)
TSS PERMIT(&lt;audtaudt&gt;) DSN(SYS2.MIMGR.) ACCESS(R)
TSS PERMIT(authorized users) DSN(SYS2.MIMGR.) ACCESS(R)
TSS PERMIT(CA MIM STCs) DSN(SYS2.MIMGR.) ACCESS(R)
TSS PERMIT(&lt;syspaudt&gt;) DSN(SYS3.MIMGR.) ACCESS(R)
TSS PERMIT(&lt;syspaudt&gt;) DSN(SYS3.MIMGR.) ACCESS(ALL) ACTION(AUDIT)
TSS PERMIT(&lt;tstcaudt&gt;) DSN(SYS3.MIMGR.) ACCESS(R)
TSS PERMIT(&lt;tstcaudt&gt;) DSN(SYS3.MIMGR.) ACCESS(ALL) ACTION(AUDIT)
TSS PERMIT(&lt;audtaudt&gt;) DSN(SYS3.MIMGR.) ACCESS(R)
TSS PERMIT(authorized users) DSN(SYS3.MIMGR.) ACCESS(R)
TSS PERMIT(CA MIM STCs) DSN(SYS3.MIMGR.) ACCESS(R)</fixtext><fix id="F-187r2_fix" /><check system="C-6200r3_chk"><check-content-ref name="M" href="DPMS_XCCDF_Benchmark_zOS CA MIM for TSS STIG.xml" /><check-content>Refer to the following report produced by the Data Set and Resource Data Collection:

-	SENSITVE.RPT(MIMRPT)

Automated Analysis
Refer to the following report produced by the Data Set and Resource Data Collection:

-	PDI(ZMIM0000)

Verify that the accesses to the CA MIM Resource Sharing installation data sets are properly restricted.  If the following guidance is true, this is not a finding.
 
___	The TSS data set access authorizations restricts READ access to all authorized users.

___	The TSS data set access authorizations restricts WRITE and/or greater access to systems programming personnel.

___	The TSS data set access authorizations specify that all (i.e., failures and successes) WRITE and/or greater access are logged.</check-content></check></Rule></Group><Group id="V-17067"><title>ZB000001</title><description>&lt;GroupDescription&gt;&lt;/GroupDescription&gt;</description><Rule id="SV-46167r1_rule" severity="medium" weight="10.0"><version>ZMIMT001</version><title>CA MIM Resource Sharing STC data sets will be properly protected.</title><description>&lt;VulnDiscussion&gt;CA MIM Resource Sharing STC data sets have the ability to use privileged functions and/or have access to sensitive data.  Failure to properly restrict access to these data sets could result in violating the integrity of the base product which could result in compromising the operating system or sensitive data.&lt;/VulnDiscussion&gt;&lt;FalsePositives&gt;&lt;/FalsePositives&gt;&lt;FalseNegatives&gt;&lt;/FalseNegatives&gt;&lt;Documentable&gt;false&lt;/Documentable&gt;&lt;Mitigations&gt;&lt;/Mitigations&gt;&lt;SeverityOverrideGuidance&gt;&lt;/SeverityOverrideGuidance&gt;&lt;PotentialImpacts&gt;&lt;/PotentialImpacts&gt;&lt;ThirdPartyTools&gt;&lt;/ThirdPartyTools&gt;&lt;MitigationControl&gt;&lt;/MitigationControl&gt;&lt;Responsibility&gt;Information Assurance Officer&lt;/Responsibility&gt;&lt;Responsibility&gt;Systems Programmer&lt;/Responsibility&gt;&lt;IAControls&gt;DCSL-1, ECAR-1, ECAR-2, ECAR-3, ECCD-1, ECCD-2&lt;/IAControls&gt;</description><reference><dc:title>DPMS Target CA MIM</dc:title><dc:publisher>DISA FSO</dc:publisher><dc:type>DPMS Target</dc:type><dc:subject>CA MIM</dc:subject><dc:identifier>2379</dc:identifier></reference><ident system="http://iase.disa.mil/cci">CCI-001499</ident><fixtext fixref="F-18268r3_fix">The IAO will ensure that WRITE and/or greater access to CA MIM Resource Sharing STC data sets is limited to System Programmers and/or CA MIM Resource Sharing’s STC(s) and/or batch user(s) only.  Read access can be given to auditors and authorized users.

The installing Systems Programmer will identify and document the product data sets and categorize them according to who will have WRITE and/or greater access and if required that all WRITE and/or greater access is logged. He will identify if any additional groups have WRITE and/or greater access for specific data sets, and once documented he will work with the IAO to see that they are properly restricted to the ACP (Access Control Program) active on the system.

(Note:  The data sets and/or data set prefixes identified below are examples of a possible installation.  The actual data sets and/or prefixes are determined when the product is actually installed on a system through the product’s installation guide and can be site specific.)

Data sets to be protected will be: 
SYS3.MIMGR.  (Data sets that are altered by the product’s STCs, this can be more specific.)

The following commands are provided as a sample for implementing data set controls:

TSS PERMIT(&lt;syspaudt&gt;) DSN(SYS3.MIMGR) ACCESS(ALL)
TSS PERMIT(&lt;tstcaudt&gt;) DSN(SYS3.MIMGR) ACCESS(ALL)
TSS PERMIT(CA MIM STCs) DSN(SYS3.MIMGR) ACCESS(ALL)
TSS PERMIT(&lt;audtaudt&gt;) DSN(SYS3.MIMGR) ACCESS(R)
TSS PERMIT(authorize user) DSN(SYS3.MIMGR) ACCESS(R)</fixtext><fix id="F-18268r3_fix" /><check system="C-3899r2_chk"><check-content-ref name="M" href="DPMS_XCCDF_Benchmark_zOS CA MIM for TSS STIG.xml" /><check-content>Refer to the following report produced by the Data Set and Resource Data Collection:

-	SENSITVE.RPT(MIMSTC)

Automated Analysis
Refer to the following report produced by the Data Set and Resource Data Collection:

-	PDI(ZMIM0001)

Verify that the accesses to the CA MIM Resource Sharing STC data sets are properly restricted.  If the following guidance is true, this is not a finding.
 
___	The TSS data set access authorizations restrict READ access to auditors and authorized users.

___	The TSS data set access authorizations restrict WRITE and/or greater access to systems programming personnel.

___	The TSS data set access authorizations restrict WRITE and/or greater access to the CA MIM Resource Sharing’s STC(s) and/or batch user(s).</check-content></check></Rule></Group><Group id="V-17452"><title>ZB000030</title><description>&lt;GroupDescription&gt;&lt;/GroupDescription&gt;</description><Rule id="SV-46212r1_rule" severity="medium" weight="10.0"><version>ZMIMT030</version><title>CA MIM Resource Sharing Started Task name will be properly identified and/or defined to the system ACP.</title><description>&lt;VulnDiscussion&gt;CA MIM Resource Sharing requires a started task that will be restricted to certain resources, datasets and other system functions. By defining the started task as a userid to the system ACP, It allows the ACP to control the access and authorized users that require these capabilities. Failure to properly control these capabilities, could compromise of the operating system environment, ACP, and customer data.&lt;/VulnDiscussion&gt;&lt;FalsePositives&gt;&lt;/FalsePositives&gt;&lt;FalseNegatives&gt;&lt;/FalseNegatives&gt;&lt;Documentable&gt;false&lt;/Documentable&gt;&lt;Mitigations&gt;&lt;/Mitigations&gt;&lt;SeverityOverrideGuidance&gt;&lt;/SeverityOverrideGuidance&gt;&lt;PotentialImpacts&gt;&lt;/PotentialImpacts&gt;&lt;ThirdPartyTools&gt;&lt;/ThirdPartyTools&gt;&lt;MitigationControl&gt;&lt;/MitigationControl&gt;&lt;Responsibility&gt;Information Assurance Officer&lt;/Responsibility&gt;&lt;Responsibility&gt;Systems Programmer&lt;/Responsibility&gt;&lt;IAControls&gt;ECCD-1, ECCD-2&lt;/IAControls&gt;</description><reference><dc:title>DPMS Target CA MIM</dc:title><dc:publisher>DISA FSO</dc:publisher><dc:type>DPMS Target</dc:type><dc:subject>CA MIM</dc:subject><dc:identifier>2379</dc:identifier></reference><ident system="http://iase.disa.mil/cci">CCI-000764</ident><fixtext fixref="F-6685r2_fix">The IAO working with the systems programmer will ensure the CA MIM Resource Sharing Started Task(s) is properly identified and/or defined to the System ACP. 

If the product requires a Started Task, verify that it is properly defined to the System ACP with the proper attributes.

Most installation manuals will indicate how the Started Task is identified and any additional attributes that must be specified.

The following commands are provided as a sample for defining Started Task(s):

TSS CREATE(MIMGR) TYPE(USER) -
	NAME('STC, CA MIM') DEPT(xxxx) -
	FAC(STC,BATCH) PASS(xxxxxxxx,0) -
	SOURCE(INTRDR) NOSUSPEND</fixtext><fix id="F-6685r2_fix" /><check system="C-3885r2_chk"><check-content-ref name="M" href="DPMS_XCCDF_Benchmark_zOS CA MIM for TSS STIG.xml" /><check-content>Refer to the following report produced by the TSS Data Collection:

-	TSSCMDS.RPT(@ACIDS)

Verify that the ACID(s) for the CA MIM Resource Sharing started task(s) is (are) properly defined.  If the following attributes are defined, this is not a finding.

FACILITY(STC, BATCH)
PASSWORD(xxxxxxxx,0)
SOURCE(INTRDR)
NOSUSPEND</check-content></check></Rule></Group><Group id="V-17454"><title>ZB000032</title><description>&lt;GroupDescription&gt;&lt;/GroupDescription&gt;</description><Rule id="SV-46214r1_rule" severity="medium" weight="10.0"><version>ZMIMT032</version><title>CA MIM Resource Sharing Started task will be properly defined to the Started Task Table for Top Secret.</title><description>&lt;VulnDiscussion&gt;Access to product resources should be restricted to only those individuals responsible for the application connectivity and who have a requirement to access these resources.  Improper control of product resources could potentially compromise the operating system, ACP, and customer data.&lt;/VulnDiscussion&gt;&lt;FalsePositives&gt;&lt;/FalsePositives&gt;&lt;FalseNegatives&gt;&lt;/FalseNegatives&gt;&lt;Documentable&gt;false&lt;/Documentable&gt;&lt;Mitigations&gt;&lt;/Mitigations&gt;&lt;SeverityOverrideGuidance&gt;&lt;/SeverityOverrideGuidance&gt;&lt;PotentialImpacts&gt;&lt;/PotentialImpacts&gt;&lt;ThirdPartyTools&gt;&lt;/ThirdPartyTools&gt;&lt;MitigationControl&gt;&lt;/MitigationControl&gt;&lt;Responsibility&gt;Information Assurance Officer&lt;/Responsibility&gt;&lt;Responsibility&gt;Systems Programmer&lt;/Responsibility&gt;&lt;IAControls&gt;ECCD-1, ECCD-2&lt;/IAControls&gt;</description><reference><dc:title>DPMS Target CA MIM</dc:title><dc:publisher>DISA FSO</dc:publisher><dc:type>DPMS Target</dc:type><dc:subject>CA MIM</dc:subject><dc:identifier>2379</dc:identifier></reference><ident system="http://iase.disa.mil/cci">CCI-000764</ident><fixtext fixref="F-18532r3_fix">The IAO working with the systems programmer will ensure the CA MIM Resource Sharing Started Task(s) is properly identified and/or defined to the System ACP. 

A unique ACID must be assigned for the CA MIM Resource Sharing started task(s) thru a corresponding STC table entry.

The following commands are provided as a sample for defining Started Task(s):

TSS ADD(STC) PROCNAME(MIMGR) ACID(MIMGR)</fixtext><fix id="F-18532r3_fix" /><check system="C-20444r2_chk"><check-content-ref name="M" href="DPMS_XCCDF_Benchmark_zOS CA MIM for TSS STIG.xml" /><check-content>Refer to the following report produced by the TSS Data Collection:

-	TSSCMDS.RPT(#STC)

Automated Analysis
Refer to the following report produced by the TSS Data Collection:

-	PDI(ZMIM0032)

If the CA MIM Resource Sharing started task(s) is (are) defined in the TSS STC record, this is not a finding.</check-content></check></Rule></Group><Group id="V-17947"><title>ZB000020</title><description>&lt;GroupDescription&gt;&lt;/GroupDescription&gt;</description><Rule id="SV-46209r1_rule" severity="medium" weight="10.0"><version>ZMIMT020</version><title>CA MIM Resource Sharing resources will be properly defined and protected.</title><description>&lt;VulnDiscussion&gt;CA MIM Resource Sharing can run with sensitive system privileges, and potentially can circumvent system controls.  Failure to properly control access to product resources could result in the compromise of the operating system environment, and compromise the confidentiality of customer data.  Many utilities assign resource controls that can be granted to system programmers only in greater than read authority.  Resources are also granted to certain non systems personnel with read only authority.&lt;/VulnDiscussion&gt;&lt;FalsePositives&gt;&lt;/FalsePositives&gt;&lt;FalseNegatives&gt;&lt;/FalseNegatives&gt;&lt;Documentable&gt;false&lt;/Documentable&gt;&lt;Mitigations&gt;&lt;/Mitigations&gt;&lt;SeverityOverrideGuidance&gt;&lt;/SeverityOverrideGuidance&gt;&lt;PotentialImpacts&gt;&lt;/PotentialImpacts&gt;&lt;ThirdPartyTools&gt;&lt;/ThirdPartyTools&gt;&lt;MitigationControl&gt;&lt;/MitigationControl&gt;&lt;Responsibility&gt;Information Assurance Officer&lt;/Responsibility&gt;&lt;Responsibility&gt;Systems Programmer&lt;/Responsibility&gt;&lt;IAControls&gt;ECCD-1, ECCD-2&lt;/IAControls&gt;</description><reference><dc:title>DPMS Target CA MIM</dc:title><dc:publisher>DISA FSO</dc:publisher><dc:type>DPMS Target</dc:type><dc:subject>CA MIM</dc:subject><dc:identifier>2379</dc:identifier></reference><ident system="http://iase.disa.mil/cci">CCI-000035</ident><ident system="http://iase.disa.mil/cci">CCI-002234</ident><fixtext fixref="F-18272r3_fix">The IAO will work with the systems programmer to verify that the following are properly specified in the ACP.

(Note:  The resources and/or resource prefixes identified below are examples of a possible installation.  The actual resources and/or prefixes are determined when the product is actually installed on a system through the product’s installation guide and can be site specific.)

Use CA MIM Resource Sharing Resources table in the zOS STIG Addendum.  This table list the resources, access requirements, and logging requirement for CA MIM Resource Sharing.  Ensure the guidelines for the resources and/or generic equivalent specified in the z/OS STIG Addendum are followed.

Note:	SAFPREFIX identifies the prefix for all resources.  The default value for this keyword parameter is MIMGR.  It is coded in the MIMINIT member of the data set specified in the MIMPARMS DD statement of the started task procedures.

The TSS resources as designated in the above table are owned and/or DEFPROT is specified for the resource class.

The TSS resource access authorizations restrict access to the appropriate personnel as designated in the above table.

The following commands are provided as a sample for implementing resource controls:

TSS ADD(dept-acid) OPERCMDS(prefix)
TSS PERMIT(syspaudt) OPERCMDS(prefix.ACTIVATE) ACCESS(UPDATE)</fixtext><fix id="F-18272r3_fix" /><check system="C-3896r2_chk"><check-content-ref name="M" href="DPMS_XCCDF_Benchmark_zOS CA MIM for TSS STIG.xml" /><check-content>Refer to the following report produced by the TSS Data Collection and Data Set and Resource Data Collection:

-	SENSITVE.RPT(ZMIM0020)
-	TSSCMDS.RPT(#RDT)

Automated Analysis
Refer to the following report produced by the Data Set and Resource Data Collection:

-	PDI(ZMIM0020)

Verify that the accesses to resources and/or generic equivalent are properly restricted according to the requirements specified in CA MIM Resource Sharing Resources table in the z/OS STIG Addendum.  If the following guidance is true, this is not a finding.

___	The TSS resources are owned or DEFPROT is specified for the resource class.

___	The TSS resource access authorizations restrict access to the appropriate personnel.</check-content></check></Rule></Group><Group id="V-18014"><title>ZB000040</title><description>&lt;GroupDescription&gt;&lt;/GroupDescription&gt;</description><Rule id="SV-46150r2_rule" severity="medium" weight="10.0"><version>ZMIM0040</version><title>CA MIM Resource Sharing external security options must be specified properly.</title><description>&lt;VulnDiscussion&gt;CA MIM Resource Sharing offers external security interfaces that are controlled by parameters specified in the MIMINIT member in the MIMPARMS DD statement of the started task procedures.  These interfaces provide security controls for CA MIM.  Without proper controls to ensure that security is active, the integrity of the CA MIM Resource Sharing System and the confidentiality of data stored on the system may be compromised.&lt;/VulnDiscussion&gt;&lt;FalsePositives&gt;&lt;/FalsePositives&gt;&lt;FalseNegatives&gt;&lt;/FalseNegatives&gt;&lt;Documentable&gt;false&lt;/Documentable&gt;&lt;Mitigations&gt;&lt;/Mitigations&gt;&lt;SeverityOverrideGuidance&gt;&lt;/SeverityOverrideGuidance&gt;&lt;PotentialImpacts&gt;&lt;/PotentialImpacts&gt;&lt;ThirdPartyTools&gt;&lt;/ThirdPartyTools&gt;&lt;MitigationControl&gt;&lt;/MitigationControl&gt;&lt;Responsibility&gt;Information Assurance Officer&lt;/Responsibility&gt;&lt;Responsibility&gt;Systems Programmer&lt;/Responsibility&gt;&lt;IAControls&gt;ECCD-1, ECCD-2&lt;/IAControls&gt;</description><reference><dc:title>DPMS Target CA MIM</dc:title><dc:publisher>DISA FSO</dc:publisher><dc:type>DPMS Target</dc:type><dc:subject>CA MIM</dc:subject><dc:identifier>2379</dc:identifier></reference><ident system="http://iase.disa.mil/cci">CCI-000035</ident><fixtext fixref="F-43180r1_fix">The systems programmer/IAO will ensure that the CA MIM Resource Sharing parameter(s) is (are) specified.  CA MIM Resource Sharing security interfaces are controlled by parameters coded in the MIMINIT member of the data set(s) specified in the MIMPARMS DD statement of the started task procedures.
 
Parameter	Value
SAFCMDAUTH	ON</fixtext><fix id="F-43180r1_fix" /><check system="C-45812r1_chk"><check-content-ref name="M" href="DPMS_XCCDF_Benchmark_zOS CA MIM for TSS STIG.xml" /><check-content>Refer to the contents of MIMINIT member of the data set(s) specified in the MIMPARMS DD statement of the started task procedures.
 
Automated Analysis
Refer to the following report produced by the z/OS Data Collection:

-	PDI(ZMIM0040)

Ensure the following CA MIM Resource Sharing parameter(s) is (are) specified in the MIMINIT member of the data set(s) specified in the MIMPARMS DD statement of the started task procedures.  If the following guidance is true, this is not a finding. 

Parameter	Value
SAFCMDAUTH	ON</check-content></check></Rule></Group></Benchmark>