<?xml version="1.0" encoding="utf-8"?><?xml-stylesheet type='text/xsl' href='STIG_unclass.xsl'?><Benchmark xmlns:dsig="http://www.w3.org/2000/09/xmldsig#" xmlns:xsi="http://www.w3.org/2001/XMLSchema-instance" xmlns:cpe="http://cpe.mitre.org/language/2.0" xmlns:xhtml="http://www.w3.org/1999/xhtml" xmlns:dc="http://purl.org/dc/elements/1.1/" id="Router_SRG" xml:lang="en" xsi:schemaLocation="http://checklists.nist.gov/xccdf/1.1 http://nvd.nist.gov/schema/xccdf-1.1.4.xsd http://cpe.mitre.org/dictionary/2.0 http://cpe.mitre.org/files/cpe-dictionary_2.1.xsd" xmlns="http://checklists.nist.gov/xccdf/1.1"><status date="2016-07-01">accepted</status><title>Router Security Requirements Guide</title><description>The Router Security Requirements Guide (SRG) is published as a tool to improve the security of Department of Defense (DoD) information systems. The requirements are derived from the NIST 800-53 and related documents. Comments or proposed revisions to this document should be sent via e-mail to the following address: disa.letterkenny.FSO.mbx.stig-customer-support-mailbox@mail.mil.</description><notice id="terms-of-use" xml:lang="en"></notice><reference href="http://iase.disa.mil"><dc:publisher>DISA</dc:publisher><dc:source>STIG.DOD.MIL</dc:source></reference><plain-text id="release-info">Release: 3 Benchmark Date: 22 Jul 2016</plain-text><version>2</version><Profile id="MAC-1_Classified"><title>I - Mission Critical Classified</title><description>&lt;ProfileDescription&gt;&lt;/ProfileDescription&gt;</description><select idref="V-55721" selected="true" /><select idref="V-55723" selected="true" /><select idref="V-55727" selected="true" /><select idref="V-55729" selected="true" /><select idref="V-55731" selected="true" /><select idref="V-55733" selected="true" /><select idref="V-55735" selected="true" /><select idref="V-55739" selected="true" /><select idref="V-55741" selected="true" /><select idref="V-55747" selected="true" /><select idref="V-55749" selected="true" /><select idref="V-55753" selected="true" /><select idref="V-55757" selected="true" /><select idref="V-55759" selected="true" /><select idref="V-55761" selected="true" /><select idref="V-55763" selected="true" /><select idref="V-55765" selected="true" /><select idref="V-55767" selected="true" /><select idref="V-55769" selected="true" /><select idref="V-55771" selected="true" /><select idref="V-55773" selected="true" /><select idref="V-55775" selected="true" /><select idref="V-55777" selected="true" /><select idref="V-55779" selected="true" /><select idref="V-55781" selected="true" /><select idref="V-55785" selected="true" /><select idref="V-55789" selected="true" /><select idref="V-55791" selected="true" /></Profile><Profile id="MAC-1_Public"><title>I - Mission Critical Public</title><description>&lt;ProfileDescription&gt;&lt;/ProfileDescription&gt;</description><select idref="V-55721" selected="true" /><select idref="V-55723" selected="true" /><select idref="V-55727" selected="true" /><select idref="V-55729" selected="true" /><select idref="V-55731" selected="true" /><select idref="V-55733" selected="true" /><select idref="V-55735" selected="true" /><select idref="V-55739" selected="true" /><select idref="V-55741" selected="true" /><select idref="V-55747" selected="true" /><select idref="V-55749" selected="true" /><select idref="V-55753" selected="true" /><select idref="V-55757" selected="true" /><select idref="V-55759" selected="true" /><select idref="V-55761" selected="true" /><select idref="V-55763" selected="true" /><select idref="V-55765" selected="true" /><select idref="V-55767" selected="true" /><select idref="V-55769" selected="true" /><select idref="V-55771" selected="true" /><select idref="V-55773" selected="true" /><select idref="V-55775" selected="true" /><select idref="V-55777" selected="true" /><select idref="V-55779" selected="true" /><select idref="V-55781" selected="true" /><select idref="V-55785" selected="true" /><select idref="V-55789" selected="true" /><select idref="V-55791" selected="true" /></Profile><Profile id="MAC-1_Sensitive"><title>I - Mission Critical Sensitive</title><description>&lt;ProfileDescription&gt;&lt;/ProfileDescription&gt;</description><select idref="V-55721" selected="true" /><select idref="V-55723" selected="true" /><select idref="V-55727" selected="true" /><select idref="V-55729" selected="true" /><select idref="V-55731" selected="true" /><select idref="V-55733" selected="true" /><select idref="V-55735" selected="true" /><select idref="V-55739" selected="true" /><select idref="V-55741" selected="true" /><select idref="V-55747" selected="true" /><select idref="V-55749" selected="true" /><select idref="V-55753" selected="true" /><select idref="V-55757" selected="true" /><select idref="V-55759" selected="true" /><select idref="V-55761" selected="true" /><select idref="V-55763" selected="true" /><select idref="V-55765" selected="true" /><select idref="V-55767" selected="true" /><select idref="V-55769" selected="true" /><select idref="V-55771" selected="true" /><select idref="V-55773" selected="true" /><select idref="V-55775" selected="true" /><select idref="V-55777" selected="true" /><select idref="V-55779" selected="true" /><select idref="V-55781" selected="true" /><select idref="V-55785" selected="true" /><select idref="V-55789" selected="true" /><select idref="V-55791" selected="true" /></Profile><Profile id="MAC-2_Classified"><title>II - Mission Support Classified</title><description>&lt;ProfileDescription&gt;&lt;/ProfileDescription&gt;</description><select idref="V-55721" selected="true" /><select idref="V-55723" selected="true" /><select idref="V-55727" selected="true" /><select idref="V-55729" selected="true" /><select idref="V-55731" selected="true" /><select idref="V-55733" selected="true" /><select idref="V-55735" selected="true" /><select idref="V-55739" selected="true" /><select idref="V-55741" selected="true" /><select idref="V-55747" selected="true" /><select idref="V-55749" selected="true" /><select idref="V-55753" selected="true" /><select idref="V-55757" selected="true" /><select idref="V-55759" selected="true" /><select idref="V-55761" selected="true" /><select idref="V-55763" selected="true" /><select idref="V-55765" selected="true" /><select idref="V-55767" selected="true" /><select idref="V-55769" selected="true" /><select idref="V-55771" selected="true" /><select idref="V-55773" selected="true" /><select idref="V-55775" selected="true" /><select idref="V-55777" selected="true" /><select idref="V-55779" selected="true" /><select idref="V-55781" selected="true" /><select idref="V-55785" selected="true" /><select idref="V-55789" selected="true" /><select idref="V-55791" selected="true" /></Profile><Profile id="MAC-2_Public"><title>II - Mission Support Public</title><description>&lt;ProfileDescription&gt;&lt;/ProfileDescription&gt;</description><select idref="V-55721" selected="true" /><select idref="V-55723" selected="true" /><select idref="V-55727" selected="true" /><select idref="V-55729" selected="true" /><select idref="V-55731" selected="true" /><select idref="V-55733" selected="true" /><select idref="V-55735" selected="true" /><select idref="V-55739" selected="true" /><select idref="V-55741" selected="true" /><select idref="V-55747" selected="true" /><select idref="V-55749" selected="true" /><select idref="V-55753" selected="true" /><select idref="V-55757" selected="true" /><select idref="V-55759" selected="true" /><select idref="V-55761" selected="true" /><select idref="V-55763" selected="true" /><select idref="V-55765" selected="true" /><select idref="V-55767" selected="true" /><select idref="V-55769" selected="true" /><select idref="V-55771" selected="true" /><select idref="V-55773" selected="true" /><select idref="V-55775" selected="true" /><select idref="V-55777" selected="true" /><select idref="V-55779" selected="true" /><select idref="V-55781" selected="true" /><select idref="V-55785" selected="true" /><select idref="V-55789" selected="true" /><select idref="V-55791" selected="true" /></Profile><Profile id="MAC-2_Sensitive"><title>II - Mission Support Sensitive</title><description>&lt;ProfileDescription&gt;&lt;/ProfileDescription&gt;</description><select idref="V-55721" selected="true" /><select idref="V-55723" selected="true" /><select idref="V-55727" selected="true" /><select idref="V-55729" selected="true" /><select idref="V-55731" selected="true" /><select idref="V-55733" selected="true" /><select idref="V-55735" selected="true" /><select idref="V-55739" selected="true" /><select idref="V-55741" selected="true" /><select idref="V-55747" selected="true" /><select idref="V-55749" selected="true" /><select idref="V-55753" selected="true" /><select idref="V-55757" selected="true" /><select idref="V-55759" selected="true" /><select idref="V-55761" selected="true" /><select idref="V-55763" selected="true" /><select idref="V-55765" selected="true" /><select idref="V-55767" selected="true" /><select idref="V-55769" selected="true" /><select idref="V-55771" selected="true" /><select idref="V-55773" selected="true" /><select idref="V-55775" selected="true" /><select idref="V-55777" selected="true" /><select idref="V-55779" selected="true" /><select idref="V-55781" selected="true" /><select idref="V-55785" selected="true" /><select idref="V-55789" selected="true" /><select idref="V-55791" selected="true" /></Profile><Profile id="MAC-3_Classified"><title>III - Administrative Classified</title><description>&lt;ProfileDescription&gt;&lt;/ProfileDescription&gt;</description><select idref="V-55721" selected="true" /><select idref="V-55723" selected="true" /><select idref="V-55727" selected="true" /><select idref="V-55729" selected="true" /><select idref="V-55731" selected="true" /><select idref="V-55733" selected="true" /><select idref="V-55735" selected="true" /><select idref="V-55739" selected="true" /><select idref="V-55741" selected="true" /><select idref="V-55747" selected="true" /><select idref="V-55749" selected="true" /><select idref="V-55753" selected="true" /><select idref="V-55757" selected="true" /><select idref="V-55759" selected="true" /><select idref="V-55761" selected="true" /><select idref="V-55763" selected="true" /><select idref="V-55765" selected="true" /><select idref="V-55767" selected="true" /><select idref="V-55769" selected="true" /><select idref="V-55771" selected="true" /><select idref="V-55773" selected="true" /><select idref="V-55775" selected="true" /><select idref="V-55777" selected="true" /><select idref="V-55779" selected="true" /><select idref="V-55781" selected="true" /><select idref="V-55785" selected="true" /><select idref="V-55789" selected="true" /><select idref="V-55791" selected="true" /></Profile><Profile id="MAC-3_Public"><title>III - Administrative Public</title><description>&lt;ProfileDescription&gt;&lt;/ProfileDescription&gt;</description><select idref="V-55721" selected="true" /><select idref="V-55723" selected="true" /><select idref="V-55727" selected="true" /><select idref="V-55729" selected="true" /><select idref="V-55731" selected="true" /><select idref="V-55733" selected="true" /><select idref="V-55735" selected="true" /><select idref="V-55739" selected="true" /><select idref="V-55741" selected="true" /><select idref="V-55747" selected="true" /><select idref="V-55749" selected="true" /><select idref="V-55753" selected="true" /><select idref="V-55757" selected="true" /><select idref="V-55759" selected="true" /><select idref="V-55761" selected="true" /><select idref="V-55763" selected="true" /><select idref="V-55765" selected="true" /><select idref="V-55767" selected="true" /><select idref="V-55769" selected="true" /><select idref="V-55771" selected="true" /><select idref="V-55773" selected="true" /><select idref="V-55775" selected="true" /><select idref="V-55777" selected="true" /><select idref="V-55779" selected="true" /><select idref="V-55781" selected="true" /><select idref="V-55785" selected="true" /><select idref="V-55789" selected="true" /><select idref="V-55791" selected="true" /></Profile><Profile id="MAC-3_Sensitive"><title>III - Administrative Sensitive</title><description>&lt;ProfileDescription&gt;&lt;/ProfileDescription&gt;</description><select idref="V-55721" selected="true" /><select idref="V-55723" selected="true" /><select idref="V-55727" selected="true" /><select idref="V-55729" selected="true" /><select idref="V-55731" selected="true" /><select idref="V-55733" selected="true" /><select idref="V-55735" selected="true" /><select idref="V-55739" selected="true" /><select idref="V-55741" selected="true" /><select idref="V-55747" selected="true" /><select idref="V-55749" selected="true" /><select idref="V-55753" selected="true" /><select idref="V-55757" selected="true" /><select idref="V-55759" selected="true" /><select idref="V-55761" selected="true" /><select idref="V-55763" selected="true" /><select idref="V-55765" selected="true" /><select idref="V-55767" selected="true" /><select idref="V-55769" selected="true" /><select idref="V-55771" selected="true" /><select idref="V-55773" selected="true" /><select idref="V-55775" selected="true" /><select idref="V-55777" selected="true" /><select idref="V-55779" selected="true" /><select idref="V-55781" selected="true" /><select idref="V-55785" selected="true" /><select idref="V-55789" selected="true" /><select idref="V-55791" selected="true" /></Profile><Group id="V-55721"><title>SRG-NET-000019-RTR-000002</title><description>&lt;GroupDescription&gt;&lt;/GroupDescription&gt;</description><Rule id="SV-69975r1_rule" severity="medium" weight="10.0"><version>SRG-NET-000019-RTR-000002</version><title>The router must enforce approved authorizations for controlling the flow of information between interconnected networks in accordance with applicable policy.</title><description>&lt;VulnDiscussion&gt;Information flow control regulates authorized information to travel within a network and between interconnected networks. Controlling the flow of network traffic is critical so it does not introduce any unacceptable risk to the network infrastructure or data. An example of a flow control restriction is blocking outside traffic claiming to be from within the organization. For most routers, internal information flow control is a product of system design.&lt;/VulnDiscussion&gt;&lt;FalsePositives&gt;&lt;/FalsePositives&gt;&lt;FalseNegatives&gt;&lt;/FalseNegatives&gt;&lt;Documentable&gt;false&lt;/Documentable&gt;&lt;Mitigations&gt;&lt;/Mitigations&gt;&lt;SeverityOverrideGuidance&gt;&lt;/SeverityOverrideGuidance&gt;&lt;PotentialImpacts&gt;&lt;/PotentialImpacts&gt;&lt;ThirdPartyTools&gt;&lt;/ThirdPartyTools&gt;&lt;MitigationControl&gt;&lt;/MitigationControl&gt;&lt;Responsibility&gt;&lt;/Responsibility&gt;&lt;IAControls&gt;&lt;/IAControls&gt;</description><reference><dc:title>DPMS Target SRG-NET-RTR</dc:title><dc:publisher>DISA</dc:publisher><dc:type>DPMS Target</dc:type><dc:subject>SRG-NET-RTR</dc:subject><dc:identifier>2470</dc:identifier></reference><ident system="http://iase.disa.mil/cci">CCI-001414</ident><fixtext fixref="F-60591r1_fix">Configure the router to enforce approved authorizations for controlling the flow of information between interconnected networks in accordance with applicable policy.</fixtext><fix id="F-60591r1_fix" /><check system="C-56287r1_chk"><check-content-ref name="M" href="DPMS_XCCDF_Benchmark_Router_SRG.xml" /><check-content>Verify each router enforces approved authorizations for controlling the flow of information between interconnected networks in accordance with applicable policy.

If the router does not enforce approved authorizations for controlling the flow of information between interconnected networks in accordance with applicable policy, this is a finding.</check-content></check></Rule></Group><Group id="V-55723"><title>SRG-NET-000019-RTR-000003</title><description>&lt;GroupDescription&gt;&lt;/GroupDescription&gt;</description><Rule id="SV-69977r1_rule" severity="medium" weight="10.0"><version>SRG-NET-000019-RTR-000003</version><title>The router must disable Protocol Independent Multicast (PIM) on all interfaces that are not required to support multicast routing.</title><description>&lt;VulnDiscussion&gt;If multicast traffic is forwarded beyond the intended boundary, it is possible that it can be intercepted by unauthorized or unintended personnel. Limiting where, within the network, a given multicast group's data is permitted to flow is an important first step in improving multicast security. 

A scope zone is an instance of a connected region of a given scope. Zones of the same scope cannot overlap while zones of a smaller scope will fit completely within a zone of a larger scope. For example, Admin-local scope is smaller than Site-local scope, so the administratively configured boundary fits within the bounds of a site. According to RFC 4007 IPv6 Scoped Address Architecture (section 5), scope zones are also required to be "convex from a routing perspective"; that is, packets routed within a zone must not pass through any links that are outside of the zone. This requirement forces each zone to be one contiguous island rather than a series of separate islands. 

As stated in the DoD IPv6 IA Guidance for MO3, "One should be able to identify all interfaces of a zone by drawing a closed loop on their network diagram, engulfing some routers and passing through some routers to include only some of their interfaces." Therefore, it is imperative that the network has documented their multicast topology and thereby knows which interfaces are enabled for multicast. Once this is done, the zones can be scoped as required.&lt;/VulnDiscussion&gt;&lt;FalsePositives&gt;&lt;/FalsePositives&gt;&lt;FalseNegatives&gt;&lt;/FalseNegatives&gt;&lt;Documentable&gt;false&lt;/Documentable&gt;&lt;Mitigations&gt;&lt;/Mitigations&gt;&lt;SeverityOverrideGuidance&gt;&lt;/SeverityOverrideGuidance&gt;&lt;PotentialImpacts&gt;&lt;/PotentialImpacts&gt;&lt;ThirdPartyTools&gt;&lt;/ThirdPartyTools&gt;&lt;MitigationControl&gt;&lt;/MitigationControl&gt;&lt;Responsibility&gt;&lt;/Responsibility&gt;&lt;IAControls&gt;&lt;/IAControls&gt;</description><reference><dc:title>DPMS Target SRG-NET-RTR</dc:title><dc:publisher>DISA</dc:publisher><dc:type>DPMS Target</dc:type><dc:subject>SRG-NET-RTR</dc:subject><dc:identifier>2470</dc:identifier></reference><ident system="http://iase.disa.mil/cci">CCI-001414</ident><fixtext fixref="F-60593r1_fix">Document all enabled interfaces for PIM in the network's multicast topology diagram. Disable support for PIM on interfaces that are not required to support it.</fixtext><fix id="F-60593r1_fix" /><check system="C-56289r1_chk"><check-content-ref name="M" href="DPMS_XCCDF_Benchmark_Router_SRG.xml" /><check-content>If IPv4 or IPv6 multicast routing is enabled, verify all interfaces enabled for PIM are documented in the network's multicast topology diagram. Review the router configuration to determine if multicast routing is enabled and which interfaces are enabled for PIM.

If an interface is not required to support multicast routing and it is enabled, this is a finding.</check-content></check></Rule></Group><Group id="V-55727"><title>SRG-NET-000019-RTR-000004</title><description>&lt;GroupDescription&gt;&lt;/GroupDescription&gt;</description><Rule id="SV-69981r1_rule" severity="medium" weight="10.0"><version>SRG-NET-000019-RTR-000004</version><title>The router must bind a Protocol Independent Multicast (PIM) neighbor filter to interfaces that have PIM enabled.</title><description>&lt;VulnDiscussion&gt;Protocol Independent Multicast (PIM) is a routing protocol used to build multicast distribution trees for forwarding multicast traffic across the network infrastructure. Protocol Independent Multicast traffic must be limited to only known PIM neighbors by configuring and binding a PIM neighbor filter to those interfaces that have PIM enabled. If a PIM neighbor filter is not applied to those interfaces that have PIM enabled, an unauthorized routers can join the PIM domain and discover and use the rendezvous points, and also advertise their rendezvous points into the domain. This can result in a denial of service by traffic flooding or result in the unauthorized transfer of data.&lt;/VulnDiscussion&gt;&lt;FalsePositives&gt;&lt;/FalsePositives&gt;&lt;FalseNegatives&gt;&lt;/FalseNegatives&gt;&lt;Documentable&gt;false&lt;/Documentable&gt;&lt;Mitigations&gt;&lt;/Mitigations&gt;&lt;SeverityOverrideGuidance&gt;&lt;/SeverityOverrideGuidance&gt;&lt;PotentialImpacts&gt;&lt;/PotentialImpacts&gt;&lt;ThirdPartyTools&gt;&lt;/ThirdPartyTools&gt;&lt;MitigationControl&gt;&lt;/MitigationControl&gt;&lt;Responsibility&gt;&lt;/Responsibility&gt;&lt;IAControls&gt;&lt;/IAControls&gt;</description><reference><dc:title>DPMS Target SRG-NET-RTR</dc:title><dc:publisher>DISA</dc:publisher><dc:type>DPMS Target</dc:type><dc:subject>SRG-NET-RTR</dc:subject><dc:identifier>2470</dc:identifier></reference><ident system="http://iase.disa.mil/cci">CCI-001414</ident><fixtext fixref="F-60597r1_fix">Configure neighbor filters to only accept PIM control plane traffic from documented PIM neighbors. Bind neighbor filters to all PIM enabled interfaces.</fixtext><fix id="F-60597r1_fix" /><check system="C-56293r1_chk"><check-content-ref name="M" href="DPMS_XCCDF_Benchmark_Router_SRG.xml" /><check-content>Review the multicast topology diagram and determine if router interfaces are enabled for IPv4 or IPv6 multicast routing.

If the router is enabled for multicast routing, verify all interfaces enabled for PIM have a neighbor filter bound to the interface. The neighbor filter must only accept PIM control plane traffic from the documented PIM neighbors.

If PIM neighbor filters are not bound to all interfaces that have PIM enabled, this is a finding.</check-content></check></Rule></Group><Group id="V-55729"><title>SRG-NET-000019-RTR-000005</title><description>&lt;GroupDescription&gt;&lt;/GroupDescription&gt;</description><Rule id="SV-69983r1_rule" severity="medium" weight="10.0"><version>SRG-NET-000019-RTR-000005</version><title>The router must establish boundaries for IPv6 Admin-Local, IPv6 Site-Local, IPv6 Organization-Local scope, and IPv4 Local-Scope multicast traffic.</title><description>&lt;VulnDiscussion&gt;If multicast traffic is forwarded beyond the intended boundary, it is possible that it can be intercepted by unauthorized or unintended personnel.

Administrative scoped multicast addresses are locally assigned and are to be used exclusively by the enterprise network or enclave. Administrative scoped multicast traffic must not cross the enclave perimeter in either direction. Restricting multicast traffic makes it more difficult for a malicious user to access sensitive traffic.

Admin-Local scope is encouraged for any multicast traffic within a network intended for network management, as well as for control plane traffic that must reach beyond link-local destinations.&lt;/VulnDiscussion&gt;&lt;FalsePositives&gt;&lt;/FalsePositives&gt;&lt;FalseNegatives&gt;&lt;/FalseNegatives&gt;&lt;Documentable&gt;false&lt;/Documentable&gt;&lt;Mitigations&gt;&lt;/Mitigations&gt;&lt;SeverityOverrideGuidance&gt;&lt;/SeverityOverrideGuidance&gt;&lt;PotentialImpacts&gt;&lt;/PotentialImpacts&gt;&lt;ThirdPartyTools&gt;&lt;/ThirdPartyTools&gt;&lt;MitigationControl&gt;&lt;/MitigationControl&gt;&lt;Responsibility&gt;&lt;/Responsibility&gt;&lt;IAControls&gt;&lt;/IAControls&gt;</description><reference><dc:title>DPMS Target SRG-NET-RTR</dc:title><dc:publisher>DISA</dc:publisher><dc:type>DPMS Target</dc:type><dc:subject>SRG-NET-RTR</dc:subject><dc:identifier>2470</dc:identifier></reference><ident system="http://iase.disa.mil/cci">CCI-001414</ident><fixtext fixref="F-60599r1_fix">Configure the appropriate boundaries to contain packets addressed within the administratively scoped zone. Defined multicast addresses are FFx4::/16, FFx5::/16, FFx8::/16, and 239.255.0.0/16.</fixtext><fix id="F-60599r1_fix" /><check system="C-56295r1_chk"><check-content-ref name="M" href="DPMS_XCCDF_Benchmark_Router_SRG.xml" /><check-content>Review the multicast topology diagram to determine if there are any documented Admin-Local (FFx4::/16), Site-Local (FFx5::/16), or Organization-Local (FFx8::/16) multicast boundaries for IPv6 traffic or any Local-Scope (239.255.0.0/16) boundaries for IPv4 traffic.

Verify the appropriate boundaries are configured on the applicable multicast-enabled interfaces.

If the appropriate boundaries are not configured on applicable multicast-enabled interfaces, this is a finding.</check-content></check></Rule></Group><Group id="V-55731"><title>SRG-NET-000019-RTR-000007</title><description>&lt;GroupDescription&gt;&lt;/GroupDescription&gt;</description><Rule id="SV-69985r2_rule" severity="medium" weight="10.0"><version>SRG-NET-000019-RTR-000007</version><title>The router must be configured so inactive router interfaces are disabled.</title><description>&lt;VulnDiscussion&gt;An inactive interface is rarely monitored or controlled and may expose a network to an undetected attack on that interface. Unauthorized personnel with access to the communication facility could gain access to a router by connecting to a configured interface that is not in use.

If an interface is no longer used, the configuration must be deleted and the interface disabled.  For sub-interfaces, delete sub-interfaces that are on inactive interfaces and delete sub-interfaces that are themselves inactive.  If the sub-interface is no longer necessary for authorized communications, then it must be deleted.&lt;/VulnDiscussion&gt;&lt;FalsePositives&gt;&lt;/FalsePositives&gt;&lt;FalseNegatives&gt;&lt;/FalseNegatives&gt;&lt;Documentable&gt;false&lt;/Documentable&gt;&lt;Mitigations&gt;&lt;/Mitigations&gt;&lt;SeverityOverrideGuidance&gt;&lt;/SeverityOverrideGuidance&gt;&lt;PotentialImpacts&gt;&lt;/PotentialImpacts&gt;&lt;ThirdPartyTools&gt;&lt;/ThirdPartyTools&gt;&lt;MitigationControl&gt;&lt;/MitigationControl&gt;&lt;Responsibility&gt;&lt;/Responsibility&gt;&lt;IAControls&gt;&lt;/IAControls&gt;</description><reference><dc:title>DPMS Target SRG-NET-RTR</dc:title><dc:publisher>DISA</dc:publisher><dc:type>DPMS Target</dc:type><dc:subject>SRG-NET-RTR</dc:subject><dc:identifier>2470</dc:identifier></reference><ident system="http://iase.disa.mil/cci">CCI-001414</ident><fixtext fixref="F-60601r2_fix">Delete inactive sub-interfaces, and disable and delete the configuration of any inactive ports on the router. </fixtext><fix id="F-60601r2_fix" /><check system="C-56297r2_chk"><check-content-ref name="M" href="DPMS_XCCDF_Benchmark_Router_SRG.xml" /><check-content>View the configuration of the router.  If an interface is not being used, but is configured or enabled, this is a finding.</check-content></check></Rule></Group><Group id="V-55733"><title>SRG-NET-000019-RTR-000009</title><description>&lt;GroupDescription&gt;&lt;/GroupDescription&gt;</description><Rule id="SV-69987r1_rule" severity="medium" weight="10.0"><version>SRG-NET-000019-RTR-000009</version><title>The router must protect an enclave connected to an Alternate Gateway by using an inbound filter that only permits packets with destination addresses within the sites address space.</title><description>&lt;VulnDiscussion&gt;Enclaves with Alternate Gateway connections must take additional steps to ensure there is no compromise on the enclave network or NIPRNet. Without verifying the destination address of traffic coming from the site's Alternate Gateway, the perimeter router could be routing transit data from the Internet into the NIPRNet. This could also make the perimeter router vulnerable to a DoS attack as well as provide a backdoor into the NIPRNet. The DoD enclave must ensure the ingress filter applied to external interfaces on a perimeter router connecting to an Approved Gateway is secure through filters permitting packets with a destination address belonging to the DoD enclave's address block.&lt;/VulnDiscussion&gt;&lt;FalsePositives&gt;&lt;/FalsePositives&gt;&lt;FalseNegatives&gt;&lt;/FalseNegatives&gt;&lt;Documentable&gt;false&lt;/Documentable&gt;&lt;Mitigations&gt;&lt;/Mitigations&gt;&lt;SeverityOverrideGuidance&gt;&lt;/SeverityOverrideGuidance&gt;&lt;PotentialImpacts&gt;&lt;/PotentialImpacts&gt;&lt;ThirdPartyTools&gt;&lt;/ThirdPartyTools&gt;&lt;MitigationControl&gt;&lt;/MitigationControl&gt;&lt;Responsibility&gt;&lt;/Responsibility&gt;&lt;IAControls&gt;&lt;/IAControls&gt;</description><reference><dc:title>DPMS Target SRG-NET-RTR</dc:title><dc:publisher>DISA</dc:publisher><dc:type>DPMS Target</dc:type><dc:subject>SRG-NET-RTR</dc:subject><dc:identifier>2470</dc:identifier></reference><ident system="http://iase.disa.mil/cci">CCI-001414</ident><fixtext fixref="F-60603r1_fix">Configure the ingress filter of the perimeter router connected to an Alternate Gateway to only permit packets with destination addresses of the site's NIPRNet address space or a destination address belonging to the address block assigned by the Alternate Gateway network service provider.</fixtext><fix id="F-60603r1_fix" /><check system="C-56301r1_chk"><check-content-ref name="M" href="DPMS_XCCDF_Benchmark_Router_SRG.xml" /><check-content>Review the configuration of each router interface connecting to an Alternate Gateway.

Verify each permit statement of the ingress filter only permits packets with destination addresses of the site's NIPRNet address space or a destination address belonging to the address block assigned by the Alternate Gateway network service provider.

If the ingress filter permits packets with addresses other than those specified, such as destination addresses of the site's NIPRNet address space or a destination address belonging to the address block assigned by the Alternate Gateway network service provider, this is a finding.</check-content></check></Rule></Group><Group id="V-55735"><title>SRG-NET-000019-RTR-000010</title><description>&lt;GroupDescription&gt;&lt;/GroupDescription&gt;</description><Rule id="SV-69989r1_rule" severity="medium" weight="10.0"><version>SRG-NET-000019-RTR-000010</version><title>If Border Gateway Protocol (BGP) is enabled on the router, the router must not be a BGP peer with a router from an Autonomous System belonging to any Alternate Gateway.</title><description>&lt;VulnDiscussion&gt;The perimeter router will not use a routing protocol to advertise NIPRNet addresses to Alternate Gateways. Most ISPs use Border Gateway Protocol (BGP) to share route information with other autonomous systems, that is, any network under a different administrative control and policy than a local site. If BGP is configured on the perimeter router, no BGP neighbors will be defined to peer routers from an AS belonging to any Alternate Gateway. The only allowable method is a static route to reach the Alternate Gateway.&lt;/VulnDiscussion&gt;&lt;FalsePositives&gt;&lt;/FalsePositives&gt;&lt;FalseNegatives&gt;&lt;/FalseNegatives&gt;&lt;Documentable&gt;false&lt;/Documentable&gt;&lt;Mitigations&gt;&lt;/Mitigations&gt;&lt;SeverityOverrideGuidance&gt;&lt;/SeverityOverrideGuidance&gt;&lt;PotentialImpacts&gt;&lt;/PotentialImpacts&gt;&lt;ThirdPartyTools&gt;&lt;/ThirdPartyTools&gt;&lt;MitigationControl&gt;&lt;/MitigationControl&gt;&lt;Responsibility&gt;&lt;/Responsibility&gt;&lt;IAControls&gt;&lt;/IAControls&gt;</description><reference><dc:title>DPMS Target SRG-NET-RTR</dc:title><dc:publisher>DISA</dc:publisher><dc:type>DPMS Target</dc:type><dc:subject>SRG-NET-RTR</dc:subject><dc:identifier>2470</dc:identifier></reference><ident system="http://iase.disa.mil/cci">CCI-001414</ident><fixtext fixref="F-60607r1_fix">Configure a static route on the perimeter router to reach the AS of a router connecting to an Alternate Gateway.</fixtext><fix id="F-60607r1_fix" /><check system="C-56303r1_chk"><check-content-ref name="M" href="DPMS_XCCDF_Benchmark_Router_SRG.xml" /><check-content>Review the configuration of the router connecting to the Alternate Gateway.

Verify there are no BGP neighbors configured to the remote AS that belongs to the Alternate Gateway service provider.

If there are BGP neighbors connecting the remote AS of the Alternate Gateway service provider, this is a finding.</check-content></check></Rule></Group><Group id="V-55739"><title>SRG-NET-000019-RTR-000011</title><description>&lt;GroupDescription&gt;&lt;/GroupDescription&gt;</description><Rule id="SV-69993r1_rule" severity="medium" weight="10.0"><version>SRG-NET-000019-RTR-000011</version><title>The router must not redistribute static routes to alternate gateway service provider into an Exterior Gateway Protocol or Interior Gateway Protocol to the NIPRNet or to other Autonomous System.</title><description>&lt;VulnDiscussion&gt;If the static routes to the alternate gateway are being redistributed into an Exterior Gateway Protocol or Interior Gateway Protocol to a NIPRNet gateway, this could make traffic on NIPRNet flow to that particular router and not to the Internet Access Point routers. This could not only wreak havoc with traffic flows on NIPRNet, but it could overwhelm the connection from the router to the NIPRNet gateway(s) and also cause traffic destined for outside of NIPRNet to bypass the defenses of the Internet Access Points.&lt;/VulnDiscussion&gt;&lt;FalsePositives&gt;&lt;/FalsePositives&gt;&lt;FalseNegatives&gt;&lt;/FalseNegatives&gt;&lt;Documentable&gt;false&lt;/Documentable&gt;&lt;Mitigations&gt;&lt;/Mitigations&gt;&lt;SeverityOverrideGuidance&gt;&lt;/SeverityOverrideGuidance&gt;&lt;PotentialImpacts&gt;&lt;/PotentialImpacts&gt;&lt;ThirdPartyTools&gt;&lt;/ThirdPartyTools&gt;&lt;MitigationControl&gt;&lt;/MitigationControl&gt;&lt;Responsibility&gt;&lt;/Responsibility&gt;&lt;IAControls&gt;&lt;/IAControls&gt;</description><reference><dc:title>DPMS Target SRG-NET-RTR</dc:title><dc:publisher>DISA</dc:publisher><dc:type>DPMS Target</dc:type><dc:subject>SRG-NET-RTR</dc:subject><dc:identifier>2470</dc:identifier></reference><ident system="http://iase.disa.mil/cci">CCI-001414</ident><fixtext fixref="F-60609r1_fix">Configure the router so that static routes are not redistributed to an Alternate Gateway into either an Exterior Gateway Protocol or Interior Gateway Protocol to the NIPRNet or to other Autonomous System.</fixtext><fix id="F-60609r1_fix" /><check system="C-56305r1_chk"><check-content-ref name="M" href="DPMS_XCCDF_Benchmark_Router_SRG.xml" /><check-content>Review the configuration of the route connecting to the Alternate Gateway.

Verify redistribution of static routes to the Alternate Gateway is not occurring.

If the static routes to the Alternate Gateway are being redistributed into an Exterior Gateway Protocol or Interior Gateway Protocol to a NIPRNet gateway, this is a finding.</check-content></check></Rule></Group><Group id="V-55741"><title>SRG-NET-000019-RTR-000012</title><description>&lt;GroupDescription&gt;&lt;/GroupDescription&gt;</description><Rule id="SV-69995r1_rule" severity="medium" weight="10.0"><version>SRG-NET-000019-RTR-000012</version><title>The router must enforce that Interior Gateway Protocol instances configured on the out-of-band management gateway router only peer with their own routing domain.</title><description>&lt;VulnDiscussion&gt;If the gateway router is not a dedicated device for the out-of-band management network, implementation of several safeguards for containment of management and production traffic boundaries must occur. Since the managed and management network are separate routing domains, configuration of separate Interior Gateway Protocol routing instances is critical on the router to segregate traffic from each network.&lt;/VulnDiscussion&gt;&lt;FalsePositives&gt;&lt;/FalsePositives&gt;&lt;FalseNegatives&gt;&lt;/FalseNegatives&gt;&lt;Documentable&gt;false&lt;/Documentable&gt;&lt;Mitigations&gt;&lt;/Mitigations&gt;&lt;SeverityOverrideGuidance&gt;&lt;/SeverityOverrideGuidance&gt;&lt;PotentialImpacts&gt;&lt;/PotentialImpacts&gt;&lt;ThirdPartyTools&gt;&lt;/ThirdPartyTools&gt;&lt;MitigationControl&gt;&lt;/MitigationControl&gt;&lt;Responsibility&gt;&lt;/Responsibility&gt;&lt;IAControls&gt;&lt;/IAControls&gt;</description><reference><dc:title>DPMS Target SRG-NET-RTR</dc:title><dc:publisher>DISA</dc:publisher><dc:type>DPMS Target</dc:type><dc:subject>SRG-NET-RTR</dc:subject><dc:identifier>2470</dc:identifier></reference><ident system="http://iase.disa.mil/cci">CCI-001414</ident><fixtext fixref="F-60613r1_fix">Configure the router to enforce that Interior Gateway Protocol instances configured on the out-of-band management gateway router only peer with their own routing domain.</fixtext><fix id="F-60613r1_fix" /><check system="C-56307r1_chk"><check-content-ref name="M" href="DPMS_XCCDF_Benchmark_Router_SRG.xml" /><check-content>Verify that the out-of-band management interface is an adjacency in the Interior Gateway Protocol routing domain for the management network.

If the router does not enforce that Interior Gateway Protocol instances configured on the out-of-band management gateway router only peer with their own routing domain, this is a finding.</check-content></check></Rule></Group><Group id="V-55747"><title>SRG-NET-000019-RTR-000013</title><description>&lt;GroupDescription&gt;&lt;/GroupDescription&gt;</description><Rule id="SV-70001r1_rule" severity="medium" weight="10.0"><version>SRG-NET-000019-RTR-000013</version><title>The router must enforce that the managed network domain and the management network domain are separate routing domains and the Interior Gateway Protocol instances are not redistributed or advertised to each other.</title><description>&lt;VulnDiscussion&gt;If the gateway router is not a dedicated device for the out-of-band management network, several safeguards must be implemented for containment of management and production traffic boundaries, otherwise, it is possible that management traffic will not be separated from production traffic. 

Since the managed network and the management network are separate routing domains, separate Interior Gateway Protocol routing instances must be configured on the router, one for the managed network and one for the out-of-band management network. In addition, the routes from the two domains must not be redistributed to each other.&lt;/VulnDiscussion&gt;&lt;FalsePositives&gt;&lt;/FalsePositives&gt;&lt;FalseNegatives&gt;&lt;/FalseNegatives&gt;&lt;Documentable&gt;false&lt;/Documentable&gt;&lt;Mitigations&gt;&lt;/Mitigations&gt;&lt;SeverityOverrideGuidance&gt;&lt;/SeverityOverrideGuidance&gt;&lt;PotentialImpacts&gt;&lt;/PotentialImpacts&gt;&lt;ThirdPartyTools&gt;&lt;/ThirdPartyTools&gt;&lt;MitigationControl&gt;&lt;/MitigationControl&gt;&lt;Responsibility&gt;&lt;/Responsibility&gt;&lt;IAControls&gt;&lt;/IAControls&gt;</description><reference><dc:title>DPMS Target SRG-NET-RTR</dc:title><dc:publisher>DISA</dc:publisher><dc:type>DPMS Target</dc:type><dc:subject>SRG-NET-RTR</dc:subject><dc:identifier>2470</dc:identifier></reference><ident system="http://iase.disa.mil/cci">CCI-001414</ident><fixtext fixref="F-60617r1_fix">Configure the Interior Gateway Protocol instance used for the managed network to prohibit redistribution of routes into the Interior Gateway Protocol instance used for the management network, and vice versa.</fixtext><fix id="F-60617r1_fix" /><check system="C-56313r1_chk"><check-content-ref name="M" href="DPMS_XCCDF_Benchmark_Router_SRG.xml" /><check-content>Verify the Interior Gateway Protocol instance used for the managed network does not redistribute routes into the Interior Gateway Protocol instance used for the management network, and vice versa.

If the Interior Gateway Protocol instance used for the managed network redistributes routes into the Interior Gateway Protocol instance used for the management network, or vice versa, this is a finding.</check-content></check></Rule></Group><Group id="V-55749"><title>SRG-NET-000019-RTR-000014</title><description>&lt;GroupDescription&gt;&lt;/GroupDescription&gt;</description><Rule id="SV-70003r1_rule" severity="medium" weight="10.0"><version>SRG-NET-000019-RTR-000014</version><title>The router must enforce that any interface used for out-of-band management traffic is configured to be passive for the Interior Gateway Protocol that is utilized on that management interface.</title><description>&lt;VulnDiscussion&gt;The out-of-band management access switch will connect to the management interface of the managed network elements. The management interface can be a true out-of-band management interface or a standard interface functioning as the management interface. In either case, the management interface of the managed network element will directly connect to the out-of-band management network.

An out-of-band management interface does not forward transit traffic, thereby, providing complete separation of production and management traffic. Since all management traffic is immediately forwarded into the management network, it is not exposed to possible tampering. The separation also ensures that congestion or failures in the managed network do not affect the management of the device. If the device does not have an out-of-band management port, the interface functioning as the management interface must be configured so that management traffic, both data plane and control plane, does not leak into the managed network and that production traffic does not leak into the management network.&lt;/VulnDiscussion&gt;&lt;FalsePositives&gt;&lt;/FalsePositives&gt;&lt;FalseNegatives&gt;&lt;/FalseNegatives&gt;&lt;Documentable&gt;false&lt;/Documentable&gt;&lt;Mitigations&gt;&lt;/Mitigations&gt;&lt;SeverityOverrideGuidance&gt;&lt;/SeverityOverrideGuidance&gt;&lt;PotentialImpacts&gt;&lt;/PotentialImpacts&gt;&lt;ThirdPartyTools&gt;&lt;/ThirdPartyTools&gt;&lt;MitigationControl&gt;&lt;/MitigationControl&gt;&lt;Responsibility&gt;&lt;/Responsibility&gt;&lt;IAControls&gt;&lt;/IAControls&gt;</description><reference><dc:title>DPMS Target SRG-NET-RTR</dc:title><dc:publisher>DISA</dc:publisher><dc:type>DPMS Target</dc:type><dc:subject>SRG-NET-RTR</dc:subject><dc:identifier>2470</dc:identifier></reference><ident system="http://iase.disa.mil/cci">CCI-001414</ident><fixtext fixref="F-60621r1_fix">Configure the management interface as passive for the Interior Gateway Protocol instance configured for the managed network.</fixtext><fix id="F-60621r1_fix" /><check system="C-56317r1_chk"><check-content-ref name="M" href="DPMS_XCCDF_Benchmark_Router_SRG.xml" /><check-content>Review the configuration to verify the management interface is configured as passive for the Interior Gateway Protocol instance for the managed network.

If the management interface is not configured as passive for the Interior Gateway Protocol instance for the managed network, this is a finding.</check-content></check></Rule></Group><Group id="V-55753"><title>SRG-NET-000020-RTR-000015</title><description>&lt;GroupDescription&gt;&lt;/GroupDescription&gt;</description><Rule id="SV-70007r2_rule" severity="medium" weight="10.0"><version>SRG-NET-000020-RTR-000015</version><title>The router must enforce information flow control using explicit security attributes (for example, IP addresses, port numbers, protocol, Autonomous System, or interface) on information, source, and destination objects.</title><description>&lt;VulnDiscussion&gt;Information flow control regulates where information is allowed to travel within a network and between interconnected networks. The flow of all network traffic must be monitored and controlled so it does not introduce any unacceptable risk to the network infrastructure or data. Restrictions can be enforced based on source and destination IP addresses, autonomous system numbers, or other attributes. This is normally an innate capability of a router in which attributes can be used by routing policies or rules to enforce organizational security policies.&lt;/VulnDiscussion&gt;&lt;FalsePositives&gt;&lt;/FalsePositives&gt;&lt;FalseNegatives&gt;&lt;/FalseNegatives&gt;&lt;Documentable&gt;false&lt;/Documentable&gt;&lt;Mitigations&gt;&lt;/Mitigations&gt;&lt;SeverityOverrideGuidance&gt;&lt;/SeverityOverrideGuidance&gt;&lt;PotentialImpacts&gt;&lt;/PotentialImpacts&gt;&lt;ThirdPartyTools&gt;&lt;/ThirdPartyTools&gt;&lt;MitigationControl&gt;&lt;/MitigationControl&gt;&lt;Responsibility&gt;&lt;/Responsibility&gt;&lt;IAControls&gt;&lt;/IAControls&gt;</description><reference><dc:title>DPMS Target SRG-NET-RTR</dc:title><dc:publisher>DISA</dc:publisher><dc:type>DPMS Target</dc:type><dc:subject>SRG-NET-RTR</dc:subject><dc:identifier>2470</dc:identifier></reference><ident system="http://iase.disa.mil/cci">CCI-002190</ident><fixtext fixref="F-60623r2_fix">Configure the router to enforce organizational security policies by using explicit security attributes (for example, IP addresses, Autonomous System, or interface) on information, source, and destination objects as a basis for flow control decisions.</fixtext><fix id="F-60623r2_fix" /><check system="C-56319r3_chk"><check-content-ref name="M" href="DPMS_XCCDF_Benchmark_Router_SRG.xml" /><check-content>If explicit security attributes (for example, IP addresses, port numbers, protocol, Autonomous System, or interface) are not used to enforce information flow control, this is a finding.</check-content></check></Rule></Group><Group id="V-55757"><title>SRG-NET-000025-RTR-000020</title><description>&lt;GroupDescription&gt;&lt;/GroupDescription&gt;</description><Rule id="SV-70011r1_rule" severity="medium" weight="10.0"><version>SRG-NET-000025-RTR-000020</version><title>The router must enable neighbor router authentication for control plane protocols.</title><description>&lt;VulnDiscussion&gt;A rogue router could send a fictitious routing update to convince a site's perimeter router to send traffic to an incorrect or even a rogue destination. This diverted traffic could be analyzed to learn confidential information about the site's network, or merely used to disrupt the network's ability to communicate with other networks. This is known as a "traffic attraction attack" and is prevented by configuring neighbor router authentication for routing updates.

This requirement applies to all IPv4 and IPv6 protocols that are used to exchange routing or packet forwarding information; this includes all Interior Gateway Protocols (such as OSPF, EIGRP, and IS-IS) and Exterior Gateway Protocols (such as BGP), MPLS-related protocols (such as LDP), and Multicast-related protocols.&lt;/VulnDiscussion&gt;&lt;FalsePositives&gt;&lt;/FalsePositives&gt;&lt;FalseNegatives&gt;&lt;/FalseNegatives&gt;&lt;Documentable&gt;false&lt;/Documentable&gt;&lt;Mitigations&gt;&lt;/Mitigations&gt;&lt;SeverityOverrideGuidance&gt;&lt;/SeverityOverrideGuidance&gt;&lt;PotentialImpacts&gt;&lt;/PotentialImpacts&gt;&lt;ThirdPartyTools&gt;&lt;/ThirdPartyTools&gt;&lt;MitigationControl&gt;&lt;/MitigationControl&gt;&lt;Responsibility&gt;&lt;/Responsibility&gt;&lt;IAControls&gt;&lt;/IAControls&gt;</description><reference><dc:title>DPMS Target SRG-NET-RTR</dc:title><dc:publisher>DISA</dc:publisher><dc:type>DPMS Target</dc:type><dc:subject>SRG-NET-RTR</dc:subject><dc:identifier>2470</dc:identifier></reference><ident system="http://iase.disa.mil/cci">CCI-000366</ident><ident system="http://iase.disa.mil/cci">CCI-002205</ident><fixtext fixref="F-60627r1_fix">Configure authentication to be enabled for every protocol that affects the routing or forwarding tables.</fixtext><fix id="F-60627r1_fix" /><check system="C-56323r1_chk"><check-content-ref name="M" href="DPMS_XCCDF_Benchmark_Router_SRG.xml" /><check-content>Review the router configuration; for every protocol that affects the routing or forwarding tables (where information is exchanged between neighbors), verify that neighbor router authentication is enabled.

If authentication is not enabled, this is a finding.</check-content></check></Rule></Group><Group id="V-55759"><title>SRG-NET-000025-RTR-000085</title><description>&lt;GroupDescription&gt;&lt;/GroupDescription&gt;</description><Rule id="SV-70013r1_rule" severity="medium" weight="10.0"><version>SRG-NET-000025-RTR-000085</version><title>The router must be configured so that any key used for authenticating Interior Gateway Protocol peers does not have a duration exceeding 180 days.</title><description>&lt;VulnDiscussion&gt;If the keys used for routing protocol authentication are guessed, the malicious user could create havoc within the network by advertising incorrect routes and redirecting traffic. Some routing protocols allow the use of key chains for authentication. A key chain is a set of keys that are used in succession, with each having a lifetime of no more than 180 days. Changing the keys frequently reduces the risk of them eventually being guessed.

Keys cannot be used during time periods for which they are not activated. If a time period occurs during which no key is activated, neighbor authentication cannot occur, and therefore routing updates will fail. Therefore, you should ensure that for a given key chain, key activation times overlap to avoid any period of time during which no key is activated.&lt;/VulnDiscussion&gt;&lt;FalsePositives&gt;&lt;/FalsePositives&gt;&lt;FalseNegatives&gt;&lt;/FalseNegatives&gt;&lt;Documentable&gt;false&lt;/Documentable&gt;&lt;Mitigations&gt;&lt;/Mitigations&gt;&lt;SeverityOverrideGuidance&gt;&lt;/SeverityOverrideGuidance&gt;&lt;PotentialImpacts&gt;&lt;/PotentialImpacts&gt;&lt;ThirdPartyTools&gt;&lt;/ThirdPartyTools&gt;&lt;MitigationControl&gt;&lt;/MitigationControl&gt;&lt;Responsibility&gt;&lt;/Responsibility&gt;&lt;IAControls&gt;&lt;/IAControls&gt;</description><reference><dc:title>DPMS Target SRG-NET-RTR</dc:title><dc:publisher>DISA</dc:publisher><dc:type>DPMS Target</dc:type><dc:subject>SRG-NET-RTR</dc:subject><dc:identifier>2470</dc:identifier></reference><ident system="http://iase.disa.mil/cci">CCI-000366</ident><ident system="http://iase.disa.mil/cci">CCI-002205</ident><fixtext fixref="F-60629r2_fix">For each authenticated routing protocol session, configure each key to have a lifetime of no more than 180 days.</fixtext><fix id="F-60629r2_fix" /><check system="C-56325r1_chk"><check-content-ref name="M" href="DPMS_XCCDF_Benchmark_Router_SRG.xml" /><check-content>For each authenticated routing protocol session, review the configured key expiration dates.

If any key has a lifetime of more than 180 days, this is a finding.</check-content></check></Rule></Group><Group id="V-55761"><title>SRG-NET-000026-RTR-000031</title><description>&lt;GroupDescription&gt;&lt;/GroupDescription&gt;</description><Rule id="SV-70015r1_rule" severity="medium" weight="10.0"><version>SRG-NET-000026-RTR-000031</version><title>The router must be configured to restrict it from accepting outbound IP packets that contain an illegitimate address in the source address field via egress filter or by enabling Unicast Reverse Path Forwarding.</title><description>&lt;VulnDiscussion&gt;A compromised host in an enclave can be used by a malicious actor as a platform to launch cyber attacks on third parties. This is a common practice in "botnets", which are a collection of compromised computers using malware to attack (usually DDoS) other computers or networks. DDoS attacks frequently leverage IP source address spoofing, in which packets with false source IP addresses send traffic to multiple hosts, which then send return traffic to the hosts with the IP addresses that were forged. This can generate significant, even massive, amounts of traffic. Therefore, protection measures to counteract IP source address spoofing must be taken.

The router must not accept any outbound IP packets that contain an illegitimate address in the source address field by enabling Unicast Reverse Path Forwarding (uRPF) strict mode or by implementing an egress ACL. Unicast Reverse Path Forwarding (uRPF) provides an IP address spoof protection capability. When uRPF is enabled in strict mode, the packet must be received on the interface that the device would use to forward the return packet.&lt;/VulnDiscussion&gt;&lt;FalsePositives&gt;&lt;/FalsePositives&gt;&lt;FalseNegatives&gt;&lt;/FalseNegatives&gt;&lt;Documentable&gt;false&lt;/Documentable&gt;&lt;Mitigations&gt;&lt;/Mitigations&gt;&lt;SeverityOverrideGuidance&gt;&lt;/SeverityOverrideGuidance&gt;&lt;PotentialImpacts&gt;&lt;/PotentialImpacts&gt;&lt;ThirdPartyTools&gt;&lt;/ThirdPartyTools&gt;&lt;MitigationControl&gt;&lt;/MitigationControl&gt;&lt;Responsibility&gt;&lt;/Responsibility&gt;&lt;IAControls&gt;&lt;/IAControls&gt;</description><reference><dc:title>DPMS Target SRG-NET-RTR</dc:title><dc:publisher>DISA</dc:publisher><dc:type>DPMS Target</dc:type><dc:subject>SRG-NET-RTR</dc:subject><dc:identifier>2470</dc:identifier></reference><ident system="http://iase.disa.mil/cci">CCI-001094</ident><fixtext fixref="F-60631r1_fix">Configure the router to ensure that an egress filter or uRPF is configured to restrict the router from accepting any outbound IP packet that contains an external IP address in the source field.</fixtext><fix id="F-60631r1_fix" /><check system="C-56327r2_chk"><check-content-ref name="M" href="DPMS_XCCDF_Benchmark_Router_SRG.xml" /><check-content>Review the router configuration to verify uRPF or an egress filter to restrict the router from accepting outbound IP packets that contain an illegitimate address in the source address field has been configured on all internal interfaces.

If uRPF or an egress filter to restrict the router from accepting outbound IP packets that contain an illegitimate address in the source address field has not been configured on all internal interfaces in an enclave, this is a finding.</check-content></check></Rule></Group><Group id="V-55763"><title>SRG-NET-000131-RTR-000035</title><description>&lt;GroupDescription&gt;&lt;/GroupDescription&gt;</description><Rule id="SV-70017r1_rule" severity="medium" weight="10.0"><version>SRG-NET-000131-RTR-000035</version><title>The router must be configured to disable non-essential capabilities.</title><description>&lt;VulnDiscussion&gt;A compromised router introduces risk to the entire network infrastructure as well as data resources that are accessible via the network. The perimeter defense has no oversight or control of attacks by malicious users within the network. Preventing network breaches from within is dependent on implementing a comprehensive defense-in-depth strategy including securing each device connected to the network. This is accomplished by following and implementing all security guidance applicable for each node type. A fundamental step in securing each router is to enable only the capabilities required for operation.&lt;/VulnDiscussion&gt;&lt;FalsePositives&gt;&lt;/FalsePositives&gt;&lt;FalseNegatives&gt;&lt;/FalseNegatives&gt;&lt;Documentable&gt;false&lt;/Documentable&gt;&lt;Mitigations&gt;&lt;/Mitigations&gt;&lt;SeverityOverrideGuidance&gt;&lt;/SeverityOverrideGuidance&gt;&lt;PotentialImpacts&gt;&lt;/PotentialImpacts&gt;&lt;ThirdPartyTools&gt;&lt;/ThirdPartyTools&gt;&lt;MitigationControl&gt;&lt;/MitigationControl&gt;&lt;Responsibility&gt;&lt;/Responsibility&gt;&lt;IAControls&gt;&lt;/IAControls&gt;</description><reference><dc:title>DPMS Target SRG-NET-RTR</dc:title><dc:publisher>DISA</dc:publisher><dc:type>DPMS Target</dc:type><dc:subject>SRG-NET-RTR</dc:subject><dc:identifier>2470</dc:identifier></reference><ident system="http://iase.disa.mil/cci">CCI-000381</ident><fixtext fixref="F-60633r1_fix">Remove unneeded services and functions from the router. Removal is recommended since the service or function may be inadvertently enabled otherwise. However, if removal is not possible, disable the service or function.</fixtext><fix id="F-60633r1_fix" /><check system="C-56329r1_chk"><check-content-ref name="M" href="DPMS_XCCDF_Benchmark_Router_SRG.xml" /><check-content>Review the router configuration to determine if services or functions not required for operation, or not related to router functionality (e.g., DNS, email client or server, FTP server, or web server) are enabled.

If unnecessary services and functions are enabled on the router, this is a finding.</check-content></check></Rule></Group><Group id="V-55765"><title>SRG-NET-000168-RTR-000077</title><description>&lt;GroupDescription&gt;&lt;/GroupDescription&gt;</description><Rule id="SV-70019r1_rule" severity="medium" weight="10.0"><version>SRG-NET-000168-RTR-000077</version><title>The router must encrypt all methods of configured authentication for routing protocols.</title><description>&lt;VulnDiscussion&gt;A rogue router could send a fictitious routing update to convince a site's perimeter router to send traffic to an incorrect or even a rogue destination. This diverted traffic could be analyzed to learn confidential information about the site's network, or merely used to disrupt the network's ability to communicate with other networks. This is known as a "traffic attraction attack" and is prevented by configuring neighbor router authentication for routing updates. However, using clear-text authentication provides little benefit since an attacker can intercept traffic and view the authentication key. This would allow the attacker to use the authentication key in an attack. 

This requirement applies to all IPv4 and IPv6 protocols that are used to exchange routing or packet forwarding information; this includes all Interior Gateway Protocols (such as OSPF, EIGRP, and IS-IS) and Exterior Gateway Protocols (such as BGP), MPLS-related protocols (such as LDP), and Multicast-related protocols.&lt;/VulnDiscussion&gt;&lt;FalsePositives&gt;&lt;/FalsePositives&gt;&lt;FalseNegatives&gt;&lt;/FalseNegatives&gt;&lt;Documentable&gt;false&lt;/Documentable&gt;&lt;Mitigations&gt;&lt;/Mitigations&gt;&lt;SeverityOverrideGuidance&gt;&lt;/SeverityOverrideGuidance&gt;&lt;PotentialImpacts&gt;&lt;/PotentialImpacts&gt;&lt;ThirdPartyTools&gt;&lt;/ThirdPartyTools&gt;&lt;MitigationControl&gt;&lt;/MitigationControl&gt;&lt;Responsibility&gt;&lt;/Responsibility&gt;&lt;IAControls&gt;&lt;/IAControls&gt;</description><reference><dc:title>DPMS Target SRG-NET-RTR</dc:title><dc:publisher>DISA</dc:publisher><dc:type>DPMS Target</dc:type><dc:subject>SRG-NET-RTR</dc:subject><dc:identifier>2470</dc:identifier></reference><ident system="http://iase.disa.mil/cci">CCI-000803</ident><fixtext fixref="F-60635r1_fix">Configure routing protocol authentication to encrypt the authentication key.</fixtext><fix id="F-60635r1_fix" /><check system="C-56331r1_chk"><check-content-ref name="M" href="DPMS_XCCDF_Benchmark_Router_SRG.xml" /><check-content>Review the router configuration; for every protocol that affects the routing or forwarding tables (where information is exchanged between neighbors), verify that neighbor router authentication is encrypting the authentication key.

If authentication is not encrypting the authentication key, this is a finding.</check-content></check></Rule></Group><Group id="V-55767"><title>SRG-NET-000168-RTR-000078</title><description>&lt;GroupDescription&gt;&lt;/GroupDescription&gt;</description><Rule id="SV-70021r1_rule" severity="medium" weight="10.0"><version>SRG-NET-000168-RTR-000078</version><title>The router must use NIST-validated FIPS 140-2 cryptography to implement authentication encryption mechanisms for routing protocols.</title><description>&lt;VulnDiscussion&gt;A rogue router could send a fictitious routing update to convince a site's perimeter router to send traffic to an incorrect or even a rogue destination. This diverted traffic could be analyzed to learn confidential information about the site's network, or merely used to disrupt the network's ability to communicate with other networks. This is known as a "traffic attraction attack" and is prevented by configuring neighbor router authentication for routing updates. However, using clear-text authentication provides little benefit since an attacker can intercept traffic and view the authentication key. This would allow the attacker to use the authentication key in an attack. 

Since MD5 is vulnerable to "birthday" attacks and may be compromised, routing protocol authentication must use FIPS 140-2 validated algorithms and modules to encrypt the authentication key. This requirement applies to all IPv4 and IPv6 protocols that are used to exchange routing or packet forwarding information; this includes all Interior Gateway Protocols (such as OSPF, EIGRP, and IS-IS) and Exterior Gateway Protocols (such as BGP), MPLS-related protocols (such as LDP), and Multicast-related protocols.&lt;/VulnDiscussion&gt;&lt;FalsePositives&gt;&lt;/FalsePositives&gt;&lt;FalseNegatives&gt;&lt;/FalseNegatives&gt;&lt;Documentable&gt;false&lt;/Documentable&gt;&lt;Mitigations&gt;&lt;/Mitigations&gt;&lt;SeverityOverrideGuidance&gt;&lt;/SeverityOverrideGuidance&gt;&lt;PotentialImpacts&gt;&lt;/PotentialImpacts&gt;&lt;ThirdPartyTools&gt;&lt;/ThirdPartyTools&gt;&lt;MitigationControl&gt;&lt;/MitigationControl&gt;&lt;Responsibility&gt;&lt;/Responsibility&gt;&lt;IAControls&gt;&lt;/IAControls&gt;</description><reference><dc:title>DPMS Target SRG-NET-RTR</dc:title><dc:publisher>DISA</dc:publisher><dc:type>DPMS Target</dc:type><dc:subject>SRG-NET-RTR</dc:subject><dc:identifier>2470</dc:identifier></reference><ident system="http://iase.disa.mil/cci">CCI-000803</ident><fixtext fixref="F-60637r2_fix">Configure routing protocol authentication to use FIPS 140-2 validated algorithms and modules to encrypt the authentication key.</fixtext><fix id="F-60637r2_fix" /><check system="C-56333r2_chk"><check-content-ref name="M" href="DPMS_XCCDF_Benchmark_Router_SRG.xml" /><check-content>Review the router documentation to verify it is using NIST-validated FIPS 140-2 compliant cryptography for encrypted authentication mechanisms. If NIST-validated FIPS 140-2 compliant cryptography is not being used for all encrypted authentication mechanisms, this is a finding.

Review the router configuration; for every protocol that affects the routing or forwarding tables (where information is exchanged between neighbors), verify that neighbor router authentication uses FIPS 140-2 validated algorithms to encrypt the authentication key.

If routing protocol authentication is not using FIPS 140-2 validated algorithms to encrypt the authentication key, this is a finding.</check-content></check></Rule></Group><Group id="V-55769"><title>SRG-NET-000191-RTR-000081</title><description>&lt;GroupDescription&gt;&lt;/GroupDescription&gt;</description><Rule id="SV-70023r1_rule" severity="medium" weight="10.0"><version>SRG-NET-000191-RTR-000081</version><title>The router must ensure all Exterior Border Gateway Protocol (eBGP) routers are configured to use Generalized TTL Security Mechanism (GTSM).</title><description>&lt;VulnDiscussion&gt;As described in RFC 3682, Generalized TTL Security Mechanism (GTSM) is designed to protect a router's IP-based control plane from DoS attacks. Many attacks focused on CPU load and line-card overload can be prevented by implementing GTSM on all Exterior Border Gateway Protocol speaking routers. GTSM is based on the fact that the vast majority of control plane peering is established between adjacent routers; that is, the Exterior Border Gateway Protocol peers are either between connecting interfaces or between loopback interfaces. Since TTL spoofing is considered nearly impossible, a mechanism based on an expected TTL value provides a simple and reasonably robust defense from infrastructure attacks based on forged control plane traffic.&lt;/VulnDiscussion&gt;&lt;FalsePositives&gt;&lt;/FalsePositives&gt;&lt;FalseNegatives&gt;&lt;/FalseNegatives&gt;&lt;Documentable&gt;false&lt;/Documentable&gt;&lt;Mitigations&gt;&lt;/Mitigations&gt;&lt;SeverityOverrideGuidance&gt;&lt;/SeverityOverrideGuidance&gt;&lt;PotentialImpacts&gt;&lt;/PotentialImpacts&gt;&lt;ThirdPartyTools&gt;&lt;/ThirdPartyTools&gt;&lt;MitigationControl&gt;&lt;/MitigationControl&gt;&lt;Responsibility&gt;&lt;/Responsibility&gt;&lt;IAControls&gt;&lt;/IAControls&gt;</description><reference><dc:title>DPMS Target SRG-NET-RTR</dc:title><dc:publisher>DISA</dc:publisher><dc:type>DPMS Target</dc:type><dc:subject>SRG-NET-RTR</dc:subject><dc:identifier>2470</dc:identifier></reference><ident system="http://iase.disa.mil/cci">CCI-002385</ident><fixtext fixref="F-60639r1_fix">Configure all Exterior Border Gateway Protocol peering sessions to use Generalized TTL Security Mechanism (GTSM).</fixtext><fix id="F-60639r1_fix" /><check system="C-56335r1_chk"><check-content-ref name="M" href="DPMS_XCCDF_Benchmark_Router_SRG.xml" /><check-content>Review the router configuration; if it is not configured to use Generalized TTL Security Mechanism (GTSM) for all Exterior Border Gateway Protocol peering sessions, this is a finding.</check-content></check></Rule></Group><Group id="V-55771"><title>SRG-NET-000193-RTR-000111</title><description>&lt;GroupDescription&gt;&lt;/GroupDescription&gt;</description><Rule id="SV-70025r1_rule" severity="medium" weight="10.0"><version>SRG-NET-000193-RTR-000111</version><title>The router must manage excess bandwidth to limit the effects of packet flooding types of denial of service (DoS) attacks.</title><description>&lt;VulnDiscussion&gt;Denial of service is a condition when a resource is not available for legitimate users. Packet flooding DDoS attacks are referred to as volumetric attacks and have the objective of overloading a network or circuit to deny or seriously degrade performance, which denies access to the services that normally traverse the network or circuit. Volumetric attacks have become relatively easy to launch using readily available tools such as Low Orbit Ion Cannon or by botnets. 

Measures to mitigate the effects of a successful volumetric attack must be taken to ensure that sufficient capacity is available for mission-critical traffic. Managing capacity may include, for example, establishing selected network usage priorities or quotas and enforcing them using rate limiting, Quality of Service (QoS), or other resource reservation control methods. These measures may also mitigate the effects of sudden decreases in network capacity that are the result of accidental or intentional physical damage to telecommunications facilities (such as cable cuts or weather-related outages).&lt;/VulnDiscussion&gt;&lt;FalsePositives&gt;&lt;/FalsePositives&gt;&lt;FalseNegatives&gt;&lt;/FalseNegatives&gt;&lt;Documentable&gt;false&lt;/Documentable&gt;&lt;Mitigations&gt;&lt;/Mitigations&gt;&lt;SeverityOverrideGuidance&gt;&lt;/SeverityOverrideGuidance&gt;&lt;PotentialImpacts&gt;&lt;/PotentialImpacts&gt;&lt;ThirdPartyTools&gt;&lt;/ThirdPartyTools&gt;&lt;MitigationControl&gt;&lt;/MitigationControl&gt;&lt;Responsibility&gt;&lt;/Responsibility&gt;&lt;IAControls&gt;&lt;/IAControls&gt;</description><reference><dc:title>DPMS Target SRG-NET-RTR</dc:title><dc:publisher>DISA</dc:publisher><dc:type>DPMS Target</dc:type><dc:subject>SRG-NET-RTR</dc:subject><dc:identifier>2470</dc:identifier></reference><ident system="http://iase.disa.mil/cci">CCI-001095</ident><fixtext fixref="F-60641r1_fix">Implement a mechanism for traffic prioritization and bandwidth reservation. This mechanism must enforce the traffic priorities specified by the Combatant Commanders/Services/Agencies.</fixtext><fix id="F-60641r1_fix" /><check system="C-56337r1_chk"><check-content-ref name="M" href="DPMS_XCCDF_Benchmark_Router_SRG.xml" /><check-content>Review the router configuration and interview the system administrator; verify that a mechanism for traffic prioritization and bandwidth reservation exists. This arrangement must ensure that sufficient capacity is available for mission-critical traffic and enforce the traffic priorities specified by the Combatant Commanders/Services/Agencies.

If no such scheme exists or it is not configured, this is a finding.</check-content></check></Rule></Group><Group id="V-55773"><title>SRG-NET-000195-RTR-000084</title><description>&lt;GroupDescription&gt;&lt;/GroupDescription&gt;</description><Rule id="SV-70027r1_rule" severity="medium" weight="10.0"><version>SRG-NET-000195-RTR-000084</version><title>The router must have IP source routing disabled.</title><description>&lt;VulnDiscussion&gt;Source routing is a feature of IP, whereby individual packets can specify routes. This feature is used in several different network attacks by bypassing perimeter and internal defense mechanisms.&lt;/VulnDiscussion&gt;&lt;FalsePositives&gt;&lt;/FalsePositives&gt;&lt;FalseNegatives&gt;&lt;/FalseNegatives&gt;&lt;Documentable&gt;false&lt;/Documentable&gt;&lt;Mitigations&gt;&lt;/Mitigations&gt;&lt;SeverityOverrideGuidance&gt;&lt;/SeverityOverrideGuidance&gt;&lt;PotentialImpacts&gt;&lt;/PotentialImpacts&gt;&lt;ThirdPartyTools&gt;&lt;/ThirdPartyTools&gt;&lt;MitigationControl&gt;&lt;/MitigationControl&gt;&lt;Responsibility&gt;&lt;/Responsibility&gt;&lt;IAControls&gt;&lt;/IAControls&gt;</description><reference><dc:title>DPMS Target SRG-NET-RTR</dc:title><dc:publisher>DISA</dc:publisher><dc:type>DPMS Target</dc:type><dc:subject>SRG-NET-RTR</dc:subject><dc:identifier>2470</dc:identifier></reference><ident system="http://iase.disa.mil/cci">CCI-002403</ident><fixtext fixref="F-60643r1_fix">Configure the router to disable IP source routing.</fixtext><fix id="F-60643r1_fix" /><check system="C-56339r1_chk"><check-content-ref name="M" href="DPMS_XCCDF_Benchmark_Router_SRG.xml" /><check-content>Review the configuration to determine if source routing is enabled.

If source routing is enabled, this is a finding.</check-content></check></Rule></Group><Group id="V-55775"><title>SRG-NET-000195-RTR-000086</title><description>&lt;GroupDescription&gt;&lt;/GroupDescription&gt;</description><Rule id="SV-70029r2_rule" severity="medium" weight="10.0"><version>SRG-NET-000195-RTR-000086</version><title>The router must restrict BGP connections to known IP addresses of neighbor routers from trusted Autonomous Systems (AS).</title><description>&lt;VulnDiscussion&gt;Advertisement of routes by an Autonomous System for networks that do not belong to any of its trusted peers pulls traffic away from the authorized network. This causes a DoS on the network that allocated the block of addresses and may cause a DoS on the network that is inadvertently advertising it as the originator. It is also possible that a misconfigured or compromised router within the network could redistribute Interior Gateway Protocol routes into Border Gateway Protocol, thereby leaking internal routes.&lt;/VulnDiscussion&gt;&lt;FalsePositives&gt;&lt;/FalsePositives&gt;&lt;FalseNegatives&gt;&lt;/FalseNegatives&gt;&lt;Documentable&gt;false&lt;/Documentable&gt;&lt;Mitigations&gt;&lt;/Mitigations&gt;&lt;SeverityOverrideGuidance&gt;&lt;/SeverityOverrideGuidance&gt;&lt;PotentialImpacts&gt;&lt;/PotentialImpacts&gt;&lt;ThirdPartyTools&gt;&lt;/ThirdPartyTools&gt;&lt;MitigationControl&gt;&lt;/MitigationControl&gt;&lt;Responsibility&gt;&lt;/Responsibility&gt;&lt;IAControls&gt;&lt;/IAControls&gt;</description><reference><dc:title>DPMS Target SRG-NET-RTR</dc:title><dc:publisher>DISA</dc:publisher><dc:type>DPMS Target</dc:type><dc:subject>SRG-NET-RTR</dc:subject><dc:identifier>2470</dc:identifier></reference><ident system="http://iase.disa.mil/cci">CCI-002403</ident><fixtext fixref="F-60645r2_fix">Configure each BGP peering session to the specific IP address of the peer router and remote ASN assigned to the organization controlling that peer.</fixtext><fix id="F-60645r2_fix" /><check system="C-56341r2_chk"><check-content-ref name="M" href="DPMS_XCCDF_Benchmark_Router_SRG.xml" /><check-content>Review the router configuration and compare it against the network documentation (topology diagrams and peering agreements). Verify that each BGP peering session is configured with the correct IP address and remote Autonomous System Number (ASN). If any BGP peering session is not configured with the correct IP address and remote ASN, this is a finding.</check-content></check></Rule></Group><Group id="V-55777"><title>SRG-NET-000205-RTR-000108</title><description>&lt;GroupDescription&gt;&lt;/GroupDescription&gt;</description><Rule id="SV-70031r1_rule" severity="medium" weight="10.0"><version>SRG-NET-000205-RTR-000108</version><title>The router must configure the maximum hop limit value to at least 32.</title><description>&lt;VulnDiscussion&gt;The Neighbor Discovery protocol allows a hop limit value to be advertised by routers in a Router Advertisement message to be used by hosts instead of the standardized default value. If a very small value was configured and advertised to hosts on the LAN segment, communications would fail due to the hop limit reaching zero before the packets sent by a host reached their destination.&lt;/VulnDiscussion&gt;&lt;FalsePositives&gt;&lt;/FalsePositives&gt;&lt;FalseNegatives&gt;&lt;/FalseNegatives&gt;&lt;Documentable&gt;false&lt;/Documentable&gt;&lt;Mitigations&gt;&lt;/Mitigations&gt;&lt;SeverityOverrideGuidance&gt;&lt;/SeverityOverrideGuidance&gt;&lt;PotentialImpacts&gt;&lt;/PotentialImpacts&gt;&lt;ThirdPartyTools&gt;&lt;/ThirdPartyTools&gt;&lt;MitigationControl&gt;&lt;/MitigationControl&gt;&lt;Responsibility&gt;&lt;/Responsibility&gt;&lt;IAControls&gt;&lt;/IAControls&gt;</description><reference><dc:title>DPMS Target SRG-NET-RTR</dc:title><dc:publisher>DISA</dc:publisher><dc:type>DPMS Target</dc:type><dc:subject>SRG-NET-RTR</dc:subject><dc:identifier>2470</dc:identifier></reference><ident system="http://iase.disa.mil/cci">CCI-001097</ident><fixtext fixref="F-60647r1_fix">Configure the router maximum hop limit value to at least 32.</fixtext><fix id="F-60647r1_fix" /><check system="C-56343r1_chk"><check-content-ref name="M" href="DPMS_XCCDF_Benchmark_Router_SRG.xml" /><check-content>Review the router configuration to determine if the maximum hop limit has been configured.

If it has been configured, then it must be set to at least 32.

If it has not been configured, it must be determined what the default value is.

If the default value is below 32 and the maximum hop limit value has not been configured (set to at least 32), this is a finding. In any case, maximum hop limit must be at least 32.</check-content></check></Rule></Group><Group id="V-55779"><title>SRG-NET-000235-RTR-000114</title><description>&lt;GroupDescription&gt;&lt;/GroupDescription&gt;</description><Rule id="SV-70033r1_rule" severity="medium" weight="10.0"><version>SRG-NET-000235-RTR-000114</version><title>The router must stop forwarding traffic or maintain the configured security policies upon the failure of the following actions: system initialization, shutdown, or system abort.</title><description>&lt;VulnDiscussion&gt;Failure to a known safe state helps prevent systems from failing to a state that may cause loss of data or unauthorized access to system resources. Network elements that fail suddenly and with no incorporated failure state planning may leave the hosting system available but with a reduced security protection capability. Preserving information system state information also facilitates system restart and return to the operational mode of the organization with less disruption to mission-essential processes. 

If the router fails in an unsecure manner (open), unauthorized traffic originating externally to the enclave may enter, or the device may permit unauthorized information release. Fail secure is a condition achieved by employing information system mechanisms to ensure, in the event of a device initialization failure, device shutdown failure, or an abort failure of the router, it does not enter into an unsecure state where intended security properties no longer hold. 

If the device fails, it must not fail in a manner that will allow unauthorized access. If the router fails for any reason, it must stop forwarding traffic altogether or maintain the configured security policies. If the device stops forwarding traffic, maintaining network availability would be achieved through device redundancy.

Since it is usually not possible to test this capability in a production environment, systems should either be validated in a testing environment or prior to installation. This requirement is usually a function of the design of the router component. Compliance can be verified by acceptance/validation processes or vendor attestation.&lt;/VulnDiscussion&gt;&lt;FalsePositives&gt;&lt;/FalsePositives&gt;&lt;FalseNegatives&gt;&lt;/FalseNegatives&gt;&lt;Documentable&gt;false&lt;/Documentable&gt;&lt;Mitigations&gt;&lt;/Mitigations&gt;&lt;SeverityOverrideGuidance&gt;&lt;/SeverityOverrideGuidance&gt;&lt;PotentialImpacts&gt;&lt;/PotentialImpacts&gt;&lt;ThirdPartyTools&gt;&lt;/ThirdPartyTools&gt;&lt;MitigationControl&gt;&lt;/MitigationControl&gt;&lt;Responsibility&gt;&lt;/Responsibility&gt;&lt;IAControls&gt;&lt;/IAControls&gt;</description><reference><dc:title>DPMS Target SRG-NET-RTR</dc:title><dc:publisher>DISA</dc:publisher><dc:type>DPMS Target</dc:type><dc:subject>SRG-NET-RTR</dc:subject><dc:identifier>2470</dc:identifier></reference><ident system="http://iase.disa.mil/cci">CCI-001190</ident><fixtext fixref="F-60649r1_fix">Configure the router to stop forwarding traffic or maintain the configured security policies upon the failure of the following actions: system initialization, shutdown, or system abort.</fixtext><fix id="F-60649r1_fix" /><check system="C-56345r1_chk"><check-content-ref name="M" href="DPMS_XCCDF_Benchmark_Router_SRG.xml" /><check-content>Verify the router stops forwarding traffic or maintains the configured security policies upon the failure of the following actions: system initialization, shutdown, or system abort. 

If the router does not stop forwarding traffic or maintain the configured security policies upon the failure of the following actions: system initialization, shutdown, or system abort, this is a finding.</check-content></check></Rule></Group><Group id="V-55781"><title>SRG-NET-000362-RTR-000110</title><description>&lt;GroupDescription&gt;&lt;/GroupDescription&gt;</description><Rule id="SV-70035r1_rule" severity="medium" weight="10.0"><version>SRG-NET-000362-RTR-000110</version><title>The router must protect against or limit the effects of denial of service (DoS) attacks by employing control plane protection.</title><description>&lt;VulnDiscussion&gt;The Route Processor (RP) is critical to all network operations because it is the component used to build all forwarding paths for the data plane via control plane processes. It is also instrumental with ongoing network management functions that keep the routers and links available for providing network services. Any disruption to the Route Processor or the control and management planes can result in mission-critical network outages. 

A DoS attack targeting the Route Processor can result in excessive CPU and memory utilization. To maintain network stability and Route Processor security, the router must be able to handle specific control plane and management plane traffic that is destined to the Route Processor. In the past, one method of filtering was to use ingress filters on forwarding interfaces to filter both forwarding path and receiving path traffic. However, this method does not scale well as the number of interfaces grows and the size of the ingress filters grow. Control plane policing increases the security of routers and multilayer switches by protecting the Route Processor from unnecessary or malicious traffic. Filtering and rate limiting the traffic flow of control plane packets can be implemented to protect routers against reconnaissance and DoS attacks, allowing the control plane to maintain packet forwarding and protocol states despite an attack or heavy load on the router or multilayer switch.&lt;/VulnDiscussion&gt;&lt;FalsePositives&gt;&lt;/FalsePositives&gt;&lt;FalseNegatives&gt;&lt;/FalseNegatives&gt;&lt;Documentable&gt;false&lt;/Documentable&gt;&lt;Mitigations&gt;&lt;/Mitigations&gt;&lt;SeverityOverrideGuidance&gt;&lt;/SeverityOverrideGuidance&gt;&lt;PotentialImpacts&gt;&lt;/PotentialImpacts&gt;&lt;ThirdPartyTools&gt;&lt;/ThirdPartyTools&gt;&lt;MitigationControl&gt;&lt;/MitigationControl&gt;&lt;Responsibility&gt;&lt;/Responsibility&gt;&lt;IAControls&gt;&lt;/IAControls&gt;</description><reference><dc:title>DPMS Target SRG-NET-RTR</dc:title><dc:publisher>DISA</dc:publisher><dc:type>DPMS Target</dc:type><dc:subject>SRG-NET-RTR</dc:subject><dc:identifier>2470</dc:identifier></reference><ident system="http://iase.disa.mil/cci">CCI-002385</ident><fixtext fixref="F-60651r1_fix">Implement control plane protection by classifying traffic types based on importance and configure filters to restrict and rate limit the traffic directed to and processed by the route processor according to each class.</fixtext><fix id="F-60651r1_fix" /><check system="C-56347r1_chk"><check-content-ref name="M" href="DPMS_XCCDF_Benchmark_Router_SRG.xml" /><check-content>Determine whether control plane protection has been implemented on the device by verifying traffic types have been classified based on importance levels and a policy has been configured to filter and rate limit the traffic according to each class.

If the router does not have control plane protection implemented, this is a finding.</check-content></check></Rule></Group><Group id="V-55785"><title>SRG-NET-000364-RTR-000109</title><description>&lt;GroupDescription&gt;&lt;/GroupDescription&gt;</description><Rule id="SV-70039r1_rule" severity="medium" weight="10.0"><version>SRG-NET-000364-RTR-000109</version><title>The router must only allow incoming communications from authorized sources to be routed to authorized destinations.</title><description>&lt;VulnDiscussion&gt;Unrestricted traffic may contain malicious traffic that poses a threat to an enclave or to other connected networks. Additionally, unrestricted traffic may transit a network, which uses bandwidth and other resources.

Traffic can be restricted directly by an ACL (which is a firewall function) or by Policy Routing. Policy Routing is a technique used to make routing decisions based on a number of different criteria other than just the destination network, including source or destination network, source or destination address, source or destination port, protocol, packet size, and packet classification. This overrides the router's normal routing procedures used to control the specific paths of network traffic. It is normally used for traffic engineering, but can also be used to meet security requirements; for example, traffic that is not allowed can be routed to the Null0 or discard interface. Policy Routing can also be used to control which prefixes appear in the routing table.

Traffic can be restricted directly by an ACL (which is a firewall function), or by Policy Routing. This requirement is intended to allow network administrators the flexibility to use whatever technique is most effective.&lt;/VulnDiscussion&gt;&lt;FalsePositives&gt;&lt;/FalsePositives&gt;&lt;FalseNegatives&gt;&lt;/FalseNegatives&gt;&lt;Documentable&gt;false&lt;/Documentable&gt;&lt;Mitigations&gt;&lt;/Mitigations&gt;&lt;SeverityOverrideGuidance&gt;&lt;/SeverityOverrideGuidance&gt;&lt;PotentialImpacts&gt;&lt;/PotentialImpacts&gt;&lt;ThirdPartyTools&gt;&lt;/ThirdPartyTools&gt;&lt;MitigationControl&gt;&lt;/MitigationControl&gt;&lt;Responsibility&gt;&lt;/Responsibility&gt;&lt;IAControls&gt;&lt;/IAControls&gt;</description><reference><dc:title>DPMS Target SRG-NET-RTR</dc:title><dc:publisher>DISA</dc:publisher><dc:type>DPMS Target</dc:type><dc:subject>SRG-NET-RTR</dc:subject><dc:identifier>2470</dc:identifier></reference><ident system="http://iase.disa.mil/cci">CCI-002403</ident><fixtext fixref="F-60659r1_fix">Configure the router to only allow incoming communications from authorized sources to be routed to authorized destinations.</fixtext><fix id="F-60659r1_fix" /><check system="C-56355r2_chk"><check-content-ref name="M" href="DPMS_XCCDF_Benchmark_Router_SRG.xml" /><check-content>Review the router configuration to determine if the router only allows incoming communications from authorized sources to be routed to authorized destinations.

If the router does not restrict incoming communications to allow only authorized sources and destinations, this is a finding.</check-content></check></Rule></Group><Group id="V-55789"><title>SRG-NET-000365-RTR-000112</title><description>&lt;GroupDescription&gt;&lt;/GroupDescription&gt;</description><Rule id="SV-70043r1_rule" severity="medium" weight="10.0"><version>SRG-NET-000365-RTR-000112</version><title>The router must fail securely in the event of an operational failure.</title><description>&lt;VulnDiscussion&gt;If the router fails in an unsecure manner (open), unauthorized traffic originating externally to the enclave may enter, or the device may permit unauthorized information release. Fail secure is a condition achieved by employing information system mechanisms to ensure, in the event of an operational failure of the router, it does not enter into an unsecure state where intended security properties no longer hold. 

If the device fails, it must not fail in a manner that will allow unauthorized access. If the router fails for any reason, it must stop forwarding traffic altogether or maintain the configured security policies. If the device stops forwarding traffic, maintaining network availability would be achieved through device redundancy.&lt;/VulnDiscussion&gt;&lt;FalsePositives&gt;&lt;/FalsePositives&gt;&lt;FalseNegatives&gt;&lt;/FalseNegatives&gt;&lt;Documentable&gt;false&lt;/Documentable&gt;&lt;Mitigations&gt;&lt;/Mitigations&gt;&lt;SeverityOverrideGuidance&gt;&lt;/SeverityOverrideGuidance&gt;&lt;PotentialImpacts&gt;&lt;/PotentialImpacts&gt;&lt;ThirdPartyTools&gt;&lt;/ThirdPartyTools&gt;&lt;MitigationControl&gt;&lt;/MitigationControl&gt;&lt;Responsibility&gt;&lt;/Responsibility&gt;&lt;IAControls&gt;&lt;/IAControls&gt;</description><reference><dc:title>DPMS Target SRG-NET-RTR</dc:title><dc:publisher>DISA</dc:publisher><dc:type>DPMS Target</dc:type><dc:subject>SRG-NET-RTR</dc:subject><dc:identifier>2470</dc:identifier></reference><ident system="http://iase.disa.mil/cci">CCI-001126</ident><fixtext fixref="F-60661r1_fix">This is a capability that would be intrinsic to the router as a result of its development and may not be configurable. If it is a configurable option, configure the device to fail securely in the event of an operational failure.</fixtext><fix id="F-60661r1_fix" /><check system="C-56357r1_chk"><check-content-ref name="M" href="DPMS_XCCDF_Benchmark_Router_SRG.xml" /><check-content>Review the documentation of the router or interview the System Administrator.

Verify that the router fails securely in the event of an operational failure.

If it cannot, this is a finding.</check-content></check></Rule></Group><Group id="V-55791"><title>SRG-NET-000512-RTR-000113</title><description>&lt;GroupDescription&gt;&lt;/GroupDescription&gt;</description><Rule id="SV-70045r1_rule" severity="medium" weight="10.0"><version>SRG-NET-000512-RTR-000113</version><title>The router must be configured in accordance with the security configuration settings based on DoD security configuration or implementation guidance, including NSA configuration guides, Communications Tasking Orders (CTOs), and Directive-Type Memorandums (DTMs).</title><description>&lt;VulnDiscussion&gt;If the router does not follow established security guidance, it is likely that it is not adequately secured, which increases the risk. Configuring the router to implement organization-wide security implementation guides and security checklists ensures compliance with federal standards and establishes a common security baseline across DoD that reflects the most restrictive security posture consistent with operational requirements. 

Common secure configurations (also referred to as security configuration checklists, lockdown and hardening guides, security reference guides, security technical implementation guides) provide recognized, standardized, and established benchmarks that stipulate secure configuration settings for specific information technology platforms/products and instructions for configuring those information system components to meet operational requirements.

Typically, an equipment vendor provides their product on an appliance with an embedded operating system (either a modified version of a common operating system or a proprietary operating system) and other application and/or database code. To minimize risk, a router must use a secure or hardened platform and comply with all applicable configuration guidance.&lt;/VulnDiscussion&gt;&lt;FalsePositives&gt;&lt;/FalsePositives&gt;&lt;FalseNegatives&gt;&lt;/FalseNegatives&gt;&lt;Documentable&gt;false&lt;/Documentable&gt;&lt;Mitigations&gt;&lt;/Mitigations&gt;&lt;SeverityOverrideGuidance&gt;&lt;/SeverityOverrideGuidance&gt;&lt;PotentialImpacts&gt;&lt;/PotentialImpacts&gt;&lt;ThirdPartyTools&gt;&lt;/ThirdPartyTools&gt;&lt;MitigationControl&gt;&lt;/MitigationControl&gt;&lt;Responsibility&gt;&lt;/Responsibility&gt;&lt;IAControls&gt;&lt;/IAControls&gt;</description><reference><dc:title>DPMS Target SRG-NET-RTR</dc:title><dc:publisher>DISA</dc:publisher><dc:type>DPMS Target</dc:type><dc:subject>SRG-NET-RTR</dc:subject><dc:identifier>2470</dc:identifier></reference><ident system="http://iase.disa.mil/cci">CCI-000366</ident><fixtext fixref="F-60663r1_fix">Configure the router in accordance with the security configuration settings based on DoD security configuration or implementation guidance, including NSA configuration guides, CTOs, and DTMs. Follow local change management processes when implementing configuration changes.</fixtext><fix id="F-60663r1_fix" /><check system="C-56359r1_chk"><check-content-ref name="M" href="DPMS_XCCDF_Benchmark_Router_SRG.xml" /><check-content>Review the configuration of the router and verify that it is configured in accordance with the security configuration settings based on DoD security configuration or implementation guidance. This may involve interviewing the System Administrators, ISSM or personnel designated by the ISSM, and the program's Configuration Management personnel.

If it is not configured in accordance with DoD security configuration or implementation guidance, this is a finding.</check-content></check></Rule></Group></Benchmark>