<?xml version="1.0" encoding="utf-8"?><?xml-stylesheet type='text/xsl' href='STIG_unclass.xsl'?><Benchmark xmlns:dsig="http://www.w3.org/2000/09/xmldsig#" xmlns:xhtml="http://www.w3.org/1999/xhtml" xmlns:xsi="http://www.w3.org/2001/XMLSchema-instance" xmlns:cpe="http://cpe.mitre.org/language/2.0" xmlns:dc="http://purl.org/dc/elements/1.1/" id="Web_Policy" xml:lang="en" xsi:schemaLocation="http://checklists.nist.gov/xccdf/1.1 http://nvd.nist.gov/schema/xccdf-1.1.4.xsd http://cpe.mitre.org/dictionary/2.0 http://cpe.mitre.org/files/cpe-dictionary_2.1.xsd" xmlns="http://checklists.nist.gov/xccdf/1.1"><status date="2011-10-03">accepted</status><title>Web Policy STIG</title><notice id="terms-of-use" xml:lang="en"></notice><reference><dc:publisher>DISA, Field Security Operations</dc:publisher><dc:source>STIG.DOD.MIL</dc:source></reference><plain-text id="release-info">Release: 1 Benchmark Date: 28 Oct 2011</plain-text><version>1</version><Profile id="MAC-1_Public"><title>I - Mission Critical Public</title><description>&lt;ProfileDescription&gt;&lt;/ProfileDescription&gt;</description><select idref="V-23819" selected="true" /><select idref="V-23822" selected="true" /><select idref="V-23829" selected="true" /><select idref="V-23833" selected="true" /><select idref="V-23834" selected="true" /><select idref="V-23835" selected="true" /><select idref="V-23836" selected="true" /><select idref="V-23838" selected="true" /><select idref="V-23839" selected="true" /><select idref="V-23840" selected="true" /><select idref="V-23841" selected="true" /><select idref="V-23842" selected="true" /><select idref="V-23844" selected="true" /><select idref="V-23846" selected="true" /></Profile><Profile id="MAC-1_Sensitive"><title>I - Mission Critical Sensitive</title><description>&lt;ProfileDescription&gt;&lt;/ProfileDescription&gt;</description><select idref="V-23819" selected="true" /><select idref="V-23822" selected="true" /><select idref="V-23829" selected="true" /><select idref="V-23833" selected="true" /><select idref="V-23834" selected="true" /><select idref="V-23835" selected="true" /><select idref="V-23836" selected="true" /><select idref="V-23838" selected="true" /><select idref="V-23839" selected="true" /><select idref="V-23840" selected="true" /><select idref="V-23841" selected="true" /><select idref="V-23842" selected="true" /><select idref="V-23844" selected="true" /><select idref="V-23846" selected="true" /></Profile><Profile id="MAC-1_Classified"><title>I - Mission Critical Classified</title><description>&lt;ProfileDescription&gt;&lt;/ProfileDescription&gt;</description><select idref="V-23819" selected="true" /><select idref="V-23822" selected="true" /><select idref="V-23829" selected="true" /><select idref="V-23833" selected="true" /><select idref="V-23834" selected="true" /><select idref="V-23835" selected="true" /><select idref="V-23836" selected="true" /><select idref="V-23838" selected="true" /><select idref="V-23839" selected="true" /><select idref="V-23840" selected="true" /><select idref="V-23841" selected="true" /><select idref="V-23842" selected="true" /><select idref="V-23844" selected="true" /><select idref="V-23846" selected="true" /></Profile><Profile id="MAC-2_Public"><title>II - Mission Support Public</title><description>&lt;ProfileDescription&gt;&lt;/ProfileDescription&gt;</description><select idref="V-23819" selected="true" /><select idref="V-23822" selected="true" /><select idref="V-23829" selected="true" /><select idref="V-23833" selected="true" /><select idref="V-23834" selected="true" /><select idref="V-23835" selected="true" /><select idref="V-23836" selected="true" /><select idref="V-23838" selected="true" /><select idref="V-23839" selected="true" /><select idref="V-23840" selected="true" /><select idref="V-23841" selected="true" /><select idref="V-23842" selected="true" /><select idref="V-23844" selected="true" /><select idref="V-23846" selected="true" /></Profile><Profile id="MAC-2_Sensitive"><title>II - Mission Support Sensitive</title><description>&lt;ProfileDescription&gt;&lt;/ProfileDescription&gt;</description><select idref="V-23819" selected="true" /><select idref="V-23822" selected="true" /><select idref="V-23829" selected="true" /><select idref="V-23833" selected="true" /><select idref="V-23834" selected="true" /><select idref="V-23835" selected="true" /><select idref="V-23836" selected="true" /><select idref="V-23838" selected="true" /><select idref="V-23839" selected="true" /><select idref="V-23840" selected="true" /><select idref="V-23841" selected="true" /><select idref="V-23842" selected="true" /><select idref="V-23844" selected="true" /><select idref="V-23846" selected="true" /></Profile><Profile id="MAC-2_Classified"><title>II - Mission Support Classified</title><description>&lt;ProfileDescription&gt;&lt;/ProfileDescription&gt;</description><select idref="V-23819" selected="true" /><select idref="V-23822" selected="true" /><select idref="V-23829" selected="true" /><select idref="V-23833" selected="true" /><select idref="V-23834" selected="true" /><select idref="V-23835" selected="true" /><select idref="V-23836" selected="true" /><select idref="V-23838" selected="true" /><select idref="V-23839" selected="true" /><select idref="V-23840" selected="true" /><select idref="V-23841" selected="true" /><select idref="V-23842" selected="true" /><select idref="V-23844" selected="true" /><select idref="V-23846" selected="true" /></Profile><Profile id="MAC-3_Public"><title>III - Administrative Public</title><description>&lt;ProfileDescription&gt;&lt;/ProfileDescription&gt;</description><select idref="V-23819" selected="true" /><select idref="V-23822" selected="true" /><select idref="V-23829" selected="true" /><select idref="V-23833" selected="true" /><select idref="V-23834" selected="true" /><select idref="V-23835" selected="true" /><select idref="V-23836" selected="true" /><select idref="V-23838" selected="true" /><select idref="V-23839" selected="true" /><select idref="V-23840" selected="true" /><select idref="V-23841" selected="true" /><select idref="V-23842" selected="true" /><select idref="V-23844" selected="true" /><select idref="V-23846" selected="true" /></Profile><Profile id="MAC-3_Sensitive"><title>III - Administrative Sensitive</title><description>&lt;ProfileDescription&gt;&lt;/ProfileDescription&gt;</description><select idref="V-23819" selected="true" /><select idref="V-23822" selected="true" /><select idref="V-23829" selected="true" /><select idref="V-23833" selected="true" /><select idref="V-23834" selected="true" /><select idref="V-23835" selected="true" /><select idref="V-23836" selected="true" /><select idref="V-23838" selected="true" /><select idref="V-23839" selected="true" /><select idref="V-23840" selected="true" /><select idref="V-23841" selected="true" /><select idref="V-23842" selected="true" /><select idref="V-23844" selected="true" /><select idref="V-23846" selected="true" /></Profile><Profile id="MAC-3_Classified"><title>III - Administrative Classified</title><description>&lt;ProfileDescription&gt;&lt;/ProfileDescription&gt;</description><select idref="V-23819" selected="true" /><select idref="V-23822" selected="true" /><select idref="V-23829" selected="true" /><select idref="V-23833" selected="true" /><select idref="V-23834" selected="true" /><select idref="V-23835" selected="true" /><select idref="V-23836" selected="true" /><select idref="V-23838" selected="true" /><select idref="V-23839" selected="true" /><select idref="V-23840" selected="true" /><select idref="V-23841" selected="true" /><select idref="V-23842" selected="true" /><select idref="V-23844" selected="true" /><select idref="V-23846" selected="true" /></Profile><Group id="V-23819"><title>Change Management policies</title><description>&lt;GroupDescription&gt;&lt;/GroupDescription&gt;</description><Rule id="SV-28754r1_rule" severity="medium" weight="10.0"><version>WEBPL200</version><title>The production web server staff will have a formal migration plan for removing or upgrading production web server software prior to the date the vendor drops security patch support.</title><description>&lt;VulnDiscussion&gt;It is one of the primary duties of the Change Control Board (CCB) to have a complete and detailed inventory of hardware, software, and firmware, inclusive of version, license, and certificate information (such as expiration dates) in order to properly track and plan for change. This requirement will also be reflected in the Continuity of Operations Plan (COOP) within the organization, which forms the basis of contingency planning and recovery.

With regards to software, firmware, and hardware expired licenses, certificates, and support agreements that may lead to outages of availability, a process should be in place in order to ensure these are kept current in a timely fashion as determined by the organization. Also, vendor agreements, contact numbers, and support identification protocols should be maintained, kept current, and be readily available to the CCB, the IAO, and the SA for the production web server.

Software that has fallen out of warranty and is no longer supported by the vendor presents a significant risk to the computing environment. When software is no longer supported by the vendor, patches are no longer supplied for the particular piece of software which can make an organization vulnerable to attacks. Also, unsupported software is normally not included on various vulnerability notices, such as IAVMs and CVEs, due to the fact that the vendors are not providing this information since the software is not supported. 

It is important to note that software that fails to meet DoD security guidelines may be denied connection to the network.
&lt;/VulnDiscussion&gt;&lt;FalsePositives&gt;&lt;/FalsePositives&gt;&lt;FalseNegatives&gt;&lt;/FalseNegatives&gt;&lt;Documentable&gt;false&lt;/Documentable&gt;&lt;Mitigations&gt;&lt;/Mitigations&gt;&lt;SecurityOverrideGuidance&gt;&lt;/SecurityOverrideGuidance&gt;&lt;PotentialImpacts&gt;&lt;/PotentialImpacts&gt;&lt;ThirdPartyTools&gt;&lt;/ThirdPartyTools&gt;&lt;MitigationControl&gt;&lt;/MitigationControl&gt;&lt;Responsibility&gt;System Administrator&lt;/Responsibility&gt;&lt;IAControls&gt;DCPR-1&lt;/IAControls&gt;</description><fixtext fixref="F-26125r1_fix">Develop a Configuration Management Plan or a COOP to address a life cycle methodology approach to managing production web server software.</fixtext><fix id="F-26125r1_fix" /><check system="C-29115r1_chk"><check-content-ref name="M" href="VMS_XCCDF_Benchmark_Web Policy.xml" /><check-content>Query the IAO to determine if the site has a detailed process as part of its Configuration Management Plan or COOP to prevent the use of unsupported software and to provide a process to upgrade web server software.

If the web server staff cannot provide a copy of the Configuration Management Plan or the COOP that addresses software replacement or upgrade, this is a finding.




</check-content></check></Rule></Group><Group id="V-23822"><title>Incident Response procedures</title><description>&lt;GroupDescription&gt;&lt;/GroupDescription&gt;</description><Rule id="SV-28757r1_rule" severity="medium" weight="10.0"><version>WEBPL170</version><title>Incident Response procedures must exist for web servers and sites.</title><description>&lt;VulnDiscussion&gt;It is a requirement that all DoD information sites have developed and implemented Incident Response (IR) policies and procedures. In the event that an unexpected occurrence disrupts the web server’s function, a mechanism will be in place to guide the SA or the web administrator through the process of determining the cause and effect of such an event. This may involve, among other things, the use of forensic techniques (such as log file research as well as file and directory modification analysis), and may include specific reporting and coordination requirements as well as specific steps necessary to begin recovery of an affected server. The IAO, SAs, and web administrators should have a copy of these procedures and be knowledgeable about their roles and responsibilities.&lt;/VulnDiscussion&gt;&lt;FalsePositives&gt;&lt;/FalsePositives&gt;&lt;FalseNegatives&gt;&lt;/FalseNegatives&gt;&lt;Documentable&gt;false&lt;/Documentable&gt;&lt;Mitigations&gt;&lt;/Mitigations&gt;&lt;SecurityOverrideGuidance&gt;&lt;/SecurityOverrideGuidance&gt;&lt;PotentialImpacts&gt;&lt;/PotentialImpacts&gt;&lt;ThirdPartyTools&gt;&lt;/ThirdPartyTools&gt;&lt;MitigationControl&gt;&lt;/MitigationControl&gt;&lt;Responsibility&gt;System Administrator&lt;/Responsibility&gt;&lt;IAControls&gt;VIIR-1, VIIR-2&lt;/IAControls&gt;</description><fixtext fixref="F-26130r1_fix">Establish and maintain a documented IR plan that addresses the IR procedures for the production web server.</fixtext><fix id="F-26130r1_fix" /><check system="C-29124r1_chk"><check-content-ref name="M" href="VMS_XCCDF_Benchmark_Web Policy.xml" /><check-content>Even if the IR, with regard to the production web server is governed by an MOU or SLA, the majority of the elements listed in this check must still be addressed within those documents. Assurances will be provided by the application owners to the hosting administration. 
Assurance and any supporting documentation will be made available to an authorized reviewer.

Ask the IAO, the SA, or the web administrator if an IR plan exists for the production web server being reviewed. If a plan exists, then determine if the plan contains the following elements:

1. The IR plan addresses specific requirements with respect to the data types on the server such as reporting requirements for the loss or compromise of public, private, or classified data.

2. The IR plan addresses policy and procedures that may be documented in the COOP that will contain specific procedures necessary to recover the server, the hosted sites, and any data that may have been lost.

3. The IR plan should name specific individuals with incident and response responsibilities. Assurance should be documented that these individuals have received IR training.

4. The IR plan addresses notification and coordination of incidents with regard to reporting chains such as security officers and management personnel.

Other items to consider are as follows:
Have any of the listed procedures actually been tested with regard to mock incidents, data recovery, and server/site recovery? If they were tested, are they then performed on a periodic basis?

If an IR plan cannot be produced, or if the web administrative staff is not aware of the IR policies and procedures, this is a finding.
</check-content></check></Rule></Group><Group id="V-23829"><title>Production web server scripts are tested.</title><description>&lt;GroupDescription&gt;&lt;/GroupDescription&gt;</description><Rule id="SV-28765r1_rule" severity="medium" weight="10.0"><version>WEBPL130</version><title>Production web server scripts are tested before implementation.</title><description>&lt;VulnDiscussion&gt;Interactive server-side scripts, sometimes referred to as CGI, are a powerful means for enhancing web site functionality. Scripts are often executable at the application layer and can interact with the operating system, frequently exercising control over fundamental system resources (i.e., start and stop programs, write data to the server, alter and delete data, etc.). A variety of scripting languages and middleware is available for this purpose. Typically, this middleware involves the use of an interpreter. The opportunity for a malicious user to exploit poorly-designed or untested web scripts is significant and has proven to be a leading cause of server compromises. This would apply to any operating system and any web server software in use. SSI, ASP, JSP, JAVA, PHP, JS, PERL scripts, and enabled SWFs are commonly found in these circumstances. 

It is important that all programs have been reviewed, tested, and approved with regard to security prior to being promoted to the production web server. 

The IAO, the SA, and/or the web master should be in possession of copies of assurance from either an application development team utilizing the guidance of the Application Security and Development STIG or an assurance from a trusted third-party vendor that security evaluations have been performed with regard to scripts being used on a production web server. 
&lt;/VulnDiscussion&gt;&lt;FalsePositives&gt;&lt;/FalsePositives&gt;&lt;FalseNegatives&gt;&lt;/FalseNegatives&gt;&lt;Documentable&gt;false&lt;/Documentable&gt;&lt;Mitigations&gt;&lt;/Mitigations&gt;&lt;SecurityOverrideGuidance&gt;&lt;/SecurityOverrideGuidance&gt;&lt;PotentialImpacts&gt;&lt;/PotentialImpacts&gt;&lt;ThirdPartyTools&gt;&lt;/ThirdPartyTools&gt;&lt;MitigationControl&gt;&lt;/MitigationControl&gt;&lt;Responsibility&gt;Information Assurance Officer&lt;/Responsibility&gt;&lt;IAControls&gt;ECSD-1, ECSD-2&lt;/IAControls&gt;</description><fixtext fixref="F-26184r1_fix">Ensure proof of testing and security assurance is available. Ensure that CGI documentation is available.</fixtext><fix id="F-26184r1_fix" /><check system="C-29172r1_chk"><check-content-ref name="M" href="VMS_XCCDF_Benchmark_Web Policy.xml" /><check-content>All scripts and programs executing on a production web server must be tested and evaluated for security issues prior to being installed on the production server.

A distinction is made between DoD web servers hosting web sites that are wholly under their control, such as a command that has written and developed a web application and then hosts that web application, and a web server hosting web sites where development is performed remotely and hosting is governed by a memorandum of understanding (MOU) and the service level agreement (SLA). 

It is not the responsibility of the SA or the web administrator to perform tests or security evaluations on scripts implemented on the production web server. It is the responsibility of the agency or vendors that developed the application to perform all testing and security evaluations.

If the web server is owned by the activity that developed the web application, the activity is responsible for all testing and security evaluations. The activity will retain all proofs and documentation supporting this requirement. These proofs will be provided upon request to any individual authorized to review the web server.

If the web server hosts web sites where the applications have been remotely authored and the hosting is governed by an MOU and/or the SLA, those remote organizations or vendors are responsible for all testing and security evaluations. In this case, such proofs supporting this requirement will be made available to the hosting activity for the purpose of this compliance check. These proofs will be provided upon request to any individual authorized to review the web server. 

The reviewer will ask to see all supporting proofs that are necessary to support this requirement.

The reviewer may work with the IAO, the IAM, the SA, or the web administrator to determine a feasible sampling of programs and scripts in order to verify compliance with this requirement. 

If actual testing information is available indicating the method of testing, the individuals responsible for testing, and the individuals approving the test outcomes, the reviewer will note their existence as a part of the supporting proofs. 

The actual testing of scripts and programs is outside of the scope of this guidance and is governed by the Application Security and Development STIG. 
</check-content></check></Rule></Group><Group id="V-23833"><title>Certified Web Administrators</title><description>&lt;GroupDescription&gt;&lt;/GroupDescription&gt;</description><Rule id="SV-28769r1_rule" severity="low" weight="10.0"><version>WEBPL050</version><title>Trained staff are not available to respond to web server or web content problems.</title><description>&lt;VulnDiscussion&gt;Many web sites are available 24 hours per day, 7 days a week, and the potential for problems relating to the web server operations are significant. Operating staff may discover a problem with the organization’s web server operation or web content. Points-of-contact (staff) with the appropriate access and training must be available to respond to immediate operational needs to correct the problem.&lt;/VulnDiscussion&gt;&lt;FalsePositives&gt;&lt;/FalsePositives&gt;&lt;FalseNegatives&gt;&lt;/FalseNegatives&gt;&lt;Documentable&gt;false&lt;/Documentable&gt;&lt;Mitigations&gt;&lt;/Mitigations&gt;&lt;SecurityOverrideGuidance&gt;&lt;/SecurityOverrideGuidance&gt;&lt;PotentialImpacts&gt;&lt;/PotentialImpacts&gt;&lt;ThirdPartyTools&gt;&lt;/ThirdPartyTools&gt;&lt;MitigationControl&gt;&lt;/MitigationControl&gt;&lt;Responsibility&gt;System Administrator&lt;/Responsibility&gt;&lt;IAControls&gt;COMS-2&lt;/IAControls&gt;</description><fixtext fixref="F-26191r1_fix">Assign certified staff to respond to operational and content issues. </fixtext><fix id="F-26191r1_fix" /><check system="C-29180r1_chk"><check-content-ref name="M" href="VMS_XCCDF_Benchmark_Web Policy.xml" /><check-content>The reviewer will verify that an appropriate training program is in place and that web server personnel are either certified or in the process of certification.

The following elements will be reviewed:
1. A training program is in place that addresses DoD publication 8570.01M with respect to either the IAT or the IAM certification of the web server staff at the appropriate certification level, according to job roles and responsibilities.
2. Web server staff will either be DoD IAT- or IAM- certified according to their roles or be in the process of achieving DoD IA certification.
3. Training records are maintained.
4. DoD IA certification must remain active.
5. Web server staff will be CE certified. CE certification should be specific to operating systems, server hosts, etc. If web server staff administers multiple technologies, current guidance suggests that CE certification should be achieved for all supported technology. At a minimum, certification should be achieved for the technology he or she spends the most time supporting.
6. The certification program may be instructor-led, given through a CBT, or be blended. It may be vendor-specific or a component-developed equivalent certification. Testing or proof of knowledge and skill is required. It is highly suggested that, with respect to web server administration, emphasis be given to the expected functional duties of the web server staff. This emphasis should concentrate in areas that may include, but are not limited to:
• Security threat and mitigation techniques.
• Securing critical files and processes.
• Back up and recovery techniques. 
• OS and the web server software administration.
• OS and web server hardening techniques.
• The application of access controls. 
• Disaster recovery. 
• Incident response and analysis.

If elements listed above are not in place or the web server staff is not certified or is in the process of certification, this is a finding. 
</check-content></check></Rule></Group><Group id="V-23834"><title>Web Server scripts are documented.</title><description>&lt;GroupDescription&gt;&lt;/GroupDescription&gt;</description><Rule id="SV-28770r1_rule" severity="low" weight="10.0"><version>WEBPL032</version><title>All interactive CGI programs used on the production web server will be documented. </title><description>&lt;VulnDiscussion&gt;Common Gateway Interface (CGI) is a standard protocol that defines how web server software can delegate the generation of web pages to an external application or the web browser. These web server-based applications, known as CGI scripts, are not to be confused with the more specific .cgi file extension. CGI applications can be written in many programming languages. Common applications involve the acquisition of data between a web page and the web browser, executing the CGI scripts, and returning customized web content. There is a possibility of compromising security when using CGI. CGI programs that are carelessly written can grant the malicious user as much access to the server as a privileged account. Documenting these programs will allow the site to maintain an inventory of the interactive programs so that rogue programs are not installed and running on the web server.&lt;/VulnDiscussion&gt;&lt;FalsePositives&gt;&lt;/FalsePositives&gt;&lt;FalseNegatives&gt;&lt;/FalseNegatives&gt;&lt;Documentable&gt;false&lt;/Documentable&gt;&lt;Mitigations&gt;&lt;/Mitigations&gt;&lt;SecurityOverrideGuidance&gt;&lt;/SecurityOverrideGuidance&gt;&lt;PotentialImpacts&gt;&lt;/PotentialImpacts&gt;&lt;ThirdPartyTools&gt;&lt;/ThirdPartyTools&gt;&lt;MitigationControl&gt;&lt;/MitigationControl&gt;&lt;Responsibility&gt;System Administrator&lt;/Responsibility&gt;&lt;IAControls&gt;ECSD-1&lt;/IAControls&gt;</description><fixtext fixref="F-26211r1_fix">Establish a process for ensuring all CGI programs used on the web server are documented. Documentation will include the language used, the program’s purpose, and the program’s IA certification. This documentation will be provided to the IAO.</fixtext><fix id="F-26211r1_fix" /><check system="C-29195r1_chk"><check-content-ref name="M" href="VMS_XCCDF_Benchmark_Web Policy.xml" /><check-content>The intent of this check is to provide awareness to the hosting agency of all CGI and program scripts installed on the web server in support of hosted content. 

It is not the responsibility of the hosting agency to document the CGI and program scripts. It is the responsibility of the agency owning the web application or web site to provide this information to the hosting agency.

Documentation will include the language used, the purpose of the program, and an IA certification. This documentation will be provided to the IAO.

If a COTS product is installed containing CGI, it will be documented by the owner of the hosted information. If a manifest is available for the COTS CGI or it is feasible to generate a manifest listing the CGI associated with the COTS product, it will be provided to the hosting agency. There will be no penalty at this time for failure to provide a list of COTS associated CGI, but it will be a requirement to provide IA assurance for the COTS product.

The potential direction of this requirement may be to scan against the installation of unauthorized programs and scripts.

The reviewer will ask to see an example of a documented program from the web server. 

If the site cannot produce documentation that shows that it is maintaining documentation of interactive programs, this is a finding.
</check-content></check></Rule></Group><Group id="V-23835"><title>Data sensitivity documented</title><description>&lt;GroupDescription&gt;&lt;/GroupDescription&gt;</description><Rule id="SV-28771r1_rule" severity="medium" weight="10.0"><version>WEBPL025</version><title>The sensitivity level of all data for publication on a production web site is known and documented.</title><description>&lt;VulnDiscussion&gt;It is important to be aware of the data sensitivity level and security category of information being published on a web site so that appropriate safeguards may be applied. Such safeguards may include the physical separation of information published on servers located within the DoD DMZ as referenced by the DoD Internet-NIPRNet DMZ STIG. 

It is important for the IAO to have access to this documentation regarding the data sensitivity level and security category level of hosted information to help ensure that appropriate safeguards have been applied.

Initiatives are currently in progress within the NIPRNet DMZ that may require this awareness.



&lt;/VulnDiscussion&gt;&lt;FalsePositives&gt;&lt;/FalsePositives&gt;&lt;FalseNegatives&gt;&lt;/FalseNegatives&gt;&lt;Documentable&gt;false&lt;/Documentable&gt;&lt;Mitigations&gt;&lt;/Mitigations&gt;&lt;SecurityOverrideGuidance&gt;&lt;/SecurityOverrideGuidance&gt;&lt;PotentialImpacts&gt;&lt;/PotentialImpacts&gt;&lt;ThirdPartyTools&gt;&lt;/ThirdPartyTools&gt;&lt;MitigationControl&gt;&lt;/MitigationControl&gt;&lt;Responsibility&gt;System Administrator&lt;/Responsibility&gt;&lt;IAControls&gt;ECML-1&lt;/IAControls&gt;</description><fixtext fixref="F-26215r1_fix">Acquire the data sensitivity level and security category of information published on a production web site.</fixtext><fix id="F-26215r1_fix" /><check system="C-29196r1_chk"><check-content-ref name="M" href="VMS_XCCDF_Benchmark_Web Policy.xml" /><check-content>It is not the responsibility of the hosting agency to document the data sensitivity level and security category of the hosted information. It is the responsibility of the information owner to provide this documentation to the IAO of the hosting agency.

If this documentation is not in the possession of the IAO, this is a finding.
</check-content></check></Rule></Group><Group id="V-23836"><title>Access to Configuration Management policies.</title><description>&lt;GroupDescription&gt;&lt;/GroupDescription&gt;</description><Rule id="SV-28772r1_rule" severity="low" weight="10.0"><version>WEBPL131</version><title>Configuration management policies are available to the SA and the web administrator.</title><description>&lt;VulnDiscussion&gt;A Configuration Management Policy and its associated procedures help to ensure the effective implementation of security controls requisite to the organizational goals of integrity, availability, and confidentiality by governing the change process, which is necessary to ensure that unapproved and malformed software, or unapproved configuration changes, are not introduced into the production environment. It should include, but may not be limited to, auditing change, the use of automated change controls, limiting change to authorized personnel with regard to direct changes to production software, and lists of approved or disapproved software.&lt;/VulnDiscussion&gt;&lt;FalsePositives&gt;&lt;/FalsePositives&gt;&lt;FalseNegatives&gt;&lt;/FalseNegatives&gt;&lt;Documentable&gt;false&lt;/Documentable&gt;&lt;Mitigations&gt;&lt;/Mitigations&gt;&lt;SecurityOverrideGuidance&gt;&lt;/SecurityOverrideGuidance&gt;&lt;PotentialImpacts&gt;&lt;/PotentialImpacts&gt;&lt;ThirdPartyTools&gt;&lt;/ThirdPartyTools&gt;&lt;MitigationControl&gt;&lt;/MitigationControl&gt;&lt;Responsibility&gt;System Administrator&lt;/Responsibility&gt;&lt;IAControls&gt;DCPR-1, ECPC-1&lt;/IAControls&gt;</description><fixtext fixref="F-26218r1_fix">Documented CM policies and procedures will be made available to the IAO, the SA, or the web administrator. </fixtext><fix id="F-26218r1_fix" /><check system="C-29197r1_chk"><check-content-ref name="M" href="VMS_XCCDF_Benchmark_Web Policy.xml" /><check-content>If an MOU or an SLA exists between a hosting agency and the information owner, those documents will address the requirement presented in this check. If the hosting agency is responsible for CM, it will provide the proof. If the information owner is responsible for CM, it will provide assurance and supporting information to the hosting agency.

The reviewer will have access to this documentation and any supporting materials. 

The SA and or the web administrator should be in possession of or have access to the most recent Configuration Management Policy as developed by the organization. They should also be able to demonstrate policy compliance.

Review the risk assessment, security plan, and any supplements necessary to verify that these procedures are documented.

Required elements of CM:
1. An indication of who approves the changes to both administrative configuration changes and the software installed on the production web server.

2. A process that documents and audits web server configuration and web server software changes, approvals, and disapprovals. 

3. A process or policy that addresses procedures with regard to what may or may not be configured, changed, or implemented.

If a Change Management Policy does not exist, or compliance cannot be demonstrated, this is a finding.
</check-content></check></Rule></Group><Group id="V-23838"><title>Configuration baseline</title><description>&lt;GroupDescription&gt;&lt;/GroupDescription&gt;</description><Rule id="SV-28774r1_rule" severity="low" weight="10.0"><version>WEBPL132</version><title>A current baseline configuration for the web server is maintained at all times.</title><description>&lt;VulnDiscussion&gt;The Web Server STIG and the OS STIG can provide guidance with respect to the creation of a baseline configuration for web servers. However, changes to the server configuration over time will occur due to either threat mitigation or the customization of server software. These configurable changes may occur outside of STIG guidance, creating a new configuration baseline. A new configuration baseline should be documented, readily accessible, and current in order to help ensure rapid incident response. This check recognizes that each server operating within the DoD, although similar, may be unique. 

There are many types of customized configurations with respect to the OS and the web server software (e.g., IIS, Apache, etc.) which, although compliant with DoD STIG guidance, may affect the overall availability of a DoD asset to fulfill its mission in the event of a significant incident. If these customizations are not known, documented, and available, a web server recovery may be impacted. It is also recognized that although automated backup and recovery software may significantly mitigate the risk to a web server’s availability, there may be circumstances that require significant manual configuration.

This requirement is aligned with those configurable settings that affect the role of a web server. Some of those settings may be required by the OS STIG and some of those settings may be required within the Web Server STIG.

Configuration settings that affect availability, integrity, or confidentially of a production web server should be documented and available.
&lt;/VulnDiscussion&gt;&lt;FalsePositives&gt;&lt;/FalsePositives&gt;&lt;FalseNegatives&gt;&lt;/FalseNegatives&gt;&lt;Documentable&gt;false&lt;/Documentable&gt;&lt;Mitigations&gt;&lt;/Mitigations&gt;&lt;SecurityOverrideGuidance&gt;&lt;/SecurityOverrideGuidance&gt;&lt;PotentialImpacts&gt;&lt;/PotentialImpacts&gt;&lt;ThirdPartyTools&gt;&lt;/ThirdPartyTools&gt;&lt;MitigationControl&gt;&lt;/MitigationControl&gt;&lt;Responsibility&gt;System Administrator&lt;/Responsibility&gt;&lt;IAControls&gt;DCCS-1, DCPR-1&lt;/IAControls&gt;</description><fixtext fixref="F-26235r1_fix">Establish and maintain a configuration baseline for the production web server.</fixtext><fix id="F-26235r1_fix" /><check system="C-29214r1_chk"><check-content-ref name="M" href="VMS_XCCDF_Benchmark_Web Policy.xml" /><check-content>It is assumed that once a server has been configured for production, an image is captured that can serve as an initial baseline for that server in addition to records detailing the initial configuration settings.

An automated tool or process that can capture a web server’s configuration settings, take checksums of web server and OS software and their associated essential files, create a baseline from these actions that can fully restore the web server, and notify personnel of baseline changes is highly preferred. This would satisfy the requirements associated with this check.

If a web server can be fully restored from backups or other means without the need for manually configuring the web server, this requirement is considered mitigated and this is not a finding.

If a web server can be restored from backups or other means but requires manually configuring the web server, then those configuration settings must be documented. If those configuration settings are not documented, this is a finding.

If it is not possible to ascertain the ability to restore a web server from backups or other media without the necessity to manually configure the web server, the reviewer will request documentation on web server configuration changes that have taken place since the initial image baseline and documented settings of the server was created. CM documentation associated with changes to the web server will satisfy this requirement. However, the activity should attempt to consolidate this information into its recovery procedures.

If the configurable settings for the web server are incorporated into recovery documentation, this is not a finding.

If the reviewer is not provided with CM documentation when requested, this is a finding.

If the web server has not changed since its initial baseline, this is not a finding.
</check-content></check></Rule></Group><Group id="V-23839"><title>Change Management on production web sites.</title><description>&lt;GroupDescription&gt;&lt;/GroupDescription&gt;</description><Rule id="SV-28775r1_rule" severity="medium" weight="10.0"><version>WEBPL133</version><title>Change on a production web site is controlled.</title><description>&lt;VulnDiscussion&gt;One of the greatest potential threats to a production web server comes from the allowance of inappropriately controlled software change.

All change and modification to production web sites must be controlled with respect to organizational policy or to a specific and approved local policy. The preferred mechanism to introduce approved new programs and CGI should be through an automated, auditable, and access controlled interface. This interface should have the ability to maintain software versions that will allow a rapid reversion to a known working copy of the software in the event of a problem. Both direct and un-auditable changes should be disallowed on production web sites. Exceptions to change management policy must be documented and approved by the IAO or higher authority.
&lt;/VulnDiscussion&gt;&lt;FalsePositives&gt;&lt;/FalsePositives&gt;&lt;FalseNegatives&gt;&lt;/FalseNegatives&gt;&lt;Documentable&gt;false&lt;/Documentable&gt;&lt;Mitigations&gt;&lt;/Mitigations&gt;&lt;SecurityOverrideGuidance&gt;&lt;/SecurityOverrideGuidance&gt;&lt;PotentialImpacts&gt;&lt;/PotentialImpacts&gt;&lt;ThirdPartyTools&gt;&lt;/ThirdPartyTools&gt;&lt;MitigationControl&gt;&lt;/MitigationControl&gt;&lt;Responsibility&gt;System Administrator&lt;/Responsibility&gt;&lt;IAControls&gt;DCPR-1&lt;/IAControls&gt;</description><fixtext fixref="F-26243r1_fix">Ensure that a process is in place to control change on a production web site.</fixtext><fix id="F-26243r1_fix" /><check system="C-29222r1_chk"><check-content-ref name="M" href="VMS_XCCDF_Benchmark_Web Policy.xml" /><check-content>The intent of this control is to manage software changes for web sites on a production web server and to have in place mechanisms that prevent unauthorized and uncontrolled implementation of application code and scripts. This control does not address change management from the perspective of code changes and reviews that take place by a development team at the development level. Only code and scripts that physically reside or will reside on the production web server are affected by this check.

After a development team has gone through a change management process for application code, and approved code changes to a production application or script, what change management process is in place to actually deliver that code and implement it on a production web server?

A process will exist to manage change from the point where code has been approved and is awaiting implementation to the point where it is actually implemented on the production web server.

A fully automated change management solution that places approved code in an access controlled interim location, scans it for viruses, date and time stamps records of receipt, and maintains a record of an authorized ID or service that initiated the change is preferable and would meet the requirements of this check.

A manual or semi-automated process incorporating the majority of the following elements would also meet the intent of this check. Such processes are as follows:

1. The code is placed in an interim location and scanned for viruses.
2. An audit entry, manual or automated, exists to date and time stamp the receipt of the code changes. This entry will also include the authorized ID, web service or program or individual, associated with the change process.
3. Access control mechanisms are placed on the interim location so that only authorized personnel, programs, or services may access or write to or read from that location.
4. The delivery of the code to the interim location is through a secured channel.
5. The delivery of the code from the interim location to the production web server is through a secure channel.
6. Direct implementation of code on the production web server by developers or code authors is prohibited. Only SAs, web administrators, or authorized and secured services or programs may implement the code on the production web server. 

If change management to the production web server is governed by an MOU or an SLA, the majority of the elements listed above must still be addressed within those documents. Assurances will be provided by the application owners to the hosting administration. These assurances will be made available to an authorized reviewer.

If a majority of the elements listed above are not a part of the change management process, this is a finding. 

NOTE: The future direction of this requirement is to require that all elements must be satisfied and not just a majority.
</check-content></check></Rule></Group><Group id="V-23840"><title>Recovery Procedures </title><description>&lt;GroupDescription&gt;&lt;/GroupDescription&gt;</description><Rule id="SV-28786r1_rule" severity="medium" weight="10.0"><version>WEBPL134</version><title>Documented procedures and processes exist to recover the production web server and its associated web sites and are included as a part of the COOP.</title><description>&lt;VulnDiscussion&gt;In the event that a production web site or server needs to be recovered, a current and complete process exists to recover the web server and its associated web sites. 

Formed as an integral part of the risk management framework and a requirement within the DoD, a Continuity of Operations Plan (COOP) is the basis by which guidance may be given in order to recover a production web server and its associated web sites from significant incidents. The COOP’s procedures and associated recovery check-off lists, the contact information for both internal personnel and vendor-specific assistance, Service Level Agreements (SLAs), warranties, and licensing information, provide the mechanisms for success during the recovery process.



&lt;/VulnDiscussion&gt;&lt;FalsePositives&gt;&lt;/FalsePositives&gt;&lt;FalseNegatives&gt;&lt;/FalseNegatives&gt;&lt;Documentable&gt;false&lt;/Documentable&gt;&lt;Mitigations&gt;&lt;/Mitigations&gt;&lt;SecurityOverrideGuidance&gt;&lt;/SecurityOverrideGuidance&gt;&lt;PotentialImpacts&gt;&lt;/PotentialImpacts&gt;&lt;ThirdPartyTools&gt;&lt;/ThirdPartyTools&gt;&lt;MitigationControl&gt;&lt;/MitigationControl&gt;&lt;Responsibility&gt;System Administrator&lt;/Responsibility&gt;&lt;IAControls&gt;COTR-1&lt;/IAControls&gt;</description><fixtext fixref="F-26273r1_fix">Ensure that current recovery procedures exist and are included as a part of the COOP.</fixtext><fix id="F-26273r1_fix" /><check system="C-29253r1_chk"><check-content-ref name="M" href="VMS_XCCDF_Benchmark_Web Policy.xml" /><check-content>Recovery of a web server or site can be as relatively simple as renewing a license to as complex an issue as rebuilding a server or site from scratch. Within the COOP for the Information System (IS) under review, a detailed plan should have been developed that completely spells out the procedures necessary to affect recovery. These procedures and check lists should be as complete as possible in order to achieve organizational goals with respect to availability, integrity, and confidentiality.

Ask the SA or the web master to produce the COOP and specific recovery procedures for the IS (i.e., web server, web site, etc.) under review.

The hosting activity that administers the web server is ultimately responsible for its recovery procedures. These procedures should include all necessary steps and information required to recover the OS, the web server software (i.e., IIS, Apache, etc.), and all supporting software and utilities. 

The activity that owns the hosted application or web site is ultimately responsible for its recovery unless a MOU or an SLA exists that indicates an alternate responsible party. Regardless of responsibility, the procedures necessary to recover a web site will be provided to the hosting agency and available for review.

Key elements that should be addressed in recovery procedures:

1. A copy of supporting MOU or SLA, if applicable. 
2. Contact information for recovery personnel including their roles and responsibilities.
3. Contact information for vendor-specific support and assistance.
4. Information about vendor license and vendor support agreements. 
5. Information about specific IS components and their inter-relationships that are within the scope of the recovery.
6. The readily accessible location of current vendor-specific documentation that is necessary to the recovery effort.
7. Procedural check-off lists that appear to be logically ordered and complete.
8. Procedures for the re-verification or testing of the functionality of security controls after a recovery has been affected. 

Ask the SA or the web administrator if these procedures have ever been tested in an appropriate test environment and how frequently the process is reviewed and re-tested.

If the listed elements are not addressed in the recovery procedures, this is a finding.
</check-content></check></Rule></Group><Group id="V-23841"><title>Mobile Code Technology.</title><description>&lt;GroupDescription&gt;&lt;/GroupDescription&gt;</description><Rule id="SV-28787r1_rule" severity="low" weight="10.0"><version>WEBPL135</version><title>The SA and the web administrator are aware of mobile code technology deployed on servers under their administration. </title><description>&lt;VulnDiscussion&gt;Mobile code technologies represent a major threat vector with respect to the protection of DoD assets. Because this technology is continually evolving, guidance offered by DoD and NIST is also continually evolving. It is important to note with respect to threat mitigation that the hosting agency be aware of deployed mobile code.&lt;/VulnDiscussion&gt;&lt;FalsePositives&gt;&lt;/FalsePositives&gt;&lt;FalseNegatives&gt;&lt;/FalseNegatives&gt;&lt;Documentable&gt;false&lt;/Documentable&gt;&lt;Mitigations&gt;&lt;/Mitigations&gt;&lt;SecurityOverrideGuidance&gt;&lt;/SecurityOverrideGuidance&gt;&lt;PotentialImpacts&gt;&lt;/PotentialImpacts&gt;&lt;ThirdPartyTools&gt;&lt;/ThirdPartyTools&gt;&lt;MitigationControl&gt;&lt;/MitigationControl&gt;&lt;Responsibility&gt;System Administrator&lt;/Responsibility&gt;&lt;IAControls&gt;DCMC-1&lt;/IAControls&gt;</description><fixtext fixref="F-26303r1_fix">Ensure the SA and the web administrator is aware of deployed mobile code.</fixtext><fix id="F-26303r1_fix" /><check system="C-29276r1_chk"><check-content-ref name="M" href="VMS_XCCDF_Benchmark_Web Policy.xml" /><check-content>The intent of this check is to determine the awareness of deployed mobile code by the hosting agency, the SA, or the web administrator.

The agency that owns the web application, which has been developed in accordance with the Application Security and Development STIG, will provide the hosting agency with information regarding the use of mobile code technology, including the type of mobile code used and any threat mitigations or configurations necessary for its deployment that require the SA’s or the web administrator’s involvement.

Information regarding the use of mobile code deployment, including any responsibilities of the hosting agency, may be included with a MOU or the SLA. A list of deployed mobile code by server should be accessible in the event of threats against a specific technology. 

If the hosting agency does not deploy mobile code technology, the finding is Not Applicable.

The SA or web administrator should only need to have access to information by server of deployed mobile code and, if necessary, any responsibilities they may have with regard to configurations, threat mitigations, etc., as indicated by the MOU or the SLA. 

If mobile code technology is deployed and the SA or the web administrator does not have access to deployment information, this is a finding.
</check-content></check></Rule></Group><Group id="V-23842"><title>Documented testing of web server software.</title><description>&lt;GroupDescription&gt;&lt;/GroupDescription&gt;</description><Rule id="SV-28788r1_rule" severity="medium" weight="10.0"><version>WEBPL138</version><title>A process must exist to ensure changes to a production web server’s software or a production web server’s configurable settings are tested and documented before being implemented.</title><description>&lt;VulnDiscussion&gt;This requirement only addresses the physical web server software (e.g., IIS, Apache, etc.) and web server software configuration changes. It is not related to web site application code, web content, or changes to the OS that are governed by other vulnerabilities or STIGs.

A significant threat to the production web server comes from the implementation of untested changes, which may risk compromising existing security controls with regard to availability, integrity, and confidentiality. The requirement for formal testing should be driven by the completion of a risk and security impact assessment. Although all changes should be tested, a DoD component may determine that formal testing may not be necessary, based on the recommendation of the assessment. However, in those cases where an assessment clearly indicates risk, a formal testing process should exist. This process should be followed and documented.
&lt;/VulnDiscussion&gt;&lt;FalsePositives&gt;&lt;/FalsePositives&gt;&lt;FalseNegatives&gt;&lt;/FalseNegatives&gt;&lt;Documentable&gt;false&lt;/Documentable&gt;&lt;Mitigations&gt;&lt;/Mitigations&gt;&lt;SecurityOverrideGuidance&gt;&lt;/SecurityOverrideGuidance&gt;&lt;PotentialImpacts&gt;&lt;/PotentialImpacts&gt;&lt;ThirdPartyTools&gt;&lt;/ThirdPartyTools&gt;&lt;MitigationControl&gt;&lt;/MitigationControl&gt;&lt;Responsibility&gt;System Administrator&lt;/Responsibility&gt;&lt;IAControls&gt;ECSD-1, ECSD-2&lt;/IAControls&gt;</description><fixtext fixref="F-26358r1_fix">Include testing documentation in the CM process.</fixtext><fix id="F-26358r1_fix" /><check system="C-29326r1_chk"><check-content-ref name="M" href="VMS_XCCDF_Benchmark_Web Policy.xml" /><check-content>When the web server software is going to be changed, updated, or patched, or when the web server software configurable settings are going to be changed, a process must exist to document, test, and receive approval for the change prior to its implementation on the production web server.

This check focuses on the review, testing, documentation, and approval aspects of the change management process. 

Ask the SA, or a member of the Change Control Board (CCB), to show proof that a documented Change Management (CM) process exists to test changes to a production web server, prior to implementation.

Key requirements of the process should include the following:
1. A documented security impact assessment.
2. The names of those individuals who completed the security impact assessment.
3. A plan developed to test the change.
4. The names of those individuals who tested the change. These individuals should not be the same individuals who designed the test plan.
5. An indication of what was being tested.
6. A description of how the test was performed.
7. A summation of the testing results.
8. An indication of testing success or failure.
9. An indication of any residual IA concerns.
10. The names of the approving authority that reviewed and accepted the testing results, including their commentary and/or their concerns.

The provided proofs of the CM process should include the CM policy and those documents required by the policy. The policy should substantially address the elements listed above. 

If proof that the CM process does not substantially include the elements listed above, particularly with regard to testing, this is a finding.
</check-content></check></Rule></Group><Group id="V-23844"><title>Audit Log Retention</title><description>&lt;GroupDescription&gt;&lt;/GroupDescription&gt;</description><Rule id="SV-28790r1_rule" severity="low" weight="10.0"><version>WEBPL110</version><title>Web server access logs are generated and retained according to DoDI 8500.2 requirements.</title><description>&lt;VulnDiscussion&gt;Audit trails (logs) are required, as a minimum, to determine accountability according to DoDI 8500.2. They also provide the accountability functionality of a C2-level trusted requirement. Auditing (logging) provides an investigative tool to detect misuse of the system and has been used as evidence to convict individuals of computer crimes.&lt;/VulnDiscussion&gt;&lt;FalsePositives&gt;&lt;/FalsePositives&gt;&lt;FalseNegatives&gt;&lt;/FalseNegatives&gt;&lt;Documentable&gt;false&lt;/Documentable&gt;&lt;Mitigations&gt;&lt;/Mitigations&gt;&lt;SecurityOverrideGuidance&gt;&lt;/SecurityOverrideGuidance&gt;&lt;PotentialImpacts&gt;&lt;/PotentialImpacts&gt;&lt;ThirdPartyTools&gt;&lt;/ThirdPartyTools&gt;&lt;MitigationControl&gt;&lt;/MitigationControl&gt;&lt;Responsibility&gt;System Administrator&lt;/Responsibility&gt;&lt;IAControls&gt;ECRR-1&lt;/IAControls&gt;</description><fixtext fixref="F-26360r1_fix">Archive web server access logs for at least 1 year. In the case of SAMI information, the requirement is 5 years.</fixtext><fix id="F-26360r1_fix" /><check system="C-29328r1_chk"><check-content-ref name="M" href="VMS_XCCDF_Benchmark_Web Policy.xml" /><check-content>The intent of this check is to verify that audit logs generated by web server software (e.g., IIS, Apache, etc.) are retained according to DoDI 8500.2 requirements. This requirement should be a part of either the hosting agency’s SOP or a local audit policy.

Logging element requirements for the web server are covered in technical checks.

Since web server software relies on the OS to process log events, the OS STIGS will govern all methodologies and policies related to access, handling and storage, transit, and processing. 

This check only addresses minimum retention periods for web server logs. An MOU or an SLA may require more restrictive retention periods such as those that deal with access to Sources and Methods Intelligence (SAMI) data as defined in DoDI 8500.2.

This check does not affect requirements as may be specified in a MOU or an SLA between a hosting agency and an information owner as long as minimum retention periods are achieved.

Auditable events and policies, such as those that may be specified by the Application Security and Development STIG, are governed by that STIG. Event logs and policies that may be required by other STIGs will still be governed by those STIGs.

The reviewer will work with the IAO, the SA, or the web administrator to verify that audit logs, as generated by the web server software, are retained according to the following requirement:

1. SAMI access will be retained for a minimum of 5 years.
2. Other access will be retained for a period of 1 year.

If the reviewer cannot ascertain the retention period for web server logs, this is a finding.



</check-content></check></Rule></Group><Group id="V-23846"><title>Information on public web servers is reviewed.</title><description>&lt;GroupDescription&gt;&lt;/GroupDescription&gt;</description><Rule id="SV-28795r1_rule" severity="medium" weight="10.0"><version>WEBPL030</version><title>Information on public web servers is reviewed before publication and periodically reviewed after publication.

</title><description>&lt;VulnDiscussion&gt;The publishing of un-reviewed and unapproved content on a public web server may pose a serious threat to the safety of the warfighter and national security. Security is everyone’s responsibility and, although the originating organization posting the information must ensure that the information has been approved prior to publication, all individuals have a responsibility to raise concern if they suspect that inappropriate content has been published.

There are a number of events that may require the removal of publicly posted information from a public web site such as a change in security postures and guidance directives, the discovery of inadvertently released sensitive information, the discovery of the use of copy-righted material without proper permissions, and the removal of outdated or superseded information.
&lt;/VulnDiscussion&gt;&lt;FalsePositives&gt;&lt;/FalsePositives&gt;&lt;FalseNegatives&gt;&lt;/FalseNegatives&gt;&lt;Documentable&gt;false&lt;/Documentable&gt;&lt;Mitigations&gt;&lt;/Mitigations&gt;&lt;SecurityOverrideGuidance&gt;&lt;/SecurityOverrideGuidance&gt;&lt;PotentialImpacts&gt;&lt;/PotentialImpacts&gt;&lt;ThirdPartyTools&gt;&lt;/ThirdPartyTools&gt;&lt;MitigationControl&gt;&lt;/MitigationControl&gt;&lt;Responsibility&gt;System Administrator&lt;/Responsibility&gt;&lt;IAControls&gt;DCPR-1&lt;/IAControls&gt;</description><fixtext fixref="F-26362r1_fix">Acquire review assurance and local posting policies for publicly published information.</fixtext><fix id="F-26362r1_fix" /><check system="C-29331r1_chk"><check-content-ref name="M" href="VMS_XCCDF_Benchmark_Web Policy.xml" /><check-content>The organization or activity that sponsors the web site will have web content responsibility. These persons will ensure that all information is kept current and that information placed on the web server is reviewed and approved by the Public Affairs Officer (PAO). This organization will provide assurance to the hosting agency that this requirement has been satisfied.

The organization or activity that owns the web site will develop local policies in accordance with the DoD Web Site Administration Policies &amp; Procedures, dated 25 November 1998 (updated 11 January 2002), available at: http://www.defenselink.mil/webmasters/policy/dod_web_policy_12071998_with_amendments_and_corrections.html.

The following elements will be included in that policy:
1. All organizational personnel should receive training appropriate to distinguish between public and non-public information, but specific training is given to content approving authority.
2. Periodic re-review of posted information.
3. Procedures and contact information that address the discovery and subsequent removal of published information that is considered to be in violation of current law, policy, directive, or is outdated.

A copy of this policy will be provided to the hosting agency for the purpose of the site review associated with this check. It is not the responsibility of the hosting agency to review or re-review posted information. If, however, the hosting agency ever notices policy violations or the posting of questionable content, they will take appropriate action.

If review assurance for publicly posted information is not available, or if a policy containing the listed elements is not available, this is a finding.
</check-content></check></Rule></Group></Benchmark>