<?xml version="1.0" encoding="utf-8"?><?xml-stylesheet type='text/xsl' href='STIG_unclass.xsl'?><Benchmark xmlns:dsig="http://www.w3.org/2000/09/xmldsig#" xmlns:xhtml="http://www.w3.org/1999/xhtml" xmlns:xsi="http://www.w3.org/2001/XMLSchema-instance" xmlns:cpe="http://cpe.mitre.org/language/2.0" xmlns:dc="http://purl.org/dc/elements/1.1/" id="Microsoft_Lync_2013" xml:lang="en" xsi:schemaLocation="http://checklists.nist.gov/xccdf/1.1 http://nvd.nist.gov/schema/xccdf-1.1.4.xsd http://cpe.mitre.org/dictionary/2.0 http://cpe.mitre.org/files/cpe-dictionary_2.1.xsd" xmlns="http://checklists.nist.gov/xccdf/1.1"><status date="2014-04-03">accepted</status><title>Microsoft Lync 2013 STIG</title><description>The Microsoft Lync 2013 Security Technical Implementation Guide (STIG) is published as a tool to improve the security of Department of Defense (DoD) information systems.  Comments or proposed revisions to this document should be sent via e-mail to the following address: disa.letterkenny.FSO.mbx.stig-customer-support-mailbox@mail.mil.</description><notice id="terms-of-use" xml:lang="en"></notice><reference href="http://iase.disa.mil"><dc:publisher>DISA, Field Security Operations</dc:publisher><dc:source>STIG.DOD.MIL</dc:source></reference><plain-text id="release-info">Release: 3 Benchmark Date: 23 January 2015</plain-text><version>1</version><Profile id="MAC-1_Classified"><title>I - Mission Critial Classified</title><description>&lt;ProfileDescription&gt;&lt;/ProfileDescription&gt;</description><select idref="V-40776" selected="true" /><select idref="V-40777" selected="true" /><select idref="V-40778" selected="true" /></Profile><Profile id="MAC-1_Public"><title>I - Mission Critial Public</title><description>&lt;ProfileDescription&gt;&lt;/ProfileDescription&gt;</description><select idref="V-40776" selected="true" /><select idref="V-40777" selected="true" /><select idref="V-40778" selected="true" /></Profile><Profile id="MAC-1_Sensitive"><title>I - Mission Critial Sensitive</title><description>&lt;ProfileDescription&gt;&lt;/ProfileDescription&gt;</description><select idref="V-40776" selected="true" /><select idref="V-40777" selected="true" /><select idref="V-40778" selected="true" /></Profile><Profile id="MAC-2_Classified"><title>II - Mission Support Classified</title><description>&lt;ProfileDescription&gt;&lt;/ProfileDescription&gt;</description><select idref="V-40776" selected="true" /><select idref="V-40777" selected="true" /><select idref="V-40778" selected="true" /></Profile><Profile id="MAC-2_Public"><title>II - Mission Support Public</title><description>&lt;ProfileDescription&gt;&lt;/ProfileDescription&gt;</description><select idref="V-40776" selected="true" /><select idref="V-40777" selected="true" /><select idref="V-40778" selected="true" /></Profile><Profile id="MAC-2_Sensitive"><title>II - Mission Support Sensitive</title><description>&lt;ProfileDescription&gt;&lt;/ProfileDescription&gt;</description><select idref="V-40776" selected="true" /><select idref="V-40777" selected="true" /><select idref="V-40778" selected="true" /></Profile><Profile id="MAC-3_Classified"><title>III - Administrative Classified</title><description>&lt;ProfileDescription&gt;&lt;/ProfileDescription&gt;</description><select idref="V-40776" selected="true" /><select idref="V-40777" selected="true" /><select idref="V-40778" selected="true" /></Profile><Profile id="MAC-3_Public"><title>III - Administrative Public</title><description>&lt;ProfileDescription&gt;&lt;/ProfileDescription&gt;</description><select idref="V-40776" selected="true" /><select idref="V-40777" selected="true" /><select idref="V-40778" selected="true" /></Profile><Profile id="MAC-3_Sensitive"><title>III - Administrative Sensitive</title><description>&lt;ProfileDescription&gt;&lt;/ProfileDescription&gt;</description><select idref="V-40776" selected="true" /><select idref="V-40777" selected="true" /><select idref="V-40778" selected="true" /></Profile><Group id="V-40776"><title>DTOO420 - Store user passwords</title><description>&lt;GroupDescription&gt;&lt;/GroupDescription&gt;</description><Rule id="SV-52834r1_rule" severity="medium" weight="10.0"><version>DTOO420</version><title>The ability of Lync to store user passwords must be disabled.</title><description>&lt;VulnDiscussion&gt;Lync 2013 provides a single, unified client for real-time communications, including voice and video calls, Lync Meetings, presence, instant messaging, and persistent chat. These features require the ability to log into the service with a username and password. The Lync client could potentially be configured to store user passwords locally which would allow it to be susceptible to compromise and to be used maliciously.&lt;/VulnDiscussion&gt;&lt;FalsePositives&gt;&lt;/FalsePositives&gt;&lt;FalseNegatives&gt;&lt;/FalseNegatives&gt;&lt;Documentable&gt;false&lt;/Documentable&gt;&lt;Mitigations&gt;&lt;/Mitigations&gt;&lt;SeverityOverrideGuidance&gt;&lt;/SeverityOverrideGuidance&gt;&lt;PotentialImpacts&gt;&lt;/PotentialImpacts&gt;&lt;ThirdPartyTools&gt;&lt;/ThirdPartyTools&gt;&lt;MitigationControl&gt;&lt;/MitigationControl&gt;&lt;Responsibility&gt;System Administrator&lt;/Responsibility&gt;&lt;Responsibility&gt;Information Assurance Officer&lt;/Responsibility&gt;&lt;IAControls&gt;&lt;/IAControls&gt;</description><reference><dc:title>DPMS Target Microsoft Lync 2013</dc:title><dc:publisher>DISA FSO</dc:publisher><dc:type>DPMS Target</dc:type><dc:subject>Microsoft Lync 2013</dc:subject><dc:identifier>2488</dc:identifier></reference><ident system="http://iase.disa.mil/cci">CCI-001632</ident><fixtext fixref="F-45760r1_fix">Set the policy value for Computer Configuration -&gt; Administrative Templates -&gt; Microsoft Lync 2013 -&gt; Microsoft Lync Feature Policies "Allow storage of user passwords" to "Disabled".</fixtext><fix id="F-45760r1_fix" /><check system="C-47151r1_chk"><check-content-ref name="M" href="DPMS_XCCDF_Benchmark_Microsoft Lync 2013.xml" /><check-content>Verify the policy value for Computer Configuration -&gt; Administrative Templates -&gt; Microsoft Lync 2013 -&gt; Microsoft Lync Feature Policies "Allow storage of user passwords" is set to "Disabled".

Procedure: Use the Windows Registry Editor to navigate to the following key: 

HKLM\Software\Policies\Microsoft\office\15.0\lync

Criteria: If the value savepassword is REG_DWORD = 0, this is not a finding.</check-content></check></Rule></Group><Group id="V-40777"><title>DTOO421 - Session Initiation Protocol (SIP) security mode</title><description>&lt;GroupDescription&gt;&lt;/GroupDescription&gt;</description><Rule id="SV-52835r1_rule" severity="medium" weight="10.0"><version>DTOO421</version><title>Session Initiation Protocol (SIP) security mode must be configured.</title><description>&lt;VulnDiscussion&gt;Lync 2013 provides a single, unified client for real-time communications, including voice and video calls, Lync Meetings, presence, instant messaging, and persistent chat, using the Session Initiation Protocol (SIP). SIP is widely used for controlling multimedia communication sessions, such as voice and video calls over Internet Protocol (IP) networks. By using TLS it would render a sniff/man in the middle attack very difficult to impossible to achieve within the time period in which a given conversation could be attacked. TLS authenticates all parties and encrypts all traffic. This does not prevent listening over the wire, but the attacker cannot read the traffic unless the encryption is broken.&lt;/VulnDiscussion&gt;&lt;FalsePositives&gt;&lt;/FalsePositives&gt;&lt;FalseNegatives&gt;&lt;/FalseNegatives&gt;&lt;Documentable&gt;false&lt;/Documentable&gt;&lt;Mitigations&gt;&lt;/Mitigations&gt;&lt;SeverityOverrideGuidance&gt;&lt;/SeverityOverrideGuidance&gt;&lt;PotentialImpacts&gt;&lt;/PotentialImpacts&gt;&lt;ThirdPartyTools&gt;&lt;/ThirdPartyTools&gt;&lt;MitigationControl&gt;&lt;/MitigationControl&gt;&lt;Responsibility&gt;System Administrator&lt;/Responsibility&gt;&lt;Responsibility&gt;Information Assurance Officer&lt;/Responsibility&gt;&lt;IAControls&gt;&lt;/IAControls&gt;</description><reference><dc:title>DPMS Target Microsoft Lync 2013</dc:title><dc:publisher>DISA FSO</dc:publisher><dc:type>DPMS Target</dc:type><dc:subject>Microsoft Lync 2013</dc:subject><dc:identifier>2488</dc:identifier></reference><ident system="http://iase.disa.mil/cci">CCI-001632</ident><fixtext fixref="F-45761r1_fix">Set the policy value for Computer Configuration -&gt; Administrative Templates -&gt; Microsoft Lync 2013 -&gt; Microsoft Lync Feature Policies "Configure SIP security mode" to "Enabled".</fixtext><fix id="F-45761r1_fix" /><check system="C-47152r1_chk"><check-content-ref name="M" href="DPMS_XCCDF_Benchmark_Microsoft Lync 2013.xml" /><check-content>Verify the policy value for Computer Configuration -&gt; Administrative Templates -&gt; Microsoft Lync 2013 -&gt; Microsoft Lync Feature Policies "Configure SIP security mode" is set to "Enabled".

Procedure: Use the Windows Registry Editor to navigate to the following key: 

HKLM\Software\Policies\Microsoft\office\15.0\lync

Criteria: If the value enablesiphighsecuritymode is REG_DWORD = 1, this is not a finding.</check-content></check></Rule></Group><Group id="V-40778"><title>DTOO422 - Session Initiation Protocol (SIP)</title><description>&lt;GroupDescription&gt;&lt;/GroupDescription&gt;</description><Rule id="SV-52836r2_rule" severity="medium" weight="10.0"><version>DTOO422</version><title>In the event a secure Session Initiation Protocol (SIP) connection fails, the connection must be restricted from resorting to the unencrypted HTTP.</title><description>&lt;VulnDiscussion&gt;Lync 2013 provides a single, unified client for real-time communications, including voice and video calls, Lync Meetings, presence, instant messaging, and persistent chat. The Lync client has a fall back option so that, in the event the Lync client cannot make a secure SIP connection to the Lync server, it will fall back to an unencrypted HTTP connection. In that event, all traffic will be unencrypted and in clear text. The configuration must be set to prevent HTTP being used for SIP connections in the event TLS or TCP fail.&lt;/VulnDiscussion&gt;&lt;FalsePositives&gt;&lt;/FalsePositives&gt;&lt;FalseNegatives&gt;&lt;/FalseNegatives&gt;&lt;Documentable&gt;false&lt;/Documentable&gt;&lt;Mitigations&gt;&lt;/Mitigations&gt;&lt;SeverityOverrideGuidance&gt;&lt;/SeverityOverrideGuidance&gt;&lt;PotentialImpacts&gt;&lt;/PotentialImpacts&gt;&lt;ThirdPartyTools&gt;&lt;/ThirdPartyTools&gt;&lt;MitigationControl&gt;&lt;/MitigationControl&gt;&lt;Responsibility&gt;System Administrator&lt;/Responsibility&gt;&lt;Responsibility&gt;Information Assurance Officer&lt;/Responsibility&gt;&lt;IAControls&gt;&lt;/IAControls&gt;</description><reference><dc:title>DPMS Target Microsoft Lync 2013</dc:title><dc:publisher>DISA FSO</dc:publisher><dc:type>DPMS Target</dc:type><dc:subject>Microsoft Lync 2013</dc:subject><dc:identifier>2488</dc:identifier></reference><ident system="http://iase.disa.mil/cci">CCI-001632</ident><fixtext fixref="F-45762r2_fix">Set the policy value for Computer Configuration -&gt; Administrative Templates -&gt; Microsoft Lync 2013 -&gt; Microsoft Lync Feature Policies "Disable HTTP fallback for SIP connection" to "Enabled".</fixtext><fix id="F-45762r2_fix" /><check system="C-47153r3_chk"><check-content-ref name="M" href="DPMS_XCCDF_Benchmark_Microsoft Lync 2013.xml" /><check-content>Verify the policy value for Computer Configuration -&gt; Administrative Templates -&gt; Microsoft Lync 2013 -&gt; Microsoft Lync Feature Policies "Disable HTTP fallback for SIP connection" is set to "Enabled".

Procedure: Use the Windows Registry Editor to navigate to the following key: 

HKLM\Software\Policies\Microsoft\office\15.0\lync

Criteria: If the value disablehttpconnect is REG_DWORD = 1, this is not a finding.</check-content></check></Rule></Group></Benchmark>