<?xml version="1.0" encoding="utf-8"?><?xml-stylesheet type='text/xsl' href='STIG_unclass.xsl'?><Benchmark xmlns:dsig="http://www.w3.org/2000/09/xmldsig#" xmlns:xsi="http://www.w3.org/2001/XMLSchema-instance" xmlns:cpe="http://cpe.mitre.org/language/2.0" xmlns:xhtml="http://www.w3.org/1999/xhtml" xmlns:dc="http://purl.org/dc/elements/1.1/" id="IIS_7.0_WEB_SERVER_BENCHMARK" xml:lang="en" xsi:schemaLocation="http://checklists.nist.gov/xccdf/1.1 http://nvd.nist.gov/schema/xccdf-1.1.4.xsd http://cpe.mitre.org/dictionary/2.0 http://cpe.mitre.org/files/cpe-dictionary_2.1.xsd" xmlns="http://checklists.nist.gov/xccdf/1.1"><status date="2017-12-21">accepted</status><title>IIS 7.0 WEB SERVER STIG</title><description>This Security Technical Implementation Guide is published as a tool to improve the security of Department of Defense (DoD) information systems. The requirements are derived from the National Institute of Standards and Technology (NIST) 800-53 and related documents. Comments or proposed revisions to this document should be sent via email to the following address: disa.stig_spt@mail.mil.</description><notice id="terms-of-use" xml:lang="en"></notice><reference href="http://iase.disa.mil"><dc:publisher>DISA</dc:publisher><dc:source>STIG.DOD.MIL</dc:source></reference><plain-text id="release-info">Release: 16 Benchmark Date: 26 Jan 2018</plain-text><version>1</version><Profile id="MAC-1_Classified"><title>I - Mission Critical Classified</title><description>&lt;ProfileDescription&gt;&lt;/ProfileDescription&gt;</description><select idref="V-2234" selected="true" /><select idref="V-2235" selected="true" /><select idref="V-2236" selected="true" /><select idref="V-2242" selected="true" /><select idref="V-2243" selected="true" /><select idref="V-2246" selected="true" /><select idref="V-2247" selected="true" /><select idref="V-2248" selected="true" /><select idref="V-2251" selected="true" /><select idref="V-2257" selected="true" /><select idref="V-2259" selected="true" /><select idref="V-2261" selected="true" /><select idref="V-2265" selected="true" /><select idref="V-2271" selected="true" /><select idref="V-6537" selected="true" /><select idref="V-6577" selected="true" /><select idref="V-6754" selected="true" /><select idref="V-13591" selected="true" /><select idref="V-13621" selected="true" /><select idref="V-13672" selected="true" /><select idref="V-13700" selected="true" /><select idref="V-25994" selected="true" /><select idref="V-25999" selected="true" /><select idref="V-26006" selected="true" /></Profile><Profile id="MAC-1_Public"><title>I - Mission Critical Public</title><description>&lt;ProfileDescription&gt;&lt;/ProfileDescription&gt;</description><select idref="V-2234" selected="true" /><select idref="V-2235" selected="true" /><select idref="V-2236" selected="true" /><select idref="V-2242" selected="true" /><select idref="V-2243" selected="true" /><select idref="V-2246" selected="true" /><select idref="V-2247" selected="true" /><select idref="V-2248" selected="true" /><select idref="V-2251" selected="true" /><select idref="V-2257" selected="true" /><select idref="V-2259" selected="true" /><select idref="V-2261" selected="true" /><select idref="V-2265" selected="true" /><select idref="V-2271" selected="true" /><select idref="V-6537" selected="true" /><select idref="V-6577" selected="true" /><select idref="V-6754" selected="true" /><select idref="V-13591" selected="true" /><select idref="V-13621" selected="true" /><select idref="V-13672" selected="true" /><select idref="V-13700" selected="true" /><select idref="V-25994" selected="true" /><select idref="V-25999" selected="true" /><select idref="V-26006" selected="true" /></Profile><Profile id="MAC-1_Sensitive"><title>I - Mission Critical Sensitive</title><description>&lt;ProfileDescription&gt;&lt;/ProfileDescription&gt;</description><select idref="V-2234" selected="true" /><select idref="V-2235" selected="true" /><select idref="V-2236" selected="true" /><select idref="V-2242" selected="true" /><select idref="V-2243" selected="true" /><select idref="V-2246" selected="true" /><select idref="V-2247" selected="true" /><select idref="V-2248" selected="true" /><select idref="V-2251" selected="true" /><select idref="V-2257" selected="true" /><select idref="V-2259" selected="true" /><select idref="V-2261" selected="true" /><select idref="V-2265" selected="true" /><select idref="V-2271" selected="true" /><select idref="V-6537" selected="true" /><select idref="V-6577" selected="true" /><select idref="V-6754" selected="true" /><select idref="V-13591" selected="true" /><select idref="V-13621" selected="true" /><select idref="V-13672" selected="true" /><select idref="V-13700" selected="true" /><select idref="V-25994" selected="true" /><select idref="V-25999" selected="true" /><select idref="V-26006" selected="true" /></Profile><Profile id="MAC-2_Classified"><title>II - Mission Support Classified</title><description>&lt;ProfileDescription&gt;&lt;/ProfileDescription&gt;</description><select idref="V-2234" selected="true" /><select idref="V-2235" selected="true" /><select idref="V-2236" selected="true" /><select idref="V-2242" selected="true" /><select idref="V-2243" selected="true" /><select idref="V-2246" selected="true" /><select idref="V-2247" selected="true" /><select idref="V-2248" selected="true" /><select idref="V-2251" selected="true" /><select idref="V-2257" selected="true" /><select idref="V-2259" selected="true" /><select idref="V-2261" selected="true" /><select idref="V-2265" selected="true" /><select idref="V-2271" selected="true" /><select idref="V-6537" selected="true" /><select idref="V-6577" selected="true" /><select idref="V-6754" selected="true" /><select idref="V-13591" selected="true" /><select idref="V-13621" selected="true" /><select idref="V-13672" selected="true" /><select idref="V-13700" selected="true" /><select idref="V-25994" selected="true" /><select idref="V-25999" selected="true" /><select idref="V-26006" selected="true" /></Profile><Profile id="MAC-2_Public"><title>II - Mission Support Public</title><description>&lt;ProfileDescription&gt;&lt;/ProfileDescription&gt;</description><select idref="V-2234" selected="true" /><select idref="V-2235" selected="true" /><select idref="V-2236" selected="true" /><select idref="V-2242" selected="true" /><select idref="V-2243" selected="true" /><select idref="V-2246" selected="true" /><select idref="V-2247" selected="true" /><select idref="V-2248" selected="true" /><select idref="V-2251" selected="true" /><select idref="V-2257" selected="true" /><select idref="V-2259" selected="true" /><select idref="V-2261" selected="true" /><select idref="V-2265" selected="true" /><select idref="V-2271" selected="true" /><select idref="V-6537" selected="true" /><select idref="V-6577" selected="true" /><select idref="V-6754" selected="true" /><select idref="V-13591" selected="true" /><select idref="V-13621" selected="true" /><select idref="V-13672" selected="true" /><select idref="V-13700" selected="true" /><select idref="V-25994" selected="true" /><select idref="V-25999" selected="true" /><select idref="V-26006" selected="true" /></Profile><Profile id="MAC-2_Sensitive"><title>II - Mission Support Sensitive</title><description>&lt;ProfileDescription&gt;&lt;/ProfileDescription&gt;</description><select idref="V-2234" selected="true" /><select idref="V-2235" selected="true" /><select idref="V-2236" selected="true" /><select idref="V-2242" selected="true" /><select idref="V-2243" selected="true" /><select idref="V-2246" selected="true" /><select idref="V-2247" selected="true" /><select idref="V-2248" selected="true" /><select idref="V-2251" selected="true" /><select idref="V-2257" selected="true" /><select idref="V-2259" selected="true" /><select idref="V-2261" selected="true" /><select idref="V-2265" selected="true" /><select idref="V-2271" selected="true" /><select idref="V-6537" selected="true" /><select idref="V-6577" selected="true" /><select idref="V-6754" selected="true" /><select idref="V-13591" selected="true" /><select idref="V-13621" selected="true" /><select idref="V-13672" selected="true" /><select idref="V-13700" selected="true" /><select idref="V-25994" selected="true" /><select idref="V-25999" selected="true" /><select idref="V-26006" selected="true" /></Profile><Profile id="MAC-3_Classified"><title>III - Administrative Classified</title><description>&lt;ProfileDescription&gt;&lt;/ProfileDescription&gt;</description><select idref="V-2234" selected="true" /><select idref="V-2235" selected="true" /><select idref="V-2236" selected="true" /><select idref="V-2242" selected="true" /><select idref="V-2243" selected="true" /><select idref="V-2246" selected="true" /><select idref="V-2247" selected="true" /><select idref="V-2248" selected="true" /><select idref="V-2251" selected="true" /><select idref="V-2257" selected="true" /><select idref="V-2259" selected="true" /><select idref="V-2261" selected="true" /><select idref="V-2265" selected="true" /><select idref="V-2271" selected="true" /><select idref="V-6537" selected="true" /><select idref="V-6577" selected="true" /><select idref="V-6754" selected="true" /><select idref="V-13591" selected="true" /><select idref="V-13621" selected="true" /><select idref="V-13672" selected="true" /><select idref="V-13700" selected="true" /><select idref="V-25994" selected="true" /><select idref="V-25999" selected="true" /><select idref="V-26006" selected="true" /></Profile><Profile id="MAC-3_Public"><title>III - Administrative Public</title><description>&lt;ProfileDescription&gt;&lt;/ProfileDescription&gt;</description><select idref="V-2234" selected="true" /><select idref="V-2235" selected="true" /><select idref="V-2236" selected="true" /><select idref="V-2242" selected="true" /><select idref="V-2243" selected="true" /><select idref="V-2246" selected="true" /><select idref="V-2247" selected="true" /><select idref="V-2248" selected="true" /><select idref="V-2251" selected="true" /><select idref="V-2257" selected="true" /><select idref="V-2259" selected="true" /><select idref="V-2261" selected="true" /><select idref="V-2265" selected="true" /><select idref="V-2271" selected="true" /><select idref="V-6537" selected="true" /><select idref="V-6577" selected="true" /><select idref="V-6754" selected="true" /><select idref="V-13591" selected="true" /><select idref="V-13621" selected="true" /><select idref="V-13672" selected="true" /><select idref="V-13700" selected="true" /><select idref="V-25994" selected="true" /><select idref="V-25999" selected="true" /><select idref="V-26006" selected="true" /></Profile><Profile id="MAC-3_Sensitive"><title>III - Administrative Sensitive</title><description>&lt;ProfileDescription&gt;&lt;/ProfileDescription&gt;</description><select idref="V-2234" selected="true" /><select idref="V-2235" selected="true" /><select idref="V-2236" selected="true" /><select idref="V-2242" selected="true" /><select idref="V-2243" selected="true" /><select idref="V-2246" selected="true" /><select idref="V-2247" selected="true" /><select idref="V-2248" selected="true" /><select idref="V-2251" selected="true" /><select idref="V-2257" selected="true" /><select idref="V-2259" selected="true" /><select idref="V-2261" selected="true" /><select idref="V-2265" selected="true" /><select idref="V-2271" selected="true" /><select idref="V-6537" selected="true" /><select idref="V-6577" selected="true" /><select idref="V-6754" selected="true" /><select idref="V-13591" selected="true" /><select idref="V-13621" selected="true" /><select idref="V-13672" selected="true" /><select idref="V-13700" selected="true" /><select idref="V-25994" selected="true" /><select idref="V-25999" selected="true" /><select idref="V-26006" selected="true" /></Profile><Group id="V-2234"><title>WG040</title><description>&lt;GroupDescription&gt;&lt;/GroupDescription&gt;</description><Rule id="SV-32631r2_rule" severity="medium" weight="10.0"><version>WG040 IIS7</version><title>Public web server resources must not be shared with private assets.</title><description>&lt;VulnDiscussion&gt;It is important to segregate public web server resources from private resources located behind the DoD DMZ in order to protect private assets. When folders, drives or other resources are directly shared between the public web server and private servers the intent of data and resource segregation can be compromised. 

Resources, such as, printers, files, and folders/directories must not be shared between public web servers and assets located within the internal network. &lt;/VulnDiscussion&gt;&lt;FalsePositives&gt;&lt;/FalsePositives&gt;&lt;FalseNegatives&gt;&lt;/FalseNegatives&gt;&lt;Documentable&gt;false&lt;/Documentable&gt;&lt;Mitigations&gt;&lt;/Mitigations&gt;&lt;SeverityOverrideGuidance&gt;&lt;/SeverityOverrideGuidance&gt;&lt;PotentialImpacts&gt;&lt;/PotentialImpacts&gt;&lt;ThirdPartyTools&gt;&lt;/ThirdPartyTools&gt;&lt;MitigationControl&gt;&lt;/MitigationControl&gt;&lt;Responsibility&gt;System Administrator&lt;/Responsibility&gt;&lt;Responsibility&gt;Web Administrator&lt;/Responsibility&gt;&lt;IAControls&gt;&lt;/IAControls&gt;</description><reference><dc:title>DPMS Target IIS Installation 7</dc:title><dc:publisher>DISA</dc:publisher><dc:type>DPMS Target</dc:type><dc:subject>IIS Installation 7</dc:subject><dc:identifier>1392</dc:identifier></reference><fixtext fixref="F-26795r1_fix">Configure the public web server to not have a trusted relationship with any system resource that is also not accessible to the public. Web content is not to be shared via Microsoft shares or NFS mounts.</fixtext><fix id="F-26795r1_fix" /><check system="C-29894r1_chk"><check-content-ref name="M" href="DPMS_XCCDF_Benchmark_IIS 7.0 WEB SERVER BENCHMARK.xml" /><check-content>1. From a command prompt, type "net share" and press Enter to provide a list of available shares (including printers).  
2. To display the permissions assigned to the shares type "net share" followed by the share name found in the previous step.  

If any private assets are assigned permissions to the share, this is a finding.  If any printers are shared, this is a finding.</check-content></check></Rule></Group><Group id="V-2235"><title>WG060</title><description>&lt;GroupDescription&gt;&lt;/GroupDescription&gt;</description><Rule id="SV-36487r4_rule" severity="medium" weight="10.0"><version>WG060 IIS7</version><title>The service account ID used to run the website must have its password changed at least annually.</title><description>&lt;VulnDiscussion&gt;Normally, a service account is established for the web service to run under rather than permitting it to run as system or root.  If the web service account requires a password, the password must be changed at least annually.  It is a fundamental tenet of security that passwords are not to be null and must not be set to never expire.&lt;/VulnDiscussion&gt;&lt;FalsePositives&gt;&lt;/FalsePositives&gt;&lt;FalseNegatives&gt;&lt;/FalseNegatives&gt;&lt;Documentable&gt;false&lt;/Documentable&gt;&lt;Mitigations&gt;&lt;/Mitigations&gt;&lt;SeverityOverrideGuidance&gt;&lt;/SeverityOverrideGuidance&gt;&lt;PotentialImpacts&gt;&lt;/PotentialImpacts&gt;&lt;ThirdPartyTools&gt;&lt;/ThirdPartyTools&gt;&lt;MitigationControl&gt;&lt;/MitigationControl&gt;&lt;Responsibility&gt;System Administrator&lt;/Responsibility&gt;&lt;Responsibility&gt;Information Assurance Officer&lt;/Responsibility&gt;&lt;Responsibility&gt;Web Administrator&lt;/Responsibility&gt;&lt;IAControls&gt;&lt;/IAControls&gt;</description><reference><dc:title>DPMS Target IIS Installation 7</dc:title><dc:publisher>DISA</dc:publisher><dc:type>DPMS Target</dc:type><dc:subject>IIS Installation 7</dc:subject><dc:identifier>1392</dc:identifier></reference><fixtext fixref="F-27578r3_fix">Configure the service account ID used to run the web-site to have its password changed at least annually, or use the local system account.</fixtext><fix id="F-27578r3_fix" /><check system="C-38468r4_chk"><check-content-ref name="M" href="DPMS_XCCDF_Benchmark_IIS 7.0 WEB SERVER BENCHMARK.xml" /><check-content>1. Go to Start, Administrative Tools, and then Services.
2. Right-click on service name World Wide Web Publishing Service, Select Properties, and then select the Log On tab.
3. If “Local System account” is selected for the logon account, this is not a finding.  If the “This account” option is selected, the username given is the web service account ID.
 4. Open a command prompt and enter Net User [service account ID], press Enter.
5. Verify the values for Password last set and Password expires to ensure the password has been changed in the past year and will be required to change within the coming year.
</check-content></check></Rule></Group><Group id="V-2236"><title>WG080</title><description>&lt;GroupDescription&gt;&lt;/GroupDescription&gt;</description><Rule id="SV-32632r4_rule" severity="medium" weight="10.0"><version>WG080 IIS7</version><title>Installation of compilers on production web servers is prohibited.</title><description>&lt;VulnDiscussion&gt;The presence of a compiler on a production server facilitates the malicious user’s task of creating custom versions of programs and installing Trojan Horses or viruses.&lt;/VulnDiscussion&gt;&lt;FalsePositives&gt;&lt;/FalsePositives&gt;&lt;FalseNegatives&gt;&lt;/FalseNegatives&gt;&lt;Documentable&gt;false&lt;/Documentable&gt;&lt;Mitigations&gt;&lt;/Mitigations&gt;&lt;SeverityOverrideGuidance&gt;&lt;/SeverityOverrideGuidance&gt;&lt;PotentialImpacts&gt;&lt;/PotentialImpacts&gt;&lt;ThirdPartyTools&gt;&lt;/ThirdPartyTools&gt;&lt;MitigationControl&gt;&lt;/MitigationControl&gt;&lt;Responsibility&gt;System Administrator&lt;/Responsibility&gt;&lt;IAControls&gt;&lt;/IAControls&gt;</description><reference><dc:title>DPMS Target IIS Installation 7</dc:title><dc:publisher>DISA</dc:publisher><dc:type>DPMS Target</dc:type><dc:subject>IIS Installation 7</dc:subject><dc:identifier>1392</dc:identifier></reference><fixtext fixref="F-26803r4_fix">Remove any compiler found on the production web server, but if the compiler program is needed to patch or upgrade an application suite in a production environment or the compiler is embedded and will break the suite if removed, document the compiler installation with the ISSO/ISSM and ensure that the compiler is restricted to only administrative users.</fixtext><fix id="F-26803r4_fix" /><check system="C-33494r4_chk"><check-content-ref name="M" href="DPMS_XCCDF_Benchmark_IIS 7.0 WEB SERVER BENCHMARK.xml" /><check-content>Using Windows Explorer and/or add-remove programs, search the system for the existence of known compilers, such as, msc.exe, msvc.exe, Python.exe, javac.exe, Lcc-win32.exe, or equivalent.

If a compiler is found on the production server, this is a finding.

NOTE:  If the web server is part of an application suite and a compiler is needed for installation, patching, and upgrading of the suite or if the compiler is embedded and can't be removed without breaking the suite, document the installation of the compiler with the ISSO/ISSM and verify that the compiler is restricted to administrative users only.  If documented and restricted to administrative users, this is not a finding.</check-content></check></Rule></Group><Group id="V-2242"><title>WA060</title><description>&lt;GroupDescription&gt;&lt;/GroupDescription&gt;</description><Rule id="SV-32633r3_rule" severity="medium" weight="10.0"><version>WA060 IIS7</version><title>A public web server, if hosted on the NIPRNet, must be isolated in an accredited DoD DMZ Extension.</title><description>&lt;VulnDiscussion&gt;To minimize exposure of private assets to unnecessary risk by attackers, public web servers must be isolated from internal systems.  Public web servers are by nature more vulnerable to attack from publically based sources, such as the public Internet. Once compromised, a public web server might be used as a base for further attack on private resources, unless additional layers of protection are implemented. Public web servers must be located in a DoD DMZ Extension, if hosted on the NIPRNet, with carefully controlled access. Failure to isolate resources in this way increase risk that private assets are exposed to attacks from public sources.&lt;/VulnDiscussion&gt;&lt;FalsePositives&gt;&lt;/FalsePositives&gt;&lt;FalseNegatives&gt;&lt;/FalseNegatives&gt;&lt;Documentable&gt;false&lt;/Documentable&gt;&lt;Mitigations&gt;&lt;/Mitigations&gt;&lt;SeverityOverrideGuidance&gt;&lt;/SeverityOverrideGuidance&gt;&lt;PotentialImpacts&gt;&lt;/PotentialImpacts&gt;&lt;ThirdPartyTools&gt;&lt;/ThirdPartyTools&gt;&lt;MitigationControl&gt;&lt;/MitigationControl&gt;&lt;Responsibility&gt;System Administrator&lt;/Responsibility&gt;&lt;Responsibility&gt;Information Assurance Officer&lt;/Responsibility&gt;&lt;IAControls&gt;&lt;/IAControls&gt;</description><reference><dc:title>DPMS Target IIS Installation 7</dc:title><dc:publisher>DISA</dc:publisher><dc:type>DPMS Target</dc:type><dc:subject>IIS Installation 7</dc:subject><dc:identifier>1392</dc:identifier></reference><fixtext fixref="F-29202r2_fix">Logically relocate the public web server to be isolated from internal systems. In addition, ensure the public web server does not have trusted connections with assets outside the confines of the demilitarized zone (DMZ) other than application and/or database servers that are a part of the same system as the web server.</fixtext><fix id="F-29202r2_fix" /><check system="C-33502r2_chk"><check-content-ref name="M" href="DPMS_XCCDF_Benchmark_IIS 7.0 WEB SERVER BENCHMARK.xml" /><check-content> Interview the SA or web administrator to see where the public web server is logically located in the data center. Review the site’s network diagram to see how the web server is connected to the LAN. Visually check the web server hardware connections to see if it conforms to the site’s network diagram.   An improperly located public web server is a potential threat to the entire network.  If the web server is not isolated in an accredited DoD DMZ Extension, this is a finding.</check-content></check></Rule></Group><Group id="V-2243"><title>WA070</title><description>&lt;GroupDescription&gt;&lt;/GroupDescription&gt;</description><Rule id="SV-32634r2_rule" severity="medium" weight="10.0"><version>WA070 IIS7</version><title>A private web server must be located on a separate controlled access subnet.</title><description>&lt;VulnDiscussion&gt;Private web servers, which host sites that serve controlled access data, must be protected from outside threats in addition to insider threats, which can cause a disruption in service of the web server. To protect the private web server from these threats, it must be located on a separately controlled access subnet and must not be a part of the public DMZ that houses the public web servers. It also cannot be located inside the enclave as part of the local general population LAN.&lt;/VulnDiscussion&gt;&lt;FalsePositives&gt;&lt;/FalsePositives&gt;&lt;FalseNegatives&gt;&lt;/FalseNegatives&gt;&lt;Documentable&gt;false&lt;/Documentable&gt;&lt;Mitigations&gt;&lt;/Mitigations&gt;&lt;SeverityOverrideGuidance&gt;&lt;/SeverityOverrideGuidance&gt;&lt;PotentialImpacts&gt;&lt;/PotentialImpacts&gt;&lt;ThirdPartyTools&gt;&lt;/ThirdPartyTools&gt;&lt;MitigationControl&gt;&lt;/MitigationControl&gt;&lt;Responsibility&gt;System Administrator&lt;/Responsibility&gt;&lt;Responsibility&gt;Information Assurance Officer&lt;/Responsibility&gt;&lt;IAControls&gt;&lt;/IAControls&gt;</description><reference><dc:title>DPMS Target IIS Installation 7</dc:title><dc:publisher>DISA</dc:publisher><dc:type>DPMS Target</dc:type><dc:subject>IIS Installation 7</dc:subject><dc:identifier>1392</dc:identifier></reference><fixtext fixref="F-29203r1_fix">Isolate the private web server from the public DMZ and separate it from the internal general population LAN. This separation must have access control in place to protect the web server from internal threats.</fixtext><fix id="F-29203r1_fix" /><check system="C-33505r1_chk"><check-content-ref name="M" href="DPMS_XCCDF_Benchmark_IIS 7.0 WEB SERVER BENCHMARK.xml" /><check-content>Perform a check of the site’s network diagram and a visual check of the web server. The private web server must be located on a separately controlled access subnet and not part of the public DMZ that houses the public web servers. In addition, the private web server needs to be isolated via a controlled access mechanism from the local general population LAN. If the web server is not located inside the premise router, switch, or firewall, and is not isolated via a controlled access mechanism from the general population LAN, this is a finding.</check-content></check></Rule></Group><Group id="V-2246"><title>WG190</title><description>&lt;GroupDescription&gt;&lt;/GroupDescription&gt;</description><Rule id="SV-32635r2_rule" severity="high" weight="10.0"><version>WG190 IIS7</version><title>The web server must use a vendor-supported version of the web server software.</title><description>&lt;VulnDiscussion&gt;Several vulnerabilities are associated with older versions of web server software. As hot fixes and patches are issued, these solutions are included in the next version of the server software.  Maintaining the web server at a current version makes the efforts of a malicious user more difficult.&lt;/VulnDiscussion&gt;&lt;FalsePositives&gt;&lt;/FalsePositives&gt;&lt;FalseNegatives&gt;&lt;/FalseNegatives&gt;&lt;Documentable&gt;false&lt;/Documentable&gt;&lt;Mitigations&gt;&lt;/Mitigations&gt;&lt;SeverityOverrideGuidance&gt;&lt;/SeverityOverrideGuidance&gt;&lt;PotentialImpacts&gt;&lt;/PotentialImpacts&gt;&lt;ThirdPartyTools&gt;&lt;/ThirdPartyTools&gt;&lt;MitigationControl&gt;&lt;/MitigationControl&gt;&lt;Responsibility&gt;System Administrator&lt;/Responsibility&gt;&lt;Responsibility&gt;Web Administrator&lt;/Responsibility&gt;&lt;IAControls&gt;&lt;/IAControls&gt;</description><reference><dc:title>DPMS Target IIS Installation 7</dc:title><dc:publisher>DISA</dc:publisher><dc:type>DPMS Target</dc:type><dc:subject>IIS Installation 7</dc:subject><dc:identifier>1392</dc:identifier></reference><fixtext fixref="F-2295r5_fix">Install the current version of the web server software and maintain appropriate service packs and patches.</fixtext><fix id="F-2295r5_fix" /><check system="C-32930r1_chk"><check-content-ref name="M" href="DPMS_XCCDF_Benchmark_IIS 7.0 WEB SERVER BENCHMARK.xml" /><check-content>1. Open the IIS Manager.
2. Click Help, and select About Internet Information Services.
3. If the version is less than 7.0, this is a finding.</check-content></check></Rule></Group><Group id="V-2247"><title>WG200</title><description>&lt;GroupDescription&gt;&lt;/GroupDescription&gt;</description><Rule id="SV-2247r4_rule" severity="high" weight="10.0"><version>WG200 W13</version><title>Only administrators are allowed access to the directory tree, the shell, or other operating system functions and utilities.</title><description>&lt;VulnDiscussion&gt;As a rule, accounts on a web server are to be kept to a minimum. Only administrators, web managers, developers, auditors, and web authors require accounts on the machine hosting the web server. This is in addition to the anonymous web user account. The resources to which these accounts have access must also be closely monitored and controlled. Only the SA needs access to all the system’s capabilities, while the web administrator and associated staff require access and control of the web content and web server configuration files. The anonymous web user account must not have access to system resources as that account could then control the server.&lt;/VulnDiscussion&gt;&lt;FalsePositives&gt;&lt;/FalsePositives&gt;&lt;FalseNegatives&gt;&lt;/FalseNegatives&gt;&lt;Documentable&gt;false&lt;/Documentable&gt;&lt;Mitigations&gt;&lt;/Mitigations&gt;&lt;SeverityOverrideGuidance&gt;&lt;/SeverityOverrideGuidance&gt;&lt;PotentialImpacts&gt;&lt;/PotentialImpacts&gt;&lt;ThirdPartyTools&gt;&lt;/ThirdPartyTools&gt;&lt;MitigationControl&gt;&lt;/MitigationControl&gt;&lt;Responsibility&gt;System Administrator&lt;/Responsibility&gt;&lt;Responsibility&gt;Web Administrator&lt;/Responsibility&gt;&lt;IAControls&gt;&lt;/IAControls&gt;</description><reference><dc:title>DPMS Target IIS Installation 7</dc:title><dc:publisher>DISA</dc:publisher><dc:type>DPMS Target</dc:type><dc:subject>IIS Installation 7</dc:subject><dc:identifier>1392</dc:identifier></reference><fixtext fixref="F-26806r2_fix">Ensure non-administrators are not allowed access to the directory tree, the shell, or other operating system functions and utilities.</fixtext><fix id="F-26806r2_fix" /><check system="C-29918r3_chk"><check-content-ref name="M" href="DPMS_XCCDF_Benchmark_IIS 7.0 WEB SERVER BENCHMARK.xml" /><check-content>Obtain a list of the user accounts for the system, noting the priviledges for each account.  

Verify with the system administrator or the ISSO that all privileged accounts are mission essential and documented.

Verify with the system administrator or the ISSO that all non-administrator access to shell scripts and operating system functions are mission essential and documented.

If undocumented privileged accounts are found, this is a finding.

If undocumented access to shell scripts or operating system functions is found, this is a finding.</check-content></check></Rule></Group><Group id="V-2248"><title>WG220</title><description>&lt;GroupDescription&gt;&lt;/GroupDescription&gt;</description><Rule id="SV-46357r3_rule" severity="medium" weight="10.0"><version>WG220 IIS7</version><title>Access to web administration tools must be restricted to the web manager and the web managers designees.</title><description>&lt;VulnDiscussion&gt;The key web service administrative and configuration tools must only be accessible by the web server staff.  All users granted this authority will be documented and approved by the ISSO. Access to the IIS Manager will be limited to authorized users and administrators. &lt;/VulnDiscussion&gt;&lt;FalsePositives&gt;&lt;/FalsePositives&gt;&lt;FalseNegatives&gt;&lt;/FalseNegatives&gt;&lt;Documentable&gt;false&lt;/Documentable&gt;&lt;Mitigations&gt;&lt;/Mitigations&gt;&lt;SeverityOverrideGuidance&gt;&lt;/SeverityOverrideGuidance&gt;&lt;PotentialImpacts&gt;&lt;/PotentialImpacts&gt;&lt;ThirdPartyTools&gt;&lt;/ThirdPartyTools&gt;&lt;MitigationControl&gt;&lt;/MitigationControl&gt;&lt;Responsibility&gt;System Administrator&lt;/Responsibility&gt;&lt;Responsibility&gt;Web Administrator&lt;/Responsibility&gt;&lt;IAControls&gt;&lt;/IAControls&gt;</description><reference><dc:title>DPMS Target IIS Installation 7</dc:title><dc:publisher>DISA</dc:publisher><dc:type>DPMS Target</dc:type><dc:subject>IIS Installation 7</dc:subject><dc:identifier>1392</dc:identifier></reference><fixtext fixref="F-26807r1_fix">Restrict access to the web administration tool to only the web manager and the web manager’s designees.</fixtext><fix id="F-26807r1_fix" /><check system="C-32734r5_chk"><check-content-ref name="M" href="DPMS_XCCDF_Benchmark_IIS 7.0 WEB SERVER BENCHMARK.xml" /><check-content>1. Open the IIS Manager and select Properties.
2. Select the Shortcut tab, and then left-click Open File Location.
3. Right-click InetMgr.exe, then click Properties from the context menu.
4. Select the Security tab.
5. Review the groups and user names.

The following account may have Full control priviledges:
TrustedInstaller

The following accounts may have read &amp; execute, and read permissions:
Administrators (non-elevated)
System
Users

Specific users may be granted read &amp; execute and read permissions.  Compare the local documentation authorizing specific users, against the specific users observed in step 5.  If any other access is observed, this is a finding.</check-content></check></Rule></Group><Group id="V-2251"><title>WG130</title><description>&lt;GroupDescription&gt;&lt;/GroupDescription&gt;</description><Rule id="SV-46363r3_rule" severity="low" weight="10.0"><version>WG130 IIS7</version><title>Programs and features not necessary for operations must be removed.</title><description>&lt;VulnDiscussion&gt;Just as running unneeded services and protocols increase the attack surface of the web server, running unneeded utilities and programs is also an added risk to the web server.&lt;/VulnDiscussion&gt;&lt;FalsePositives&gt;&lt;/FalsePositives&gt;&lt;FalseNegatives&gt;&lt;/FalseNegatives&gt;&lt;Documentable&gt;false&lt;/Documentable&gt;&lt;Mitigations&gt;&lt;/Mitigations&gt;&lt;SeverityOverrideGuidance&gt;&lt;/SeverityOverrideGuidance&gt;&lt;PotentialImpacts&gt;&lt;/PotentialImpacts&gt;&lt;ThirdPartyTools&gt;&lt;/ThirdPartyTools&gt;&lt;MitigationControl&gt;&lt;/MitigationControl&gt;&lt;Responsibility&gt;System Administrator&lt;/Responsibility&gt;&lt;Responsibility&gt;Web Administrator&lt;/Responsibility&gt;&lt;IAControls&gt;&lt;/IAControls&gt;</description><reference><dc:title>DPMS Target IIS Installation 7</dc:title><dc:publisher>DISA</dc:publisher><dc:type>DPMS Target</dc:type><dc:subject>IIS Installation 7</dc:subject><dc:identifier>1392</dc:identifier></reference><fixtext fixref="F-29063r1_fix">Remove all unapproved programs and roles from the production web server.</fixtext><fix id="F-29063r1_fix" /><check system="C-32932r4_chk"><check-content-ref name="M" href="DPMS_XCCDF_Benchmark_IIS 7.0 WEB SERVER BENCHMARK.xml" /><check-content>Review programs installed on the OS.
1. Open Control Panel.
2. Open Programs and Features.
3. The following programs may be installed without any additional documentation:
  Administration Pack for IIS 7.0
  IIS Search Engine Optimization Toolkit
  Microsoft .NET Framework version 3.5 SP1 or greater
  Microsoft Web Platform Installer version 3.x or greater
  Virtual Machine Additions
4. Review the installed programs, if any programs are installed other than those listed above, this is a finding.

NOTE: If additional software is needed and has supporting documentation signed by the ISSO, this is not a finding.</check-content></check></Rule></Group><Group id="V-2257"><title>WA120</title><description>&lt;GroupDescription&gt;&lt;/GroupDescription&gt;</description><Rule id="SV-32638r2_rule" severity="low" weight="10.0"><version>WA120 IIS7</version><title>Administrative users and groups with access privilege to the web server must be documented. </title><description>&lt;VulnDiscussion&gt;There are typically several individuals and groups involved in running a production web-site. In most cases, several types of users on a web server can be identified, such as, SA's, Web Managers, Auditors, Authors, Developers, and the Clients.  Nonetheless, only necessary user and administrative accounts will be allowed on the web server.  Accounts will be restricted to those who are necessary to maintain web services, review the server’s operation and the OS.  Owing to the sensitivity of web servers, a detailed record of these accounts must be maintained.&lt;/VulnDiscussion&gt;&lt;FalsePositives&gt;&lt;/FalsePositives&gt;&lt;FalseNegatives&gt;&lt;/FalseNegatives&gt;&lt;Documentable&gt;false&lt;/Documentable&gt;&lt;Mitigations&gt;&lt;/Mitigations&gt;&lt;SeverityOverrideGuidance&gt;&lt;/SeverityOverrideGuidance&gt;&lt;PotentialImpacts&gt;&lt;/PotentialImpacts&gt;&lt;ThirdPartyTools&gt;&lt;/ThirdPartyTools&gt;&lt;MitigationControl&gt;&lt;/MitigationControl&gt;&lt;Responsibility&gt;System Administrator&lt;/Responsibility&gt;&lt;Responsibility&gt;Information Assurance Manager&lt;/Responsibility&gt;&lt;Responsibility&gt;Web Administrator&lt;/Responsibility&gt;&lt;IAControls&gt;&lt;/IAControls&gt;</description><reference><dc:title>DPMS Target IIS Installation 7</dc:title><dc:publisher>DISA</dc:publisher><dc:type>DPMS Target</dc:type><dc:subject>IIS Installation 7</dc:subject><dc:identifier>1392</dc:identifier></reference><fixtext fixref="F-26819r1_fix">Document the administrative users and groups which have access rights to the web server in the website SOP or an equivalent document.</fixtext><fix id="F-26819r1_fix" /><check system="C-29090r1_chk"><check-content-ref name="M" href="DPMS_XCCDF_Benchmark_IIS 7.0 WEB SERVER BENCHMARK.xml" /><check-content>Determine if the local sites' documentation matches an examination of the privileged IDs on the server. Using User Manager, User Manager for Domains, or Local Users and Groups, examine user accounts to verify the above information. If documentation does not exist for users and groups found on the server, this is a finding.</check-content></check></Rule></Group><Group id="V-2259"><title>WG300</title><description>&lt;GroupDescription&gt;&lt;/GroupDescription&gt;</description><Rule id="SV-32332r2_rule" severity="medium" weight="10.0"><version>WG300 IIS7</version><title>Web server system files must conform to minimum file permission requirements.</title><description>&lt;VulnDiscussion&gt;This check verifies the key web server system configuration files are owned by the SA or the web administrator controlled account. These same files that control the configuration of the web server, and thus its behavior, must also be accessible by the account running the web service. If these files are altered by a malicious user, the web server would no longer be under the control of its managers and owners; properties in the web server configuration could be altered to compromise the entire server platform.&lt;/VulnDiscussion&gt;&lt;FalsePositives&gt;&lt;/FalsePositives&gt;&lt;FalseNegatives&gt;&lt;/FalseNegatives&gt;&lt;Documentable&gt;false&lt;/Documentable&gt;&lt;Mitigations&gt;&lt;/Mitigations&gt;&lt;SeverityOverrideGuidance&gt;&lt;/SeverityOverrideGuidance&gt;&lt;PotentialImpacts&gt;&lt;/PotentialImpacts&gt;&lt;ThirdPartyTools&gt;&lt;/ThirdPartyTools&gt;&lt;MitigationControl&gt;&lt;/MitigationControl&gt;&lt;Responsibility&gt;System Administrator&lt;/Responsibility&gt;&lt;Responsibility&gt;Web Administrator&lt;/Responsibility&gt;&lt;IAControls&gt;&lt;/IAControls&gt;</description><reference><dc:title>DPMS Target IIS Installation 7</dc:title><dc:publisher>DISA</dc:publisher><dc:type>DPMS Target</dc:type><dc:subject>IIS Installation 7</dc:subject><dc:identifier>1392</dc:identifier></reference><fixtext fixref="F-29065r1_fix">1. Open Explorer and navigate to the inetpub directory.
2. Right-click inetpub and select Properties.
3. Click the Security tab.
4. Set the following permissions:
  System: Full control
  Administrators: Full control
  TrustedInstaller: Full control
  Users: Read &amp; execute, list folder contents
  Creator/Owner: special permissions to subkeys</fixtext><fix id="F-29065r1_fix" /><check system="C-32738r1_chk"><check-content-ref name="M" href="DPMS_XCCDF_Benchmark_IIS 7.0 WEB SERVER BENCHMARK.xml" /><check-content>1. Open Explorer and navigate to the inetpub directory.
2. Right-click inetpub and select Properties.
3. Click the Security tab.
4. Verify the permissions for the following users; if the permissions are less restrictive, this is a finding.

System: Full control
Administrators: Full control
TrustedInstaller: Full control
Users: Read &amp; execute, list folder contents
Creator/Owner: Special permissions to subkeys</check-content></check></Rule></Group><Group id="V-2261"><title>WG330</title><description>&lt;GroupDescription&gt;&lt;/GroupDescription&gt;</description><Rule id="SV-32639r2_rule" severity="medium" weight="10.0"><version>WG330 IIS7</version><title>A web server must limit e-mail to outbound only.</title><description>&lt;VulnDiscussion&gt;Incoming e-mails have been known to provide hackers with access to servers. Disabling the incoming mail service prevents this type of attacks. Additionally, e-mail is a specialized application requiring the dedication of server resources. A production web server should only provide hosting services for web-sites. Supporting mail services on a web server opens the server to the risk of abuse as an e-mail relay. 
&lt;/VulnDiscussion&gt;&lt;FalsePositives&gt;&lt;/FalsePositives&gt;&lt;FalseNegatives&gt;&lt;/FalseNegatives&gt;&lt;Documentable&gt;false&lt;/Documentable&gt;&lt;Mitigations&gt;&lt;/Mitigations&gt;&lt;SeverityOverrideGuidance&gt;&lt;/SeverityOverrideGuidance&gt;&lt;PotentialImpacts&gt;&lt;/PotentialImpacts&gt;&lt;ThirdPartyTools&gt;&lt;/ThirdPartyTools&gt;&lt;MitigationControl&gt;&lt;/MitigationControl&gt;&lt;Responsibility&gt;System Administrator&lt;/Responsibility&gt;&lt;IAControls&gt;&lt;/IAControls&gt;</description><reference><dc:title>DPMS Target IIS Installation 7</dc:title><dc:publisher>DISA</dc:publisher><dc:type>DPMS Target</dc:type><dc:subject>IIS Installation 7</dc:subject><dc:identifier>1392</dc:identifier></reference><fixtext fixref="F-29194r1_fix">1. Disable the SMTP service. 
2. If other e-mail programs are running remove the programs. </fixtext><fix id="F-29194r1_fix" /><check system="C-33495r1_chk"><check-content-ref name="M" href="DPMS_XCCDF_Benchmark_IIS 7.0 WEB SERVER BENCHMARK.xml" /><check-content>1. Open the Task Manager.
2. Click the Services tab and look for SMTP service. If the service is running, then this is a finding.
3. Open Add/Remove Programs to see if there are any e-mail programs installed. Search the system to determine if other e-mail programs are running. If there is an e-mail program installed and that program has been configured to accept inbound e-mail, this is a finding.
4. If available, telnet to the server under review on port 25. If a response is received, this is a finding.</check-content></check></Rule></Group><Group id="V-2265"><title>WG490</title><description>&lt;GroupDescription&gt;&lt;/GroupDescription&gt;</description><Rule id="SV-32640r2_rule" severity="low" weight="10.0"><version>WG490 IIS7</version><title>Java software installed on the production web server must be limited to .class files and the Java Virtual Machine.</title><description>&lt;VulnDiscussion&gt;Source code for a Java program is, many times, stored in files with either .java or .jpp file extensions.  From the .java and .jpp files the Java compiler produces a binary file with an extension of .class. The .java or .jpp file could therefore reveal sensitive information regarding an application's logic and permissions to resources on the server.&lt;/VulnDiscussion&gt;&lt;FalsePositives&gt;&lt;/FalsePositives&gt;&lt;FalseNegatives&gt;&lt;/FalseNegatives&gt;&lt;Documentable&gt;false&lt;/Documentable&gt;&lt;Mitigations&gt;&lt;/Mitigations&gt;&lt;SeverityOverrideGuidance&gt;&lt;/SeverityOverrideGuidance&gt;&lt;PotentialImpacts&gt;&lt;/PotentialImpacts&gt;&lt;ThirdPartyTools&gt;&lt;/ThirdPartyTools&gt;&lt;MitigationControl&gt;&lt;/MitigationControl&gt;&lt;Responsibility&gt;Web Administrator&lt;/Responsibility&gt;&lt;IAControls&gt;&lt;/IAControls&gt;</description><reference><dc:title>DPMS Target IIS Installation 7</dc:title><dc:publisher>DISA</dc:publisher><dc:type>DPMS Target</dc:type><dc:subject>IIS Installation 7</dc:subject><dc:identifier>1392</dc:identifier></reference><fixtext fixref="F-26836r1_fix">Remove all files from the web server with either .java and .jpp extensions.</fixtext><fix id="F-26836r1_fix" /><check system="C-32950r1_chk"><check-content-ref name="M" href="DPMS_XCCDF_Benchmark_IIS 7.0 WEB SERVER BENCHMARK.xml" /><check-content>Search the system for files with either .java or .jpp extensions.  If files with .java or .jpp extensions are found, this is a finding.</check-content></check></Rule></Group><Group id="V-2271"><title>WG440</title><description>&lt;GroupDescription&gt;&lt;/GroupDescription&gt;</description><Rule id="SV-32641r2_rule" severity="medium" weight="10.0"><version>WG440 IIS7</version><title>Monitoring software must include CGI type files or equivalent programs.</title><description>&lt;VulnDiscussion&gt;By their very nature, CGI type files permit the anonymous web user to interact with data and perhaps store data on the web server. In many cases, CGI scripts exercise system-level control over the server’s resources. These files make appealing targets for the malicious user. If these files can be modified or exploited, the web server can be compromised. CGI or equivalent files must be monitored by a security tool alerting the web administrator of any unauthorized changes.&lt;/VulnDiscussion&gt;&lt;FalsePositives&gt;&lt;/FalsePositives&gt;&lt;FalseNegatives&gt;&lt;/FalseNegatives&gt;&lt;Documentable&gt;false&lt;/Documentable&gt;&lt;Mitigations&gt;&lt;/Mitigations&gt;&lt;SeverityOverrideGuidance&gt;&lt;/SeverityOverrideGuidance&gt;&lt;PotentialImpacts&gt;&lt;/PotentialImpacts&gt;&lt;ThirdPartyTools&gt;&lt;/ThirdPartyTools&gt;&lt;MitigationControl&gt;&lt;/MitigationControl&gt;&lt;Responsibility&gt;System Administrator&lt;/Responsibility&gt;&lt;IAControls&gt;&lt;/IAControls&gt;</description><reference><dc:title>DPMS Target IIS Installation 7</dc:title><dc:publisher>DISA</dc:publisher><dc:type>DPMS Target</dc:type><dc:subject>IIS Installation 7</dc:subject><dc:identifier>1392</dc:identifier></reference><fixtext fixref="F-26839r1_fix">Configure the monitoring tool to include CGI type files or equivalent programs directory.</fixtext><fix id="F-26839r1_fix" /><check system="C-32951r1_chk"><check-content-ref name="M" href="DPMS_XCCDF_Benchmark_IIS 7.0 WEB SERVER BENCHMARK.xml" /><check-content>Request to see the template file or configuration file of the software being used to accomplish this security task.  The monitoring program should provide constant monitoring for these files, and instantly alert the web administrator of any unauthorized changes.  Example CGI file extensions include, but are not limited to, .cgi, .asp, .aspx, .class, .vb, .php, .pl, and .c.

If the monitoring product configuration does not monitor changes to CGI program files, this is a finding.</check-content></check></Rule></Group><Group id="V-6537"><title>WG195</title><description>&lt;GroupDescription&gt;&lt;/GroupDescription&gt;</description><Rule id="SV-32381r2_rule" severity="high" weight="10.0"><version>WG195 IIS7</version><title>Anonymous access accounts must be restricted.</title><description>&lt;VulnDiscussion&gt;Many of the security problems that occur are not the result of a user gaining access to files or data for which the user does not have permissions, but rather users are assigned incorrect permissions to unauthorized data. The files, directories, and data that are stored on the web server need to be evaluated and a determination made concerning authorized access to information and programs on the server. Only authorized users and administrative accounts will be allowed on the host server in order to maintain the web server, applications, and review the server operations.&lt;/VulnDiscussion&gt;&lt;FalsePositives&gt;&lt;/FalsePositives&gt;&lt;FalseNegatives&gt;&lt;/FalseNegatives&gt;&lt;Documentable&gt;false&lt;/Documentable&gt;&lt;Mitigations&gt;&lt;/Mitigations&gt;&lt;SeverityOverrideGuidance&gt;&lt;/SeverityOverrideGuidance&gt;&lt;PotentialImpacts&gt;&lt;/PotentialImpacts&gt;&lt;ThirdPartyTools&gt;&lt;/ThirdPartyTools&gt;&lt;MitigationControl&gt;&lt;/MitigationControl&gt;&lt;Responsibility&gt;System Administrator&lt;/Responsibility&gt;&lt;Responsibility&gt;Web Administrator&lt;/Responsibility&gt;&lt;IAControls&gt;&lt;/IAControls&gt;</description><reference><dc:title>DPMS Target IIS Installation 7</dc:title><dc:publisher>DISA</dc:publisher><dc:type>DPMS Target</dc:type><dc:subject>IIS Installation 7</dc:subject><dc:identifier>1392</dc:identifier></reference><fixtext fixref="F-29070r1_fix">Remove the Anonymous access account from all privileged accounts and all privileged groups.</fixtext><fix id="F-29070r1_fix" /><check system="C-32771r1_chk"><check-content-ref name="M" href="DPMS_XCCDF_Benchmark_IIS 7.0 WEB SERVER BENCHMARK.xml" /><check-content>Check the account used for anonymous access to the web site.
1. Open the IIS Manager.
2. Click the site being reviewed.
3. Double-click Authentication in the IIS section of the web site’s Home Pane.
If Anonymous access is disabled, this check may end here, and is considered not a finding.
4. If enabled, left-click Anonymous Authentication, and then left-click Edit in the Actions pane.
5. If the Specific user radio button is enabled and an ID is specified in the adjacent control box, this is the ID being used for anonymous access.

Check privileged groups that may allow the anonymous account inappropriate membership.
1. Left-click Start and then double-click Server Manager.
2. Expand Configuration; expand Local Users and Groups; and then left-click Groups.
3. Review group members.
Privileged Groups:
Administrators
Backup Operators
Certificate Services (of any designation)
Distributed COM users
Event Log Readers
Network Configuration Operators\Performance Log Users
Performance Monitor Users
Power Users
Print Operators
Remote Desktop Users
Replicator
Users
4. Double-click each group and review its members.  

If the IUSR account or any account used for anonymous access is a member of any group with privileged access, this is a finding.</check-content></check></Rule></Group><Group id="V-6577"><title>WG204</title><description>&lt;GroupDescription&gt;&lt;/GroupDescription&gt;</description><Rule id="SV-32643r3_rule" severity="medium" weight="10.0"><version>WG204 IIS7</version><title>A web server must not be co-hosted with other services.</title><description>&lt;VulnDiscussion&gt;A detailed web server installation and configuration plan should be followed to provide standardization during the installation process.  The installation and configuration plan should not support the co-hosting of multiple services, such as, Domain Name Service (DNS), e-mail, databases, search engines, indexing, or streaming media on the same server that is providing the web publishing service.

Disallowed or restricted services in the context of this vulnerability applies to services that are not directly associated with the delivery of web content. An operating system supporting a web server will not provide other services (e.g., domain controller, email server, database server, etc.). Only those services necessary to support the web server and its hosted sites are specifically allowed and may include, but are not limited to, operating system, logging, anti-virus, host intrusion detection, administrative maintenance, or network requirements. Any unnecessary services or protocols should be removed.
&lt;/VulnDiscussion&gt;&lt;FalsePositives&gt;&lt;/FalsePositives&gt;&lt;FalseNegatives&gt;&lt;/FalseNegatives&gt;&lt;Documentable&gt;false&lt;/Documentable&gt;&lt;Mitigations&gt;&lt;/Mitigations&gt;&lt;SeverityOverrideGuidance&gt;&lt;/SeverityOverrideGuidance&gt;&lt;PotentialImpacts&gt;&lt;/PotentialImpacts&gt;&lt;ThirdPartyTools&gt;&lt;/ThirdPartyTools&gt;&lt;MitigationControl&gt;&lt;/MitigationControl&gt;&lt;Responsibility&gt;System Administrator&lt;/Responsibility&gt;&lt;IAControls&gt;&lt;/IAControls&gt;</description><reference><dc:title>DPMS Target IIS Installation 7</dc:title><dc:publisher>DISA</dc:publisher><dc:type>DPMS Target</dc:type><dc:subject>IIS Installation 7</dc:subject><dc:identifier>1392</dc:identifier></reference><fixtext fixref="F-26852r1_fix">Remove any services or applications that are not required.</fixtext><fix id="F-26852r1_fix" /><check system="C-29993r2_chk"><check-content-ref name="M" href="DPMS_XCCDF_Benchmark_IIS 7.0 WEB SERVER BENCHMARK.xml" /><check-content>Request a copy of and review the web server's installation and configuration plan for required services.
 
Ensure the server only has the required services installed as documented in the installation and configuration plan.
 
If the server has any additional services, this is a finding.</check-content></check></Rule></Group><Group id="V-6754"><title>WA000-WI080</title><description>&lt;GroupDescription&gt;&lt;/GroupDescription&gt;</description><Rule id="SV-32222r2_rule" severity="medium" weight="10.0"><version>WA000-WI080 IIS7</version><title>The use of Internet Printing Protocol (IPP) must be disabled on the IIS web server. </title><description>&lt;VulnDiscussion&gt;The use of Internet Printing Protocol (IPP) on an  IIS web server allows client’s access to shared printers.  This privileged access could allow remote code execution by increasing the web servers attack surface.  Additionally, since IPP does not support SSL, it is considered a risk and will not be deployed. &lt;/VulnDiscussion&gt;&lt;FalsePositives&gt;&lt;/FalsePositives&gt;&lt;FalseNegatives&gt;&lt;/FalseNegatives&gt;&lt;Documentable&gt;false&lt;/Documentable&gt;&lt;Mitigations&gt;&lt;/Mitigations&gt;&lt;SeverityOverrideGuidance&gt;&lt;/SeverityOverrideGuidance&gt;&lt;PotentialImpacts&gt;&lt;/PotentialImpacts&gt;&lt;ThirdPartyTools&gt;&lt;/ThirdPartyTools&gt;&lt;MitigationControl&gt;&lt;/MitigationControl&gt;&lt;Responsibility&gt;System Administrator&lt;/Responsibility&gt;&lt;IAControls&gt;&lt;/IAControls&gt;</description><reference><dc:title>DPMS Target IIS Installation 7</dc:title><dc:publisher>DISA</dc:publisher><dc:type>DPMS Target</dc:type><dc:subject>IIS Installation 7</dc:subject><dc:identifier>1392</dc:identifier></reference><fixtext fixref="F-28783r1_fix">1. Click Start, then click Administrative Tools, and then click Server Manager.
2. Expand the roles node, then right-click Print Services, and then select Remove Roles Services.
3. If the Internet Printing option is checked, clear the check box, click Next, and then click Remove to complete the wizard.</fixtext><fix id="F-28783r1_fix" /><check system="C-32693r1_chk"><check-content-ref name="M" href="DPMS_XCCDF_Benchmark_IIS 7.0 WEB SERVER BENCHMARK.xml" /><check-content>If the Print Services role and the Internet Printing role are not installed, this check is N/A.

Navigate to the following directory:
%windir%\web\printers
If this folder exists, this is a finding.

Determine whether Internet Printing is enabled: 
1.  Click Start, then click Administrative Tools, and then click Server Manager.
2.  Expand the roles node, then right-click Print Services, and then select Remove Roles Services.
3.  If the Internet Printing option is enabled, this is a finding.
</check-content></check></Rule></Group><Group id="V-13591"><title>WA155</title><description>&lt;GroupDescription&gt;&lt;/GroupDescription&gt;</description><Rule id="SV-14165r3_rule" severity="high" weight="10.0"><version>WA155</version><title>Classified web servers will be afforded physical security commensurate with the classification of its content.</title><description>&lt;VulnDiscussion&gt;When data of a classified nature is migrated to a web server, fundamental principles applicable to the safeguarding of classified material must be followed. A classified web server needs to be afforded physical security commensurate with the classification of its content to ensure the protection of the data it houses.&lt;/VulnDiscussion&gt;&lt;FalsePositives&gt;&lt;/FalsePositives&gt;&lt;FalseNegatives&gt;&lt;/FalseNegatives&gt;&lt;Documentable&gt;false&lt;/Documentable&gt;&lt;Mitigations&gt;&lt;/Mitigations&gt;&lt;SeverityOverrideGuidance&gt;&lt;/SeverityOverrideGuidance&gt;&lt;PotentialImpacts&gt;&lt;/PotentialImpacts&gt;&lt;ThirdPartyTools&gt;&lt;/ThirdPartyTools&gt;&lt;MitigationControl&gt;&lt;/MitigationControl&gt;&lt;Responsibility&gt;System Administrator&lt;/Responsibility&gt;&lt;Responsibility&gt;Information Assurance Officer&lt;/Responsibility&gt;&lt;IAControls&gt;&lt;/IAControls&gt;</description><reference><dc:title>DPMS Target IIS Installation 7</dc:title><dc:publisher>DISA</dc:publisher><dc:type>DPMS Target</dc:type><dc:subject>IIS Installation 7</dc:subject><dc:identifier>1392</dc:identifier></reference><fixtext fixref="F-26869r1_fix">Relocate the web server to a location appropriate to classified devices.</fixtext><fix id="F-26869r1_fix" /><check system="C-30035r2_chk"><check-content-ref name="M" href="DPMS_XCCDF_Benchmark_IIS 7.0 WEB SERVER BENCHMARK.xml" /><check-content>Interview the ISSO, the SA, the web administrator, or developers as necessary to determine if a classified web server is afforded physical security commensurate with the classification of its content (i.e., is located in a vault or a room approved for classified storage at the highest classification processed on that system).

Ask what the classification of the web server is. Based on the classification, evaluate the location of the web server to determine if it is approved for storage of that classification level.

If there is a traditional reviewer available, work with him/her to address specific conditions or questions.

If the web server is not appropriately physically protected based on its classification, this is a finding.</check-content></check></Rule></Group><Group id="V-13621"><title>WG385</title><description>&lt;GroupDescription&gt;&lt;/GroupDescription&gt;</description><Rule id="SV-32478r3_rule" severity="high" weight="10.0"><version>WG385 IIS7</version><title>All web server documentation, sample code, example applications, and tutorials must be removed from a production web server.</title><description>&lt;VulnDiscussion&gt;Web server documentation, sample code, example applications, and tutorials may be an exploitable threat to a web server. A production web server may only contain components that are operationally necessary (i.e., compiled code, scripts, web content, etc.). Delete all directories containing samples and any scripts used to execute the samples.&lt;/VulnDiscussion&gt;&lt;FalsePositives&gt;&lt;/FalsePositives&gt;&lt;FalseNegatives&gt;&lt;/FalseNegatives&gt;&lt;Documentable&gt;false&lt;/Documentable&gt;&lt;Mitigations&gt;&lt;/Mitigations&gt;&lt;SeverityOverrideGuidance&gt;&lt;/SeverityOverrideGuidance&gt;&lt;PotentialImpacts&gt;&lt;/PotentialImpacts&gt;&lt;ThirdPartyTools&gt;&lt;/ThirdPartyTools&gt;&lt;MitigationControl&gt;&lt;/MitigationControl&gt;&lt;Responsibility&gt;System Administrator&lt;/Responsibility&gt;&lt;Responsibility&gt;Information Assurance Officer&lt;/Responsibility&gt;&lt;Responsibility&gt;Web Administrator&lt;/Responsibility&gt;&lt;IAControls&gt;&lt;/IAControls&gt;</description><reference><dc:title>DPMS Target IIS Installation 7</dc:title><dc:publisher>DISA</dc:publisher><dc:type>DPMS Target</dc:type><dc:subject>IIS Installation 7</dc:subject><dc:identifier>1392</dc:identifier></reference><fixtext fixref="F-29072r1_fix">Remove sample code and documentation from the web server.</fixtext><fix id="F-29072r1_fix" /><check system="C-32792r3_chk"><check-content-ref name="M" href="DPMS_XCCDF_Benchmark_IIS 7.0 WEB SERVER BENCHMARK.xml" /><check-content>1. Navigate to the following folders:
  inetpub\AdminScripts
  inetpub\scripts\IISSamples
  Program Files\Common Files\System\msadc
  Program Files (x86)\Common Files\System\msadc
2. If the folders contain sample code and documentation, this is a finding.

Note: Any non-executable web server documentation or sample file found on the production web server and accessible to web users or non-administrators will be a CAT III finding.
Any non-executable web server documentation or sample file found on the production web server and accessible only to SAs or to web administrators is permissible and is not a finding.</check-content></check></Rule></Group><Group id="V-13672"><title>WG145</title><description>&lt;GroupDescription&gt;&lt;/GroupDescription&gt;</description><Rule id="SV-32479r3_rule" severity="medium" weight="10.0"><version>WG145 IIS7</version><title>The private web server must use an approved DoD certificate validation process.</title><description>&lt;VulnDiscussion&gt;The Certificate Revocation List (CRL) is used for a number of reasons, for example, when an employee leaves, certificates expire, or if certificate keys become compromised and are reissued. Without the use of a certificate validation process, the server is vulnerable to accepting expired or revoked certificates. This could allow unauthorized individuals access to the web server. The CRL is a repository comprised of revoked certificate data, usually from many contributing CRL sources. 
Sites using an Online Certificate Status Protocol (OCSP) rather than CRL download to validate certificates will have obtained and installed an OCSP validation application.
&lt;/VulnDiscussion&gt;&lt;FalsePositives&gt;&lt;/FalsePositives&gt;&lt;FalseNegatives&gt;&lt;/FalseNegatives&gt;&lt;Documentable&gt;false&lt;/Documentable&gt;&lt;Mitigations&gt;&lt;/Mitigations&gt;&lt;SeverityOverrideGuidance&gt;&lt;/SeverityOverrideGuidance&gt;&lt;PotentialImpacts&gt;&lt;/PotentialImpacts&gt;&lt;ThirdPartyTools&gt;&lt;/ThirdPartyTools&gt;&lt;MitigationControl&gt;&lt;/MitigationControl&gt;&lt;Responsibility&gt;System Administrator&lt;/Responsibility&gt;&lt;Responsibility&gt;Web Administrator&lt;/Responsibility&gt;&lt;IAControls&gt;&lt;/IAControls&gt;</description><reference><dc:title>DPMS Target IIS Installation 7</dc:title><dc:publisher>DISA</dc:publisher><dc:type>DPMS Target</dc:type><dc:subject>IIS Installation 7</dc:subject><dc:identifier>1392</dc:identifier></reference><fixtext fixref="F-29073r3_fix">Using vendor documentation as guidance, reconfigure the web server to utilize certificate with an approved certificate validation process:
netsh http add sslcert

Alternatively, configure existing certificate to validate certifcate revocation:

Open registry, locate HKEY_LOCAL_MACHINE\SYSTEM\CurrentControlSet\Services\HTTP\Parameters\SslBindingInfo\0.0.0.0:443\DefaultSslCertCheckMode
Modify the value to 0
Restart server
</fixtext><fix id="F-29073r3_fix" /><check system="C-32794r1_chk"><check-content-ref name="M" href="DPMS_XCCDF_Benchmark_IIS 7.0 WEB SERVER BENCHMARK.xml" /><check-content>Verify Certificate Revocation List (CRL) validation is enabled on the server.
Open a Command Prompt and enter the following command:

netsh http show sslcert

Note the value assigned to the Verify Client Certificate Revocation element. If the value of the Verify Client Certificate Revocation element is not enabled, this is a finding.
</check-content></check></Rule></Group><Group id="V-13700"><title>WA000-WI100</title><description>&lt;GroupDescription&gt;&lt;/GroupDescription&gt;</description><Rule id="SV-46359r4_rule" severity="medium" weight="10.0"><version>WA000-WI100 IIS7</version><title>The File System Object component must be disabled.</title><description>&lt;VulnDiscussion&gt;Some Component Object Model (COM) components are not required for most applications and should be removed if possible.  Most notably, consider disabling the File System Object component; however, this will also remove the Dictionary object. Be aware some programs may require this component (e.g., Commerce Server), so it is highly recommended this be tested completely before implementing on the production web server.&lt;/VulnDiscussion&gt;&lt;FalsePositives&gt;&lt;/FalsePositives&gt;&lt;FalseNegatives&gt;&lt;/FalseNegatives&gt;&lt;Documentable&gt;false&lt;/Documentable&gt;&lt;Mitigations&gt;&lt;/Mitigations&gt;&lt;SeverityOverrideGuidance&gt;&lt;/SeverityOverrideGuidance&gt;&lt;PotentialImpacts&gt;&lt;/PotentialImpacts&gt;&lt;ThirdPartyTools&gt;&lt;/ThirdPartyTools&gt;&lt;MitigationControl&gt;&lt;/MitigationControl&gt;&lt;Responsibility&gt;Web Administrator&lt;/Responsibility&gt;&lt;IAControls&gt;&lt;/IAControls&gt;</description><reference><dc:title>DPMS Target IIS Installation 7</dc:title><dc:publisher>DISA</dc:publisher><dc:type>DPMS Target</dc:type><dc:subject>IIS Installation 7</dc:subject><dc:identifier>1392</dc:identifier></reference><fixtext fixref="F-29076r2_fix">Run the following command, with adminstrator priviledges, to unregister the File System Object:  regsvr32 scrrun.dll /u.

Note: Make sure the Administrators group owns and has full permissions to the registry value HKCR\TypeLib\{420B2830-E718-11CF-893D-00A0C9054228}\1.0\0\win32 before trying to unregister the dll.  Without the Administrators group owning and having full control of this key, the unregister command will error.</fixtext><fix id="F-29076r2_fix" /><check system="C-32934r8_chk"><check-content-ref name="M" href="DPMS_XCCDF_Benchmark_IIS 7.0 WEB SERVER BENCHMARK.xml" /><check-content>1. Locate the HKEY_CLASSES_ROOT\CLSID\{0D43FE01-F093-11CF-8940-00A0C9054228} registry key.  If the key exist, the File System Object component is enabled.

2. If the File System Object component is enabled and is not required for operations, this is a finding.

NOTE: If the File System Object component is required for operations and has supporting documentation signed by the ISSO, this is not a finding.</check-content></check></Rule></Group><Group id="V-25994"><title>WA000-WI091</title><description>&lt;GroupDescription&gt;&lt;/GroupDescription&gt;</description><Rule id="SV-32645r2_rule" severity="low" weight="10.0"><version>WA000-WI091</version><title>Directory Browsing must be disabled on the production web server.</title><description>&lt;VulnDiscussion&gt;Directory browsing allows the contents of a directory to be displayed upon request from a web client. If directory browsing is enabled for a directory in IIS, users could receive a web page listing the contents of the directory.  If directory browsing is enabled the risk of inadvertently disclosing sensitive content is increased.&lt;/VulnDiscussion&gt;&lt;FalsePositives&gt;&lt;/FalsePositives&gt;&lt;FalseNegatives&gt;&lt;/FalseNegatives&gt;&lt;Documentable&gt;false&lt;/Documentable&gt;&lt;Mitigations&gt;&lt;/Mitigations&gt;&lt;SeverityOverrideGuidance&gt;&lt;/SeverityOverrideGuidance&gt;&lt;PotentialImpacts&gt;&lt;/PotentialImpacts&gt;&lt;ThirdPartyTools&gt;&lt;/ThirdPartyTools&gt;&lt;MitigationControl&gt;&lt;/MitigationControl&gt;&lt;Responsibility&gt;&lt;/Responsibility&gt;&lt;IAControls&gt;&lt;/IAControls&gt;</description><reference><dc:title>DPMS Target IIS Installation 7</dc:title><dc:publisher>DISA</dc:publisher><dc:type>DPMS Target</dc:type><dc:subject>IIS Installation 7</dc:subject><dc:identifier>1392</dc:identifier></reference><fixtext fixref="F-29021r1_fix">1. Open the IIS Manager.
2. Click the Server.
3. Double-click the Directory Browsing icon.
4. Under the Actions Pane click Disabled.   </fixtext><fix id="F-29021r1_fix" /><check system="C-32869r1_chk"><check-content-ref name="M" href="DPMS_XCCDF_Benchmark_IIS 7.0 WEB SERVER BENCHMARK.xml" /><check-content>1. Open the IIS Manager.
2. Click the Server.
3. Double-click the Directory Browsing icon.
4. Under the Actions Pane verify Directory Browsing is disabled. If not, this is a finding.</check-content></check></Rule></Group><Group id="V-25999"><title>WA000-WI6100</title><description>&lt;GroupDescription&gt;&lt;/GroupDescription&gt;</description><Rule id="SV-32650r2_rule" severity="medium" weight="10.0"><version>WA000-WI6100</version><title>Unspecified file extensions must not be allowed to execute on the production web server.</title><description>&lt;VulnDiscussion&gt;By allowing unspecified file extensions to execute, the web servers attack surface is significantly increased.  This increased risk can be reduced by only allowing specific ISAPI extensions or CGI extensions to run on the web server.&lt;/VulnDiscussion&gt;&lt;FalsePositives&gt;&lt;/FalsePositives&gt;&lt;FalseNegatives&gt;&lt;/FalseNegatives&gt;&lt;Documentable&gt;false&lt;/Documentable&gt;&lt;Mitigations&gt;&lt;/Mitigations&gt;&lt;SeverityOverrideGuidance&gt;&lt;/SeverityOverrideGuidance&gt;&lt;PotentialImpacts&gt;&lt;/PotentialImpacts&gt;&lt;ThirdPartyTools&gt;&lt;/ThirdPartyTools&gt;&lt;MitigationControl&gt;&lt;/MitigationControl&gt;&lt;Responsibility&gt;Web Administrator&lt;/Responsibility&gt;&lt;IAControls&gt;&lt;/IAControls&gt;</description><reference><dc:title>DPMS Target IIS Installation 7</dc:title><dc:publisher>DISA</dc:publisher><dc:type>DPMS Target</dc:type><dc:subject>IIS Installation 7</dc:subject><dc:identifier>1392</dc:identifier></reference><fixtext fixref="F-29023r1_fix">1. Open the IIS Manager.
2. Click the Server.
3. Double-click the ISAPI and CGI restrictions icon.
4. Click Edit Feature Settings and uncheck the CGI and ISAPI Modules check boxes.</fixtext><fix id="F-29023r1_fix" /><check system="C-32871r1_chk"><check-content-ref name="M" href="DPMS_XCCDF_Benchmark_IIS 7.0 WEB SERVER BENCHMARK.xml" /><check-content>1. Open the IIS Manager.
2. Click the Server.
3. Double-click the ISAPI and CGI restrictions icon.
4. Click Edit Feature Settings and verify the CGI and ISAPI Modules are NOT checked. If they are checked, this is a finding.</check-content></check></Rule></Group><Group id="V-26006"><title>WA000-WI6120</title><description>&lt;GroupDescription&gt;&lt;/GroupDescription&gt;</description><Rule id="SV-32657r2_rule" severity="low" weight="10.0"><version>WA000-WI6120</version><title>A global authorization rule to restrict access must exist on the web server.</title><description>&lt;VulnDiscussion&gt;Authorization rules can be configured at the server, web site, folder (including Virtual Directories), or file level.  It is recommended that URL Authorization be configured to only grant access to the necessary security principals. Configuring a global Authorization rule that restricts access ensures inheritance of the settings down through the hierarchy of web directories.  This will ensure access to current and future content is only granted to the appropriate principals, mitigating risk of unauthorized access. &lt;/VulnDiscussion&gt;&lt;FalsePositives&gt;&lt;/FalsePositives&gt;&lt;FalseNegatives&gt;&lt;/FalseNegatives&gt;&lt;Documentable&gt;false&lt;/Documentable&gt;&lt;Mitigations&gt;&lt;/Mitigations&gt;&lt;SeverityOverrideGuidance&gt;&lt;/SeverityOverrideGuidance&gt;&lt;PotentialImpacts&gt;&lt;/PotentialImpacts&gt;&lt;ThirdPartyTools&gt;&lt;/ThirdPartyTools&gt;&lt;MitigationControl&gt;&lt;/MitigationControl&gt;&lt;Responsibility&gt;Web Administrator&lt;/Responsibility&gt;&lt;IAControls&gt;&lt;/IAControls&gt;</description><reference><dc:title>DPMS Target IIS Installation 7</dc:title><dc:publisher>DISA</dc:publisher><dc:type>DPMS Target</dc:type><dc:subject>IIS Installation 7</dc:subject><dc:identifier>1392</dc:identifier></reference><fixtext fixref="F-29025r1_fix">1. Open the IIS Manager.
2. Click the Server.
3. Double-click the Authorization Rules icon.
4. Remove all users other than Administrator.</fixtext><fix id="F-29025r1_fix" /><check system="C-32874r1_chk"><check-content-ref name="M" href="DPMS_XCCDF_Benchmark_IIS 7.0 WEB SERVER BENCHMARK.xml" /><check-content>1. Open the IIS Manager.
2. Click the Server.
3. Double-click the Authorization Rules icon.
4. If any user other then Administrator is listed, this is a finding.</check-content></check></Rule></Group></Benchmark>