<?xml version="1.0" encoding="UTF-8"?>
<oval_definitions xmlns="http://oval.mitre.org/XMLSchema/oval-definitions-5" xmlns:oval="http://oval.mitre.org/XMLSchema/oval-common-5" xmlns:ind="http://oval.mitre.org/XMLSchema/oval-definitions-5#independent" xmlns:unix="http://oval.mitre.org/XMLSchema/oval-definitions-5#unix" xmlns:linux="http://oval.mitre.org/XMLSchema/oval-definitions-5#linux" xmlns:xsi="http://www.w3.org/2001/XMLSchema-instance" xsi:schemaLocation="http://oval.mitre.org/XMLSchema/oval-common-5 http://oval.mitre.org/language/download/schema/version5.8/ovaldefinition/complete/oval-common-schema.xsd   http://oval.mitre.org/XMLSchema/oval-definitions-5 http://oval.mitre.org/language/download/schema/version5.8/ovaldefinition/complete/oval-definitions-schema.xsd   http://oval.mitre.org/XMLSchema/oval-definitions-5#independent http://oval.mitre.org/language/download/schema/version5.8/ovaldefinition/complete/independent-definitions-schema.xsd   http://oval.mitre.org/XMLSchema/oval-definitions-5#unix http://oval.mitre.org/language/download/schema/version5.8/ovaldefinition/complete/unix-definitions-schema.xsd   http://oval.mitre.org/XMLSchema/oval-definitions-5#linux http://oval.mitre.org/language/download/schema/version5.8/ovaldefinition/complete/linux-definitions-schema.xsd">
  <generator>
    <oval:product_name>python</oval:product_name>
    <oval:product_version>2.6.6</oval:product_version>
    <oval:schema_version>5.8</oval:schema_version>
    <oval:timestamp>2011-09-21T13:44:00</oval:timestamp>
  </generator>
  <definitions>
    <definition class="inventory" id="oval:mil.disa.fso.redhat.rhel6:def:100" version="1">
      <metadata>
        <title>Red Hat Enterprise Linux 6</title>
        <affected family="unix">
          <platform>Red Hat Enterprise Linux 6</platform>
        </affected>
        <reference ref_id="cpe:/o:redhat:enterprise_linux:6" source="CPE" />
        <description>The operating system installed on the system is
      Red Hat Enterprise Linux 6</description>
      </metadata>
      <criteria>
        <criterion comment="Installed operating system is part of the unix family" test_ref="oval:mil.disa.fso.redhat.rhel6:tst:101" />
        <criterion comment="Red Hat Enterprise Linux 6 Workstation is installed" test_ref="oval:mil.disa.fso.redhat.rhel6:tst:102" />
        <criterion comment="Red Hat Enterprise Linux 6 Server is installed" test_ref="oval:mil.disa.fso.redhat.rhel6:tst:103" />
      </criteria>
    </definition>
  </definitions>
  <tests>
    <ind:family_test check="all" check_existence="at_least_one_exists" comment="installed OS part of unix family" id="oval:mil.disa.fso.redhat.rhel6:tst:101" version="1">
      <ind:object object_ref="oval:mil.disa.fso.redhat.rhel6:obj:104" />
      <ind:state state_ref="oval:mil.disa.fso.redhat.rhel6:ste:105" />
    </ind:family_test>
    <linux:rpminfo_test check="all" check_existence="any_exist" comment="redhat-release-workstation is version 6" id="oval:mil.disa.fso.redhat.rhel6:tst:102" version="1">
      <linux:object object_ref="oval:mil.disa.fso.redhat.rhel6:obj:106" />
      <linux:state state_ref="oval:mil.disa.fso.redhat.rhel6:ste:107" />
    </linux:rpminfo_test>
    <linux:rpminfo_test check="all" check_existence="any_exist" comment="redhat-release-server is version 6" id="oval:mil.disa.fso.redhat.rhel6:tst:103" version="1">
      <linux:object object_ref="oval:mil.disa.fso.redhat.rhel6:obj:108" />
      <linux:state state_ref="oval:mil.disa.fso.redhat.rhel6:ste:109" />
    </linux:rpminfo_test>
  </tests>
  <objects>
    <ind:family_object id="oval:mil.disa.fso.redhat.rhel6:obj:104" version="1" />
    <linux:rpminfo_object id="oval:mil.disa.fso.redhat.rhel6:obj:106" version="1">
      <linux:name datatype="string">redhat-release-workstation</linux:name>
    </linux:rpminfo_object>
    <linux:rpminfo_object id="oval:mil.disa.fso.redhat.rhel6:obj:108" version="1">
      <linux:name datatype="string">redhat-release-server</linux:name>
    </linux:rpminfo_object>
  </objects>
  <states>
    <ind:family_state id="oval:mil.disa.fso.redhat.rhel6:ste:105" version="1">
      <ind:family>unix</ind:family>
    </ind:family_state>
    <linux:rpminfo_state id="oval:mil.disa.fso.redhat.rhel6:ste:107" version="1">
      <linux:version operation="pattern match">^6Workstation$</linux:version>
    </linux:rpminfo_state>
    <linux:rpminfo_state id="oval:mil.disa.fso.redhat.rhel6:ste:109" version="1">
      <linux:version operation="pattern match">^6Server$</linux:version>
    </linux:rpminfo_state>
  </states>
</oval_definitions>

