<?xml version="1.0" encoding="utf-8"?><?xml-stylesheet type='text/xsl' href='STIG_unclass.xsl'?><Benchmark xmlns:dsig="http://www.w3.org/2000/09/xmldsig#" xmlns:xsi="http://www.w3.org/2001/XMLSchema-instance" xmlns:cpe="http://cpe.mitre.org/language/2.0" xmlns:xhtml="http://www.w3.org/1999/xhtml" xmlns:dc="http://purl.org/dc/elements/1.1/" id="zOS_CSSMTP_for_ACF2_STIG" xml:lang="en" xsi:schemaLocation="http://checklists.nist.gov/xccdf/1.1 http://nvd.nist.gov/schema/xccdf-1.1.4.xsd http://cpe.mitre.org/dictionary/2.0 http://cpe.mitre.org/files/cpe-dictionary_2.1.xsd" xmlns="http://checklists.nist.gov/xccdf/1.1"><status date="2017-09-15">accepted</status><title>z/OS CSSMTP for ACF2 STIG</title><notice id="terms-of-use" xml:lang="en"></notice><reference href="http://iase.disa.mil"><dc:publisher>DISA</dc:publisher><dc:source>STIG.DOD.MIL</dc:source></reference><plain-text id="release-info">Release: 5 Benchmark Date: 27 Oct 2017</plain-text><version>6</version><Profile id="MAC-1_Classified"><title>I - Mission Critical Classified</title><description>&lt;ProfileDescription&gt;&lt;/ProfileDescription&gt;</description><select idref="V-17067" selected="true" /><select idref="V-17452" selected="true" /></Profile><Profile id="MAC-1_Public"><title>I - Mission Critical Public</title><description>&lt;ProfileDescription&gt;&lt;/ProfileDescription&gt;</description><select idref="V-17067" selected="true" /><select idref="V-17452" selected="true" /></Profile><Profile id="MAC-1_Sensitive"><title>I - Mission Critical Sensitive</title><description>&lt;ProfileDescription&gt;&lt;/ProfileDescription&gt;</description><select idref="V-17067" selected="true" /><select idref="V-17452" selected="true" /></Profile><Profile id="MAC-2_Classified"><title>II - Mission Support Classified</title><description>&lt;ProfileDescription&gt;&lt;/ProfileDescription&gt;</description><select idref="V-17067" selected="true" /><select idref="V-17452" selected="true" /></Profile><Profile id="MAC-2_Public"><title>II - Mission Support Public</title><description>&lt;ProfileDescription&gt;&lt;/ProfileDescription&gt;</description><select idref="V-17067" selected="true" /><select idref="V-17452" selected="true" /></Profile><Profile id="MAC-2_Sensitive"><title>II - Mission Support Sensitive</title><description>&lt;ProfileDescription&gt;&lt;/ProfileDescription&gt;</description><select idref="V-17067" selected="true" /><select idref="V-17452" selected="true" /></Profile><Profile id="MAC-3_Classified"><title>III - Administrative Classified</title><description>&lt;ProfileDescription&gt;&lt;/ProfileDescription&gt;</description><select idref="V-17067" selected="true" /><select idref="V-17452" selected="true" /></Profile><Profile id="MAC-3_Public"><title>III - Administrative Public</title><description>&lt;ProfileDescription&gt;&lt;/ProfileDescription&gt;</description><select idref="V-17067" selected="true" /><select idref="V-17452" selected="true" /></Profile><Profile id="MAC-3_Sensitive"><title>III - Administrative Sensitive</title><description>&lt;ProfileDescription&gt;&lt;/ProfileDescription&gt;</description><select idref="V-17067" selected="true" /><select idref="V-17452" selected="true" /></Profile><Group id="V-17067"><title>ZB000001</title><description>&lt;GroupDescription&gt;&lt;/GroupDescription&gt;</description><Rule id="SV-89723r2_rule" severity="medium" weight="10.0"><version>ZSMTA001</version><title>IBM Communications Server Simple Mail Transfer Protocol (CSSMTP) STC data sets must be properly protected.</title><description>&lt;VulnDiscussion&gt;IBM Communications Server Simple Mail Transfer Protocol (CSSMTP) STC data sets have the ability to use privileged functions and/or have access to sensitive data. Failure to properly restrict access to their data sets could result in violating the integrity of the base product which could result in compromising the operating system or sensitive data.&lt;/VulnDiscussion&gt;&lt;FalsePositives&gt;&lt;/FalsePositives&gt;&lt;FalseNegatives&gt;&lt;/FalseNegatives&gt;&lt;Documentable&gt;false&lt;/Documentable&gt;&lt;Mitigations&gt;&lt;/Mitigations&gt;&lt;SeverityOverrideGuidance&gt;&lt;/SeverityOverrideGuidance&gt;&lt;PotentialImpacts&gt;&lt;/PotentialImpacts&gt;&lt;ThirdPartyTools&gt;&lt;/ThirdPartyTools&gt;&lt;MitigationControl&gt;&lt;/MitigationControl&gt;&lt;Responsibility&gt;Information Assurance Officer&lt;/Responsibility&gt;&lt;Responsibility&gt;Systems Programmer&lt;/Responsibility&gt;&lt;IAControls&gt;&lt;/IAControls&gt;</description><reference><dc:title>DPMS Target IBM CSSMTP</dc:title><dc:publisher>DISA</dc:publisher><dc:type>DPMS Target</dc:type><dc:subject>IBM CSSMTP</dc:subject><dc:identifier>2091</dc:identifier></reference><ident system="http://iase.disa.mil/cci">CCI-001499</ident><fixtext fixref="F-81941r1_fix">Ensure that WRITE and/or greater access to the IBM Communications Server Simple Mail Transfer Protocol (CSSMTP) STC data sets are limited to system programmers and CSSMTP STC and/or batch jobs only. READ access can be given to auditors at the ISSOs discretion.

The installing Systems Programmer will identify and document the product data sets and categorize them according to who will have what type of access and if required which type of access is logged. The installing systems programmer will identify any additional groups requiring access to specific data sets, and once documented the installing systems programmer will work with the ISSO to see that they are properly restricted to the ACP (Access Control Program) active on the system.

Note: The data sets and/or data set prefixes identified below are examples of a possible installation. The actual data sets and/or prefixes are determined when the product is actually installed on a system through the product’s installation guide and can be site specific. 


The following commands are provided as an example for implementing data set controls:

$KEY(SYS3)
TCPIP.CSSMTP.-       UID(syspaudt) R(A) W(A) A(A) E(A)
TCPIP.CSSMTP.-       UID(tstcaudt) R(A) W(A) A(A) E(A)
TCPIP.CSSMTP.-       UID(icststc) R(A) W(A) A(A) E(A)
TCPIP.CSSMTP.-       UID(audtaudt) R(A) E(A)   
</fixtext><fix id="F-81941r1_fix" /><check system="C-75109r2_chk"><check-content-ref name="M" href="DPMS_XCCDF_Benchmark_zOS CSSMTP for ACF2 STIG.xml" /><check-content>Examine the running started task for CSSMTP. 

Verify that access to the IBM Communications Server Simple Mail Transfer Protocol (CSSMTP) STC data sets are properly restricted. The data sets to be protected are identified in the data set referenced in the DD statements of the CSSMTP started task(s) and/or batch job(s). 

 Alternately:
Refer to the following report produced by the Data Set and Resource Data Collection:

-       SENSITVE.RPT(SMTPSTC)

Automated Analysis:
Refer to the following report produced by the Data Set and Resource Data Collection:

-       PDI(ZSMT0001)

If the following guidance is true, this is not a finding.


___ The ACF2 data set access authorizations restrict READ access to auditors.

___ The ACF2 data set access authorizations restrict WRITE and/or greater access to systems programming personnel.

___ The ACF2 data set access authorizations restrict WRITE and/or greater access to the product STC(s) and/or batch job(s).
</check-content></check></Rule></Group><Group id="V-17452"><title>ZB000030</title><description>&lt;GroupDescription&gt;&lt;/GroupDescription&gt;</description><Rule id="SV-37479r1_rule" severity="medium" weight="10.0"><version>ZSMTA030</version><title>IBM CSSMTP Started Task name is not properly identified and/or defined to the system ACP.</title><description>&lt;VulnDiscussion&gt;IBM CSSMTP requires a started task that will be restricted to certain resources, datasets and other system functions. By defining the started task as a userid to the system ACP, It allows the ACP to control the access and authorized users that require these capabilities. Failure to properly control these capabilities, could compromise of the operating system environment, ACP, and customer data.&lt;/VulnDiscussion&gt;&lt;FalsePositives&gt;&lt;/FalsePositives&gt;&lt;FalseNegatives&gt;&lt;/FalseNegatives&gt;&lt;Documentable&gt;false&lt;/Documentable&gt;&lt;Mitigations&gt;&lt;/Mitigations&gt;&lt;SeverityOverrideGuidance&gt;&lt;/SeverityOverrideGuidance&gt;&lt;PotentialImpacts&gt;&lt;/PotentialImpacts&gt;&lt;ThirdPartyTools&gt;&lt;/ThirdPartyTools&gt;&lt;MitigationControl&gt;&lt;/MitigationControl&gt;&lt;Responsibility&gt;Information Assurance Officer&lt;/Responsibility&gt;&lt;IAControls&gt;&lt;/IAControls&gt;</description><reference><dc:title>DPMS Target IBM CSSMTP</dc:title><dc:publisher>DISA</dc:publisher><dc:type>DPMS Target</dc:type><dc:subject>IBM CSSMTP</dc:subject><dc:identifier>2091</dc:identifier></reference><ident system="http://iase.disa.mil/cci">CCI-000764</ident><fixtext fixref="F-322r1_fix">The IBM CSSMTP system programmer and the IAO will ensure that a product's Started Task(s) is properly identified and/or defined to the System ACP. 

If the product requires a Started Task, verify that it is properly defined to the System ACP with the proper attributes.

Most installation manuals will indicate how the Started Task is identified and any additional attributes that must be specified.

Example:

SET LID
INSERT CSSMTP STC NO-SMC</fixtext><fix id="F-322r1_fix" /><check system="C-6197r1_chk"><check-content-ref name="M" href="DPMS_XCCDF_Benchmark_zOS CSSMTP for ACF2 STIG.xml" /><check-content>Refer to the following report produced by the ACF2 Data Collection:

-	ACF2CMDS.RPT(ATTSTC)

Insure that the logonids(s) for the IBM CSSMTP started task(s) includes the following:

STC
NO-SMC</check-content></check></Rule></Group></Benchmark>