<?xml version="1.0" encoding="utf-8"?><?xml-stylesheet type='text/xsl' href='STIG_unclass.xsl'?><Benchmark xmlns:dsig="http://www.w3.org/2000/09/xmldsig#" xmlns:xhtml="http://www.w3.org/1999/xhtml" xmlns:xsi="http://www.w3.org/2001/XMLSchema-instance" xmlns:cpe="http://cpe.mitre.org/language/2.0" xmlns:dc="http://purl.org/dc/elements/1.1/" id="zOS_CA_MICS_for_ACF2_STIG" xml:lang="en" xsi:schemaLocation="http://checklists.nist.gov/xccdf/1.1 http://nvd.nist.gov/schema/xccdf-1.1.4.xsd http://cpe.mitre.org/dictionary/2.0 http://cpe.mitre.org/files/cpe-dictionary_2.1.xsd" xmlns="http://checklists.nist.gov/xccdf/1.1"><status date="2015-01-15">accepted</status><title>z/OS CA MICS for ACF2 STIG</title><notice id="terms-of-use" xml:lang="en"></notice><reference href="http://iase.disa.mil"><dc:publisher>DISA, Field Security Operations</dc:publisher><dc:source>STIG.DOD.MIL</dc:source></reference><plain-text id="release-info">Release: 3 Benchmark Date: 20 Jan 2015</plain-text><version>6</version><Profile id="MAC-1_Classified"><title>I - Mission Critical Classified</title><description>&lt;ProfileDescription&gt;&lt;/ProfileDescription&gt;</description><select idref="V-16932" selected="true" /><select idref="V-21592" selected="true" /></Profile><Profile id="MAC-1_Public"><title>I - Mission Critical Public</title><description>&lt;ProfileDescription&gt;&lt;/ProfileDescription&gt;</description><select idref="V-16932" selected="true" /><select idref="V-21592" selected="true" /></Profile><Profile id="MAC-1_Sensitive"><title>I - Mission Critical Sensitive</title><description>&lt;ProfileDescription&gt;&lt;/ProfileDescription&gt;</description><select idref="V-16932" selected="true" /><select idref="V-21592" selected="true" /></Profile><Profile id="MAC-2_Classified"><title>II - Mission Support Classified</title><description>&lt;ProfileDescription&gt;&lt;/ProfileDescription&gt;</description><select idref="V-16932" selected="true" /><select idref="V-21592" selected="true" /></Profile><Profile id="MAC-2_Public"><title>II - Mission Support Public</title><description>&lt;ProfileDescription&gt;&lt;/ProfileDescription&gt;</description><select idref="V-16932" selected="true" /><select idref="V-21592" selected="true" /></Profile><Profile id="MAC-2_Sensitive"><title>II - Mission Support Sensitive</title><description>&lt;ProfileDescription&gt;&lt;/ProfileDescription&gt;</description><select idref="V-16932" selected="true" /><select idref="V-21592" selected="true" /></Profile><Profile id="MAC-3_Classified"><title>III - Administrative Classified</title><description>&lt;ProfileDescription&gt;&lt;/ProfileDescription&gt;</description><select idref="V-16932" selected="true" /><select idref="V-21592" selected="true" /></Profile><Profile id="MAC-3_Public"><title>III - Administrative Public</title><description>&lt;ProfileDescription&gt;&lt;/ProfileDescription&gt;</description><select idref="V-16932" selected="true" /><select idref="V-21592" selected="true" /></Profile><Profile id="MAC-3_Sensitive"><title>III - Administrative Sensitive</title><description>&lt;ProfileDescription&gt;&lt;/ProfileDescription&gt;</description><select idref="V-16932" selected="true" /><select idref="V-21592" selected="true" /></Profile><Group id="V-16932"><title>ZB000000</title><description>&lt;GroupDescription&gt;&lt;/GroupDescription&gt;</description><Rule id="SV-49769r2_rule" severity="medium" weight="10.0"><version>ZMICA000</version><title>CA MICS Resource Management installation data sets must be properly protected.</title><description>&lt;VulnDiscussion&gt;CA MICS Resource Management installation data sets have the ability to use privileged functions and/or have access to sensitive data.  Failure to properly restrict access to these data sets could result in violating the integrity of the base product which could result in compromising the operating system or sensitive data.&lt;/VulnDiscussion&gt;&lt;FalsePositives&gt;&lt;/FalsePositives&gt;&lt;FalseNegatives&gt;&lt;/FalseNegatives&gt;&lt;Documentable&gt;false&lt;/Documentable&gt;&lt;Mitigations&gt;&lt;/Mitigations&gt;&lt;SeverityOverrideGuidance&gt;&lt;/SeverityOverrideGuidance&gt;&lt;PotentialImpacts&gt;&lt;/PotentialImpacts&gt;&lt;ThirdPartyTools&gt;&lt;/ThirdPartyTools&gt;&lt;MitigationControl&gt;&lt;/MitigationControl&gt;&lt;Responsibility&gt;Information Assurance Officer&lt;/Responsibility&gt;&lt;Responsibility&gt;Systems Programmer&lt;/Responsibility&gt;&lt;IAControls&gt;DCSL-1, ECAR-1, ECAR-2, ECCD-1, ECCD-2&lt;/IAControls&gt;</description><reference><dc:title>DPMS Target CA MICS Resource Management</dc:title><dc:publisher>DISA FSO</dc:publisher><dc:type>DPMS Target</dc:type><dc:subject>CA MICS Resource Management</dc:subject><dc:identifier>2500</dc:identifier></reference><ident system="http://iase.disa.mil/cci">CCI-000213</ident><ident system="http://iase.disa.mil/cci">CCI-002234</ident><fixtext fixref="F-17179r3_fix">The IAO will ensure WRITE and/or greater access to CA MICS Resource Management installation data sets is limited to System Programmers and MICS administrators.  READ access can be given to all authorized users (e.g., auditors, security administrators, and MICS end users).  All failures and successful WRITE and/or greater accesses are logged.  

The installing Systems Programmer will identify and document the product data sets and categorize them according to who will have WRITE and/or greater access and, if required, that all WRITE and/or greater access is logged.  He will identify if any additional groups have WRITE and/or greater access for specific data sets, and once documented he will work with the IAO to see that they are properly restricted to the ACP (Access Control Program) active on the system.

(Note:  The data sets and/or data set prefixes identified below are examples of a possible installation.  The actual data sets and/or prefixes are determined when the product is actually installed on a system through the product’s installation guide and can be site specific.)

Data sets to be protected will be: 
SYS2.MICS.

The following commands are provided as a sample for implementing data set controls: 

$KEY(SYS2)
MICS.- UID(syspaudt) R(A) W(L) A(L) E(A)
MICS.- UID(tstcaudt) R(A) W(L) A(L) E(A)
MICS.- UID(micsadm) R(A) W(L) A(L) E(A)
MICS.- UID(audtaudt) R(A) E(A)
MICS.- UID(micsuser) R(A) E(A)
MICS.- UID(secaaudt) R(A) E(A)</fixtext><fix id="F-17179r3_fix" /><check system="C-100r3_chk"><check-content-ref name="M" href="DPMS_XCCDF_Benchmark_zOS CA MICS for ACF2 STIG.xml" /><check-content>Refer to the following report produced by the Data Set and Resource Data Collection:

-	SENSITVE.RPT(MICSRPT)

Automated Analysis
Refer to the following report produced by the Data Set and Resource Data Collection:

-	PDI(ZMIC0000)

Verify that the accesses to the CA MICS Resource Management installation data sets are properly restricted.  If the following guidance is true, this is not a finding.
 
___	The ACF2 data set access authorizations restrict READ access to all authorized users (e.g., auditors, security administrators, and MICS end users).

___	The ACF2 data set access authorizations restrict WRITE and/or greater access to systems programming personnel.

___	The ACF2 data set access authorizations restrict WRITE and/or greater access to MICS administrators.

___	The ACF2 data set access authorizations specify that all (i.e., failures and successes) WRITE and/or greater accesses are logged.</check-content></check></Rule></Group><Group id="V-21592"><title>ZB000002</title><description>&lt;GroupDescription&gt;&lt;/GroupDescription&gt;</description><Rule id="SV-50080r1_rule" severity="medium" weight="10.0"><version>ZMICA002</version><title>CA MICS Resource Management User data sets must be properly protected.</title><description>&lt;VulnDiscussion&gt;CA MICS Resource Management User data sets have the ability to use privileged functions and/or have access to sensitive data.  Failure to properly restrict access to these data sets could result in violating the integrity of the base product which could result in compromising the operating system or sensitive data.&lt;/VulnDiscussion&gt;&lt;FalsePositives&gt;&lt;/FalsePositives&gt;&lt;FalseNegatives&gt;&lt;/FalseNegatives&gt;&lt;Documentable&gt;false&lt;/Documentable&gt;&lt;Mitigations&gt;&lt;/Mitigations&gt;&lt;SeverityOverrideGuidance&gt;&lt;/SeverityOverrideGuidance&gt;&lt;PotentialImpacts&gt;&lt;/PotentialImpacts&gt;&lt;ThirdPartyTools&gt;&lt;/ThirdPartyTools&gt;&lt;MitigationControl&gt;&lt;/MitigationControl&gt;&lt;Responsibility&gt;Information Assurance Officer&lt;/Responsibility&gt;&lt;Responsibility&gt;Systems Programmer&lt;/Responsibility&gt;&lt;IAControls&gt;DCSL-1, ECAR-1, ECAR-2, ECCD-1, ECCD-2&lt;/IAControls&gt;</description><reference><dc:title>DPMS Target CA MICS Resource Management</dc:title><dc:publisher>DISA FSO</dc:publisher><dc:type>DPMS Target</dc:type><dc:subject>CA MICS Resource Management</dc:subject><dc:identifier>2500</dc:identifier></reference><ident system="http://iase.disa.mil/cci">CCI-001499</ident><fixtext fixref="F-43207r5_fix">The IAO will ensure WRITE and/or greater access to CA MICS Resource Management User data sets is limited to SMF Batch user(s), MICS Administrators, and systems programming personnel.  READ access can be given to all authorized users (e.g., auditors, security administrators, and MICS end users).

The installing Systems Programmer will identify and document the product data sets and categorize them according to who will have WRITE and/or greater access and, if required, that all WRITE and/or greater access is logged.  He will identify if any additional groups have WRITE and/or greater access for specific data sets, and once documented he will work with the IAO to see that they are properly restricted to the ACP (Access Control Program) active on the system.

(Note:  The data sets and/or data set prefixes identified below are examples of a possible installation.  The actual data sets and/or prefixes are determined when the product is actually installed on a system through the product’s installation guide and can be site specific.)

Data sets to be protected will be (additional data sets may be required):
SYS2.MICS.DATA.

The following commands are provided as a sample for implementing data set controls: 

$KEY(SYS2)
MICS.DATA.- UID(syspaudt) R(A) W(A) A(A) E(A)
MICS.DATA.- UID(tstcaudt) R(A) W(A) A(A) E(A)
MICS.DATA.- UID(micsadm) R(A) W(A) A(A) E(A)
MICS.DATA.- UID(smfbaudt) R(A) W(A) A(A) E(A)
MICS.DATA.- UID(audtaudt) R(A) E(A)
MICS.DATA.- UID(micsuser) R(A) E(A)
MICS.DATA.- UID(secaaudt) R(A) E(A)</fixtext><fix id="F-43207r5_fix" /><check system="C-45821r4_chk"><check-content-ref name="M" href="DPMS_XCCDF_Benchmark_zOS CA MICS for ACF2 STIG.xml" /><check-content>Refer to the following report produced by the Data Set and Resource Data Collection:

-	SENSITVE.RPT(MICSUSER)

Automated Analysis
Refer to the following report produced by the Data Set and Resource Data Collection:

-	PDI(ZMIC0002)

Verify that the accesses to the CA MICS Resource Management User data sets are properly restricted.  If the following guidance is true, this is not a finding.
 
___	The ACF2 data set access authorizations restrict READ access to all authorized users (e.g., auditors, security administrators, and MICS end users).

___	The ACF2 data set access authorizations restrict WRITE and/or greater access to systems programming personnel.

___	The ACF2 data set access authorizations restrict WRITE and/or greater access to SMF Batch user(s) and MICS Administrators.</check-content></check></Rule></Group></Benchmark>