<?xml version="1.0" encoding="utf-8"?><?xml-stylesheet type='text/xsl' href='STIG_unclass.xsl'?><Benchmark xmlns:dsig="http://www.w3.org/2000/09/xmldsig#" xmlns:xhtml="http://www.w3.org/1999/xhtml" xmlns:xsi="http://www.w3.org/2001/XMLSchema-instance" xmlns:cpe="http://cpe.mitre.org/language/2.0" xmlns:dc="http://purl.org/dc/elements/1.1/" id="Layer_2_Switch_SRG" xml:lang="en" xsi:schemaLocation="http://checklists.nist.gov/xccdf/1.1 http://nvd.nist.gov/schema/xccdf-1.1.4.xsd http://cpe.mitre.org/dictionary/2.0 http://cpe.mitre.org/files/cpe-dictionary_2.1.xsd" xmlns="http://checklists.nist.gov/xccdf/1.1"><status date="2015-11-09">accepted</status><title>Layer 2 Switch Security Requirements Guide</title><description>This Security Requirements Guide is published as a tool to improve the security of Department of Defense (DoD) information systems. The requirements are derived from the National Institute of Standards and Technology (NIST) 800-53 and related documents. Comments or proposed revisions to this document should be sent via e-mail to the following address: disa.stig_spt@mail.mil.</description><notice id="terms-of-use" xml:lang="en"></notice><reference href="http://iase.disa.mil"><dc:publisher>DISA</dc:publisher><dc:source>STIG.DOD.MIL</dc:source></reference><plain-text id="release-info">Release: 1 Benchmark Date: 30 Nov 2015</plain-text><version>1</version><Profile id="MAC-1_Classified"><title>I - Mission Critical Classified</title><description>&lt;ProfileDescription&gt;&lt;/ProfileDescription&gt;</description><select idref="V-62065" selected="true" /><select idref="V-62155" selected="true" /><select idref="V-62157" selected="true" /><select idref="V-62159" selected="true" /><select idref="V-62161" selected="true" /><select idref="V-62163" selected="true" /><select idref="V-62165" selected="true" /><select idref="V-62167" selected="true" /><select idref="V-62169" selected="true" /><select idref="V-62171" selected="true" /><select idref="V-62173" selected="true" /><select idref="V-62175" selected="true" /><select idref="V-62177" selected="true" /><select idref="V-62179" selected="true" /><select idref="V-62181" selected="true" /><select idref="V-62183" selected="true" /><select idref="V-62185" selected="true" /><select idref="V-62187" selected="true" /><select idref="V-62189" selected="true" /><select idref="V-62191" selected="true" /><select idref="V-62193" selected="true" /><select idref="V-62195" selected="true" /><select idref="V-62197" selected="true" /><select idref="V-62199" selected="true" /><select idref="V-62201" selected="true" /><select idref="V-62203" selected="true" /><select idref="V-62205" selected="true" /><select idref="V-62207" selected="true" /><select idref="V-62209" selected="true" /><select idref="V-62211" selected="true" /><select idref="V-62213" selected="true" /></Profile><Profile id="MAC-1_Public"><title>I - Mission Critical Public</title><description>&lt;ProfileDescription&gt;&lt;/ProfileDescription&gt;</description><select idref="V-62065" selected="true" /><select idref="V-62155" selected="true" /><select idref="V-62157" selected="true" /><select idref="V-62159" selected="true" /><select idref="V-62161" selected="true" /><select idref="V-62163" selected="true" /><select idref="V-62165" selected="true" /><select idref="V-62167" selected="true" /><select idref="V-62169" selected="true" /><select idref="V-62171" selected="true" /><select idref="V-62173" selected="true" /><select idref="V-62175" selected="true" /><select idref="V-62177" selected="true" /><select idref="V-62179" selected="true" /><select idref="V-62181" selected="true" /><select idref="V-62183" selected="true" /><select idref="V-62185" selected="true" /><select idref="V-62187" selected="true" /><select idref="V-62189" selected="true" /><select idref="V-62191" selected="true" /><select idref="V-62193" selected="true" /><select idref="V-62195" selected="true" /><select idref="V-62197" selected="true" /><select idref="V-62199" selected="true" /><select idref="V-62201" selected="true" /><select idref="V-62203" selected="true" /><select idref="V-62205" selected="true" /><select idref="V-62207" selected="true" /><select idref="V-62209" selected="true" /><select idref="V-62211" selected="true" /><select idref="V-62213" selected="true" /></Profile><Profile id="MAC-1_Sensitive"><title>I - Mission Critical Sensitive</title><description>&lt;ProfileDescription&gt;&lt;/ProfileDescription&gt;</description><select idref="V-62065" selected="true" /><select idref="V-62155" selected="true" /><select idref="V-62157" selected="true" /><select idref="V-62159" selected="true" /><select idref="V-62161" selected="true" /><select idref="V-62163" selected="true" /><select idref="V-62165" selected="true" /><select idref="V-62167" selected="true" /><select idref="V-62169" selected="true" /><select idref="V-62171" selected="true" /><select idref="V-62173" selected="true" /><select idref="V-62175" selected="true" /><select idref="V-62177" selected="true" /><select idref="V-62179" selected="true" /><select idref="V-62181" selected="true" /><select idref="V-62183" selected="true" /><select idref="V-62185" selected="true" /><select idref="V-62187" selected="true" /><select idref="V-62189" selected="true" /><select idref="V-62191" selected="true" /><select idref="V-62193" selected="true" /><select idref="V-62195" selected="true" /><select idref="V-62197" selected="true" /><select idref="V-62199" selected="true" /><select idref="V-62201" selected="true" /><select idref="V-62203" selected="true" /><select idref="V-62205" selected="true" /><select idref="V-62207" selected="true" /><select idref="V-62209" selected="true" /><select idref="V-62211" selected="true" /><select idref="V-62213" selected="true" /></Profile><Profile id="MAC-2_Classified"><title>II - Mission Support Classified</title><description>&lt;ProfileDescription&gt;&lt;/ProfileDescription&gt;</description><select idref="V-62065" selected="true" /><select idref="V-62155" selected="true" /><select idref="V-62157" selected="true" /><select idref="V-62159" selected="true" /><select idref="V-62161" selected="true" /><select idref="V-62163" selected="true" /><select idref="V-62165" selected="true" /><select idref="V-62167" selected="true" /><select idref="V-62169" selected="true" /><select idref="V-62171" selected="true" /><select idref="V-62173" selected="true" /><select idref="V-62175" selected="true" /><select idref="V-62177" selected="true" /><select idref="V-62179" selected="true" /><select idref="V-62181" selected="true" /><select idref="V-62183" selected="true" /><select idref="V-62185" selected="true" /><select idref="V-62187" selected="true" /><select idref="V-62189" selected="true" /><select idref="V-62191" selected="true" /><select idref="V-62193" selected="true" /><select idref="V-62195" selected="true" /><select idref="V-62197" selected="true" /><select idref="V-62199" selected="true" /><select idref="V-62201" selected="true" /><select idref="V-62203" selected="true" /><select idref="V-62205" selected="true" /><select idref="V-62207" selected="true" /><select idref="V-62209" selected="true" /><select idref="V-62211" selected="true" /><select idref="V-62213" selected="true" /></Profile><Profile id="MAC-2_Public"><title>II - Mission Support Public</title><description>&lt;ProfileDescription&gt;&lt;/ProfileDescription&gt;</description><select idref="V-62065" selected="true" /><select idref="V-62155" selected="true" /><select idref="V-62157" selected="true" /><select idref="V-62159" selected="true" /><select idref="V-62161" selected="true" /><select idref="V-62163" selected="true" /><select idref="V-62165" selected="true" /><select idref="V-62167" selected="true" /><select idref="V-62169" selected="true" /><select idref="V-62171" selected="true" /><select idref="V-62173" selected="true" /><select idref="V-62175" selected="true" /><select idref="V-62177" selected="true" /><select idref="V-62179" selected="true" /><select idref="V-62181" selected="true" /><select idref="V-62183" selected="true" /><select idref="V-62185" selected="true" /><select idref="V-62187" selected="true" /><select idref="V-62189" selected="true" /><select idref="V-62191" selected="true" /><select idref="V-62193" selected="true" /><select idref="V-62195" selected="true" /><select idref="V-62197" selected="true" /><select idref="V-62199" selected="true" /><select idref="V-62201" selected="true" /><select idref="V-62203" selected="true" /><select idref="V-62205" selected="true" /><select idref="V-62207" selected="true" /><select idref="V-62209" selected="true" /><select idref="V-62211" selected="true" /><select idref="V-62213" selected="true" /></Profile><Profile id="MAC-2_Sensitive"><title>II - Mission Support Sensitive</title><description>&lt;ProfileDescription&gt;&lt;/ProfileDescription&gt;</description><select idref="V-62065" selected="true" /><select idref="V-62155" selected="true" /><select idref="V-62157" selected="true" /><select idref="V-62159" selected="true" /><select idref="V-62161" selected="true" /><select idref="V-62163" selected="true" /><select idref="V-62165" selected="true" /><select idref="V-62167" selected="true" /><select idref="V-62169" selected="true" /><select idref="V-62171" selected="true" /><select idref="V-62173" selected="true" /><select idref="V-62175" selected="true" /><select idref="V-62177" selected="true" /><select idref="V-62179" selected="true" /><select idref="V-62181" selected="true" /><select idref="V-62183" selected="true" /><select idref="V-62185" selected="true" /><select idref="V-62187" selected="true" /><select idref="V-62189" selected="true" /><select idref="V-62191" selected="true" /><select idref="V-62193" selected="true" /><select idref="V-62195" selected="true" /><select idref="V-62197" selected="true" /><select idref="V-62199" selected="true" /><select idref="V-62201" selected="true" /><select idref="V-62203" selected="true" /><select idref="V-62205" selected="true" /><select idref="V-62207" selected="true" /><select idref="V-62209" selected="true" /><select idref="V-62211" selected="true" /><select idref="V-62213" selected="true" /></Profile><Profile id="MAC-3_Classified"><title>III - Administrative Classified</title><description>&lt;ProfileDescription&gt;&lt;/ProfileDescription&gt;</description><select idref="V-62065" selected="true" /><select idref="V-62155" selected="true" /><select idref="V-62157" selected="true" /><select idref="V-62159" selected="true" /><select idref="V-62161" selected="true" /><select idref="V-62163" selected="true" /><select idref="V-62165" selected="true" /><select idref="V-62167" selected="true" /><select idref="V-62169" selected="true" /><select idref="V-62171" selected="true" /><select idref="V-62173" selected="true" /><select idref="V-62175" selected="true" /><select idref="V-62177" selected="true" /><select idref="V-62179" selected="true" /><select idref="V-62181" selected="true" /><select idref="V-62183" selected="true" /><select idref="V-62185" selected="true" /><select idref="V-62187" selected="true" /><select idref="V-62189" selected="true" /><select idref="V-62191" selected="true" /><select idref="V-62193" selected="true" /><select idref="V-62195" selected="true" /><select idref="V-62197" selected="true" /><select idref="V-62199" selected="true" /><select idref="V-62201" selected="true" /><select idref="V-62203" selected="true" /><select idref="V-62205" selected="true" /><select idref="V-62207" selected="true" /><select idref="V-62209" selected="true" /><select idref="V-62211" selected="true" /><select idref="V-62213" selected="true" /></Profile><Profile id="MAC-3_Public"><title>III - Administrative Public</title><description>&lt;ProfileDescription&gt;&lt;/ProfileDescription&gt;</description><select idref="V-62065" selected="true" /><select idref="V-62155" selected="true" /><select idref="V-62157" selected="true" /><select idref="V-62159" selected="true" /><select idref="V-62161" selected="true" /><select idref="V-62163" selected="true" /><select idref="V-62165" selected="true" /><select idref="V-62167" selected="true" /><select idref="V-62169" selected="true" /><select idref="V-62171" selected="true" /><select idref="V-62173" selected="true" /><select idref="V-62175" selected="true" /><select idref="V-62177" selected="true" /><select idref="V-62179" selected="true" /><select idref="V-62181" selected="true" /><select idref="V-62183" selected="true" /><select idref="V-62185" selected="true" /><select idref="V-62187" selected="true" /><select idref="V-62189" selected="true" /><select idref="V-62191" selected="true" /><select idref="V-62193" selected="true" /><select idref="V-62195" selected="true" /><select idref="V-62197" selected="true" /><select idref="V-62199" selected="true" /><select idref="V-62201" selected="true" /><select idref="V-62203" selected="true" /><select idref="V-62205" selected="true" /><select idref="V-62207" selected="true" /><select idref="V-62209" selected="true" /><select idref="V-62211" selected="true" /><select idref="V-62213" selected="true" /></Profile><Profile id="MAC-3_Sensitive"><title>III - Administrative Sensitive</title><description>&lt;ProfileDescription&gt;&lt;/ProfileDescription&gt;</description><select idref="V-62065" selected="true" /><select idref="V-62155" selected="true" /><select idref="V-62157" selected="true" /><select idref="V-62159" selected="true" /><select idref="V-62161" selected="true" /><select idref="V-62163" selected="true" /><select idref="V-62165" selected="true" /><select idref="V-62167" selected="true" /><select idref="V-62169" selected="true" /><select idref="V-62171" selected="true" /><select idref="V-62173" selected="true" /><select idref="V-62175" selected="true" /><select idref="V-62177" selected="true" /><select idref="V-62179" selected="true" /><select idref="V-62181" selected="true" /><select idref="V-62183" selected="true" /><select idref="V-62185" selected="true" /><select idref="V-62187" selected="true" /><select idref="V-62189" selected="true" /><select idref="V-62191" selected="true" /><select idref="V-62193" selected="true" /><select idref="V-62195" selected="true" /><select idref="V-62197" selected="true" /><select idref="V-62199" selected="true" /><select idref="V-62201" selected="true" /><select idref="V-62203" selected="true" /><select idref="V-62205" selected="true" /><select idref="V-62207" selected="true" /><select idref="V-62209" selected="true" /><select idref="V-62211" selected="true" /><select idref="V-62213" selected="true" /></Profile><Group id="V-62065"><title>SRG-NET-000131</title><description>&lt;GroupDescription&gt;&lt;/GroupDescription&gt;</description><Rule id="SV-76555r1_rule" severity="medium" weight="10.0"><version>SRG-NET-000131-L2S-000014</version><title>The layer 2 switch must be configured to disable non-essential capabilities.</title><description>&lt;VulnDiscussion&gt;A compromised switch introduces risk to the entire network infrastructure as well as data resources that are accessible via the network. The perimeter defense has no oversight or control of attacks by malicious users within the network. Preventing network breaches from within is dependent on implementing a comprehensive defense-in-depth strategy, including securing each device connected to the network. This is accomplished by following and implementing all security guidance applicable for each node type. A fundamental step in securing each switch is to enable only the capabilities required for operation.&lt;/VulnDiscussion&gt;&lt;FalsePositives&gt;&lt;/FalsePositives&gt;&lt;FalseNegatives&gt;&lt;/FalseNegatives&gt;&lt;Documentable&gt;false&lt;/Documentable&gt;&lt;Mitigations&gt;&lt;/Mitigations&gt;&lt;SeverityOverrideGuidance&gt;&lt;/SeverityOverrideGuidance&gt;&lt;PotentialImpacts&gt;&lt;/PotentialImpacts&gt;&lt;ThirdPartyTools&gt;&lt;/ThirdPartyTools&gt;&lt;MitigationControl&gt;&lt;/MitigationControl&gt;&lt;Responsibility&gt;&lt;/Responsibility&gt;&lt;IAControls&gt;&lt;/IAControls&gt;</description><reference><dc:title>DPMS Target SRG-NET-L2S</dc:title><dc:publisher>DISA</dc:publisher><dc:type>DPMS Target</dc:type><dc:subject>SRG-NET-L2S</dc:subject><dc:identifier>2917</dc:identifier></reference><ident system="http://iase.disa.mil/cci">CCI-000381</ident><fixtext fixref="F-67985r1_fix">Remove unneeded services and functions from the switch. Removal is recommended since the service or function may be inadvertently enabled otherwise. However, if removal is not possible, disable the service or function.</fixtext><fix id="F-67985r1_fix" /><check system="C-62869r1_chk"><check-content-ref name="M" href="DPMS_XCCDF_Benchmark_Layer_2_Switch_SRG.xml" /><check-content>Review the switch configuration to determine if services or functions not required for operation, or not related to switch functionality, are enabled.

If unnecessary services and functions are enabled on the switch, this is a finding.</check-content></check></Rule></Group><Group id="V-62155"><title>SRG-NET-000148</title><description>&lt;GroupDescription&gt;&lt;/GroupDescription&gt;</description><Rule id="SV-76645r1_rule" severity="medium" weight="10.0"><version>SRG-NET-000148-L2S-000015</version><title>The layer 2 switch must uniquely identify all network-connected endpoint devices before establishing any connection.</title><description>&lt;VulnDiscussion&gt;Controlling LAN access via 802.1x authentication can assist in preventing a malicious user from connecting an unauthorized PC to a switch port to inject or receive data from the network without detection.&lt;/VulnDiscussion&gt;&lt;FalsePositives&gt;&lt;/FalsePositives&gt;&lt;FalseNegatives&gt;&lt;/FalseNegatives&gt;&lt;Documentable&gt;false&lt;/Documentable&gt;&lt;Mitigations&gt;&lt;/Mitigations&gt;&lt;SeverityOverrideGuidance&gt;&lt;/SeverityOverrideGuidance&gt;&lt;PotentialImpacts&gt;&lt;/PotentialImpacts&gt;&lt;ThirdPartyTools&gt;&lt;/ThirdPartyTools&gt;&lt;MitigationControl&gt;&lt;/MitigationControl&gt;&lt;Responsibility&gt;&lt;/Responsibility&gt;&lt;IAControls&gt;&lt;/IAControls&gt;</description><reference><dc:title>DPMS Target SRG-NET-L2S</dc:title><dc:publisher>DISA</dc:publisher><dc:type>DPMS Target</dc:type><dc:subject>SRG-NET-L2S</dc:subject><dc:identifier>2917</dc:identifier></reference><ident system="http://iase.disa.mil/cci">CCI-000778</ident><fixtext fixref="F-68075r1_fix">Configure 802.1 x authentications on all host-facing access switch ports. To authenticate those devices that do not support 802.1x, MAC Authentication Bypass must be configured.</fixtext><fix id="F-68075r1_fix" /><check system="C-62959r2_chk"><check-content-ref name="M" href="DPMS_XCCDF_Benchmark_Layer_2_Switch_SRG.xml" /><check-content>Verify if the switch configuration has 802.1x authentication implemented for all access switch ports connecting to LAN outlets (i.e., RJ-45 wall plates) or devices not located in the telecom room, wiring closets, or equipment rooms. MAC Authentication Bypass (MAB) must be configured on those switch ports connected to devices that do not provide an 802.1x supplicant.

If 802.1x authentication or MAB is not configured on all access switch ports connecting to LAN outlets or devices not located in the telecom room, wiring closets, or equipment rooms, this is a finding.</check-content></check></Rule></Group><Group id="V-62157"><title>SRG-NET-000151</title><description>&lt;GroupDescription&gt;&lt;/GroupDescription&gt;</description><Rule id="SV-76647r1_rule" severity="medium" weight="10.0"><version>SRG-NET-000151-L2S-000017</version><title>The layer 2 switch must authenticate all endpoint devices before establishing a network connection using bidirectional authentication that is cryptographically based.</title><description>&lt;VulnDiscussion&gt;Controlling LAN access via 802.1x authentication can assist in preventing a malicious user from connecting an unauthorized PC to a switch port to inject or receive data from the network without detection.&lt;/VulnDiscussion&gt;&lt;FalsePositives&gt;&lt;/FalsePositives&gt;&lt;FalseNegatives&gt;&lt;/FalseNegatives&gt;&lt;Documentable&gt;false&lt;/Documentable&gt;&lt;Mitigations&gt;&lt;/Mitigations&gt;&lt;SeverityOverrideGuidance&gt;&lt;/SeverityOverrideGuidance&gt;&lt;PotentialImpacts&gt;&lt;/PotentialImpacts&gt;&lt;ThirdPartyTools&gt;&lt;/ThirdPartyTools&gt;&lt;MitigationControl&gt;&lt;/MitigationControl&gt;&lt;Responsibility&gt;&lt;/Responsibility&gt;&lt;IAControls&gt;&lt;/IAControls&gt;</description><reference><dc:title>DPMS Target SRG-NET-L2S</dc:title><dc:publisher>DISA</dc:publisher><dc:type>DPMS Target</dc:type><dc:subject>SRG-NET-L2S</dc:subject><dc:identifier>2917</dc:identifier></reference><ident system="http://iase.disa.mil/cci">CCI-001967</ident><fixtext fixref="F-68077r1_fix">Configure the switch to implement 802.1.x using EAP-TLS or PEAP-MSCHAPv2. Both implementations will encapsulate the EAP packets within a TLS tunnel  and provide bidirectional authentication between supplicant and a RADIUS server.</fixtext><fix id="F-68077r1_fix" /><check system="C-62961r2_chk"><check-content-ref name="M" href="DPMS_XCCDF_Benchmark_Layer_2_Switch_SRG.xml" /><check-content>Review the switch configuration and verify that the 802.1x implementation is using bidirectional authentication between the supplicant and the authentication server that is cryptographically based such as EAP-TLS or PEAP-MSCHAPv2.

If the switch is not using bidirectional authentication between the supplicant and the authentication server that is cryptographically based, this is a finding.</check-content></check></Rule></Group><Group id="V-62159"><title>SRG-NET-000151</title><description>&lt;GroupDescription&gt;&lt;/GroupDescription&gt;</description><Rule id="SV-76649r1_rule" severity="medium" weight="10.0"><version>SRG-NET-000151-L2S-000018</version><title>The layer 2 switch must re-authenticate all endpoint devices every 60 minutes or less.</title><description>&lt;VulnDiscussion&gt;Eliminating unauthorized access to the network from inside the enclave is vital to keeping a network secure. Internal access to the private network is enabled by simply connecting a workstation or laptop to a wall plate or access point located in the work area.&lt;/VulnDiscussion&gt;&lt;FalsePositives&gt;&lt;/FalsePositives&gt;&lt;FalseNegatives&gt;&lt;/FalseNegatives&gt;&lt;Documentable&gt;false&lt;/Documentable&gt;&lt;Mitigations&gt;&lt;/Mitigations&gt;&lt;SeverityOverrideGuidance&gt;&lt;/SeverityOverrideGuidance&gt;&lt;PotentialImpacts&gt;&lt;/PotentialImpacts&gt;&lt;ThirdPartyTools&gt;&lt;/ThirdPartyTools&gt;&lt;MitigationControl&gt;&lt;/MitigationControl&gt;&lt;Responsibility&gt;&lt;/Responsibility&gt;&lt;IAControls&gt;&lt;/IAControls&gt;</description><reference><dc:title>DPMS Target SRG-NET-L2S</dc:title><dc:publisher>DISA</dc:publisher><dc:type>DPMS Target</dc:type><dc:subject>SRG-NET-L2S</dc:subject><dc:identifier>2917</dc:identifier></reference><ident system="http://iase.disa.mil/cci">CCI-001967</ident><fixtext fixref="F-68079r1_fix">Configure the 802.1x implementation on all host-facing access switch ports to enable re-authentication every 60 minutes or less.</fixtext><fix id="F-68079r1_fix" /><check system="C-62963r2_chk"><check-content-ref name="M" href="DPMS_XCCDF_Benchmark_Layer_2_Switch_SRG.xml" /><check-content>Review the configuration for all host-facing access switch ports and verify that re-authentication is specified to occur every 60 minutes or less.

If 802.1x re-authentication does not occur every 60 minutes or less, this is a finding.</check-content></check></Rule></Group><Group id="V-62161"><title>SRG-NET-000168</title><description>&lt;GroupDescription&gt;&lt;/GroupDescription&gt;</description><Rule id="SV-76651r1_rule" severity="medium" weight="10.0"><version>SRG-NET-000168-L2S-000019</version><title>The layer 2 switch must authenticate all VLAN Trunk Protocol (VTP) messages with a hash function using the most secured cryptographic algorithm available.</title><description>&lt;VulnDiscussion&gt;VLAN Trunk Protocol (VTP) provides central management of VLAN domains, thus reducing administration in a switched network. When configuring a new VLAN on a VTP server, the VLAN is distributed through all switches in the domain. This reduces the need to configure the same VLAN everywhere. VTP pruning preserves bandwidth by preventing VLAN traffic (unknown MAC, broadcast, multicast) from being sent down trunk links when not needed, that is, there are no access switch ports in neighboring switches belonging to such VLANs. An attack can force a digest change for the VTP domain enabling a rogue device to become the VTP server, which could allow unauthorized access to previously blocked VLANs or allow the addition of unauthorized switches into the domain. Authenticating VTP messages with a cryptographic hash function can reduce the risk of the VTP domain's being compromised.&lt;/VulnDiscussion&gt;&lt;FalsePositives&gt;&lt;/FalsePositives&gt;&lt;FalseNegatives&gt;&lt;/FalseNegatives&gt;&lt;Documentable&gt;false&lt;/Documentable&gt;&lt;Mitigations&gt;&lt;/Mitigations&gt;&lt;SeverityOverrideGuidance&gt;&lt;/SeverityOverrideGuidance&gt;&lt;PotentialImpacts&gt;&lt;/PotentialImpacts&gt;&lt;ThirdPartyTools&gt;&lt;/ThirdPartyTools&gt;&lt;MitigationControl&gt;&lt;/MitigationControl&gt;&lt;Responsibility&gt;&lt;/Responsibility&gt;&lt;IAControls&gt;&lt;/IAControls&gt;</description><reference><dc:title>DPMS Target SRG-NET-L2S</dc:title><dc:publisher>DISA</dc:publisher><dc:type>DPMS Target</dc:type><dc:subject>SRG-NET-L2S</dc:subject><dc:identifier>2917</dc:identifier></reference><ident system="http://iase.disa.mil/cci">CCI-000803</ident><fixtext fixref="F-68081r1_fix">Configure the switch to authenticate all VLAN Trunk Protocol (VTP) messages with a hash function using the most secured cryptographic algorithm available.</fixtext><fix id="F-68081r1_fix" /><check system="C-62965r2_chk"><check-content-ref name="M" href="DPMS_XCCDF_Benchmark_Layer_2_Switch_SRG.xml" /><check-content>Review the switch configuration to verify if VTP is enabled. If VTP is enabled, verify that authentication has been configured.

If VTP has been configured on the switch and is not authenticating VTP messages with a hash function using the most secured cryptographic algorithm available, this is a finding.</check-content></check></Rule></Group><Group id="V-62163"><title>SRG-NET-000193</title><description>&lt;GroupDescription&gt;&lt;/GroupDescription&gt;</description><Rule id="SV-76653r1_rule" severity="medium" weight="10.0"><version>SRG-NET-000193-L2S-000020</version><title>The layer 2 switch must manage excess bandwidth to limit the effects of packet flooding types of denial of service (DoS) attacks.</title><description>&lt;VulnDiscussion&gt;Denial of service is a condition when a resource is not available for legitimate users. Packet flooding DDoS attacks are referred to as volumetric attacks and have the objective of overloading a network or circuit to deny or seriously degrade performance, which denies access to the services that normally traverse the network or circuit. Volumetric attacks have become relatively easy to launch by using readily available tools such as Low Orbit Ion Cannon or by using botnets.

Measures to mitigate the effects of a successful volumetric attack must be taken to ensure that sufficient capacity is available for mission-critical traffic. Managing capacity may include, for example, establishing selected network usage priorities or quotas and enforcing them using rate limiting, Quality of Service (QoS), or other resource reservation control methods. These measures may also mitigate the effects of sudden decreases in network capacity that are the result of accidental or intentional physical damage to telecommunications facilities (such as cable cuts or weather-related outages).&lt;/VulnDiscussion&gt;&lt;FalsePositives&gt;&lt;/FalsePositives&gt;&lt;FalseNegatives&gt;&lt;/FalseNegatives&gt;&lt;Documentable&gt;false&lt;/Documentable&gt;&lt;Mitigations&gt;&lt;/Mitigations&gt;&lt;SeverityOverrideGuidance&gt;&lt;/SeverityOverrideGuidance&gt;&lt;PotentialImpacts&gt;&lt;/PotentialImpacts&gt;&lt;ThirdPartyTools&gt;&lt;/ThirdPartyTools&gt;&lt;MitigationControl&gt;&lt;/MitigationControl&gt;&lt;Responsibility&gt;&lt;/Responsibility&gt;&lt;IAControls&gt;&lt;/IAControls&gt;</description><reference><dc:title>DPMS Target SRG-NET-L2S</dc:title><dc:publisher>DISA</dc:publisher><dc:type>DPMS Target</dc:type><dc:subject>SRG-NET-L2S</dc:subject><dc:identifier>2917</dc:identifier></reference><ident system="http://iase.disa.mil/cci">CCI-001095</ident><fixtext fixref="F-68083r1_fix">Implement a QoS policy for traffic prioritization and bandwidth reservation. This policy must enforce the traffic priorities specified by the Combatant Commanders/Services/Agencies.</fixtext><fix id="F-68083r1_fix" /><check system="C-62967r2_chk"><check-content-ref name="M" href="DPMS_XCCDF_Benchmark_Layer_2_Switch_SRG.xml" /><check-content>Review the switch configuration to verify that QoS has been enabled to ensure that sufficient capacity is available for mission-critical traffic such as voice and enforce the traffic priorities specified by the Combatant Commanders/Services/Agencies.

If the switch is not configured to implement a QoS policy, this is a finding.</check-content></check></Rule></Group><Group id="V-62165"><title>SRG-NET-000235</title><description>&lt;GroupDescription&gt;&lt;/GroupDescription&gt;</description><Rule id="SV-76655r1_rule" severity="medium" weight="10.0"><version>SRG-NET-000235-L2S-000031</version><title>The layer 2 switch must fail to a secure state if system initialization fails, shutdown fails, or aborts fail.</title><description>&lt;VulnDiscussion&gt;Failure to a known safe state helps prevent systems from failing to a state that may cause loss of data or unauthorized access to system resources. Network elements that fail suddenly and with no incorporated failure state planning may leave the hosting system available but with a reduced security protection capability. Preserving information system state information also facilitates system restart and return to the operational mode of the organization with less disruption to mission-essential processes.

An example is a firewall that blocks all traffic rather than allowing all traffic when a firewall component fails (e.g., fail closed and do not forward traffic). This prevents an attacker from forcing a failure of the system in order to obtain access. Abort refers to stopping a program or function before it has finished naturally. The term abort refers to both requested and unexpected terminations.&lt;/VulnDiscussion&gt;&lt;FalsePositives&gt;&lt;/FalsePositives&gt;&lt;FalseNegatives&gt;&lt;/FalseNegatives&gt;&lt;Documentable&gt;false&lt;/Documentable&gt;&lt;Mitigations&gt;&lt;/Mitigations&gt;&lt;SeverityOverrideGuidance&gt;&lt;/SeverityOverrideGuidance&gt;&lt;PotentialImpacts&gt;&lt;/PotentialImpacts&gt;&lt;ThirdPartyTools&gt;&lt;/ThirdPartyTools&gt;&lt;MitigationControl&gt;&lt;/MitigationControl&gt;&lt;Responsibility&gt;&lt;/Responsibility&gt;&lt;IAControls&gt;&lt;/IAControls&gt;</description><reference><dc:title>DPMS Target SRG-NET-L2S</dc:title><dc:publisher>DISA</dc:publisher><dc:type>DPMS Target</dc:type><dc:subject>SRG-NET-L2S</dc:subject><dc:identifier>2917</dc:identifier></reference><ident system="http://iase.disa.mil/cci">CCI-001190</ident><fixtext fixref="F-68085r1_fix">Configure the layer 2 switch to fail to a secure state upon failure of initialization, shutdown, or abort actions.</fixtext><fix id="F-68085r1_fix" /><check system="C-62969r2_chk"><check-content-ref name="M" href="DPMS_XCCDF_Benchmark_Layer_2_Switch_SRG.xml" /><check-content>Review the vendor documentation to determine if the layer 2 switch will fail to a secure state in the event that the system initialization fails, shutdown fails, or abort fails.

If the layer 2 switch does not fail to a secure state in the event that the system initialization fails, shutdown fails, or abort fails, this is a finding.</check-content></check></Rule></Group><Group id="V-62167"><title>SRG-NET-000331</title><description>&lt;GroupDescription&gt;&lt;/GroupDescription&gt;</description><Rule id="SV-76657r1_rule" severity="medium" weight="10.0"><version>SRG-NET-000331-L2S-000001</version><title>The layer 2 switch must provide the capability for authorized users to select a user session to capture.</title><description>&lt;VulnDiscussion&gt;Without the capability to select a user session to capture/record or view/hear, investigations into suspicious or harmful events would be hampered by the volume of information captured. The volume of information captured may also adversely impact the operation for the network. Session audits may include port mirroring, tracking websites visited, and recording information and/or file transfers.&lt;/VulnDiscussion&gt;&lt;FalsePositives&gt;&lt;/FalsePositives&gt;&lt;FalseNegatives&gt;&lt;/FalseNegatives&gt;&lt;Documentable&gt;false&lt;/Documentable&gt;&lt;Mitigations&gt;&lt;/Mitigations&gt;&lt;SeverityOverrideGuidance&gt;&lt;/SeverityOverrideGuidance&gt;&lt;PotentialImpacts&gt;&lt;/PotentialImpacts&gt;&lt;ThirdPartyTools&gt;&lt;/ThirdPartyTools&gt;&lt;MitigationControl&gt;&lt;/MitigationControl&gt;&lt;Responsibility&gt;&lt;/Responsibility&gt;&lt;IAControls&gt;&lt;/IAControls&gt;</description><reference><dc:title>DPMS Target SRG-NET-L2S</dc:title><dc:publisher>DISA</dc:publisher><dc:type>DPMS Target</dc:type><dc:subject>SRG-NET-L2S</dc:subject><dc:identifier>2917</dc:identifier></reference><ident system="http://iase.disa.mil/cci">CCI-001919</ident><fixtext fixref="F-68087r1_fix">Enable the feature or configure the switch so that it is capable of capturing ingress and egress packets from any designated switch port for the purpose of monitoring a specific user session.</fixtext><fix id="F-68087r1_fix" /><check system="C-62971r1_chk"><check-content-ref name="M" href="DPMS_XCCDF_Benchmark_Layer_2_Switch_SRG.xml" /><check-content>Verify that the switch is capable of capturing ingress and egress packets from any designated switch port for the purpose of monitoring a specific user session.

If the switch is not capable of capturing ingress and egress packets from a designated switch port, this is a finding.</check-content></check></Rule></Group><Group id="V-62169"><title>SRG-NET-000332</title><description>&lt;GroupDescription&gt;&lt;/GroupDescription&gt;</description><Rule id="SV-76659r1_rule" severity="medium" weight="10.0"><version>SRG-NET-000332-L2S-000002</version><title>The layer 2 switch must provide the capability for authorized users to remotely view, in real time, all content related to an established user session from a component separate from the layer 2 switch.</title><description>&lt;VulnDiscussion&gt;Without the capability to remotely view/hear all content related to a user session, investigations into suspicious user activity would be hampered. Real-time monitoring allows authorized personnel to take action before additional damage is done. The ability to observe user sessions as they are happening allows for interceding in ongoing events that after-the-fact review of captured content would not allow.&lt;/VulnDiscussion&gt;&lt;FalsePositives&gt;&lt;/FalsePositives&gt;&lt;FalseNegatives&gt;&lt;/FalseNegatives&gt;&lt;Documentable&gt;false&lt;/Documentable&gt;&lt;Mitigations&gt;&lt;/Mitigations&gt;&lt;SeverityOverrideGuidance&gt;&lt;/SeverityOverrideGuidance&gt;&lt;PotentialImpacts&gt;&lt;/PotentialImpacts&gt;&lt;ThirdPartyTools&gt;&lt;/ThirdPartyTools&gt;&lt;MitigationControl&gt;&lt;/MitigationControl&gt;&lt;Responsibility&gt;&lt;/Responsibility&gt;&lt;IAControls&gt;&lt;/IAControls&gt;</description><reference><dc:title>DPMS Target SRG-NET-L2S</dc:title><dc:publisher>DISA</dc:publisher><dc:type>DPMS Target</dc:type><dc:subject>SRG-NET-L2S</dc:subject><dc:identifier>2917</dc:identifier></reference><ident system="http://iase.disa.mil/cci">CCI-001920</ident><fixtext fixref="F-68089r1_fix">Enable the feature or configure the switch so that it is capable of capturing ingress and egress packets from any designated switch port for the purpose of monitoring a specific user session.</fixtext><fix id="F-68089r1_fix" /><check system="C-62973r1_chk"><check-content-ref name="M" href="DPMS_XCCDF_Benchmark_Layer_2_Switch_SRG.xml" /><check-content>Verify that the switch is capable of capturing ingress and egress packets from any designated switch port for the purpose of remotely monitoring a specific user session.

If the switch is not capable of capturing ingress and egress packets from a designated switch port for the purpose of remotely monitoring a specific user session, this is a finding.</check-content></check></Rule></Group><Group id="V-62171"><title>SRG-NET-000343</title><description>&lt;GroupDescription&gt;&lt;/GroupDescription&gt;</description><Rule id="SV-76661r1_rule" severity="medium" weight="10.0"><version>SRG-NET-000343-L2S-000016</version><title>The layer 2 switch must authenticate all network-connected endpoint devices before establishing any connection.</title><description>&lt;VulnDiscussion&gt;Without authenticating devices, unidentified or unknown devices may be introduced, thereby facilitating malicious activity.

For distributed architectures (e.g., service-oriented architectures), the decisions regarding the validation of authentication claims may be made by services separate from the services acting on those decisions. In such situations, it is necessary to provide authentication decisions (as opposed to the actual authenticators) to the services that need to act on those decisions.

This requirement applies to applications that connect either locally, remotely, or through a network to an endpoint device (including, but not limited to, workstations, printers, servers (outside a datacenter), VoIP Phones, and VTC CODECs). Gateways and SOA applications are examples of where this requirement would apply.

Device authentication is a solution enabling an organization to manage devices. It is an additional layer of authentication ensuring only specific pre-authorized devices can access the system.&lt;/VulnDiscussion&gt;&lt;FalsePositives&gt;&lt;/FalsePositives&gt;&lt;FalseNegatives&gt;&lt;/FalseNegatives&gt;&lt;Documentable&gt;false&lt;/Documentable&gt;&lt;Mitigations&gt;&lt;/Mitigations&gt;&lt;SeverityOverrideGuidance&gt;&lt;/SeverityOverrideGuidance&gt;&lt;PotentialImpacts&gt;&lt;/PotentialImpacts&gt;&lt;ThirdPartyTools&gt;&lt;/ThirdPartyTools&gt;&lt;MitigationControl&gt;&lt;/MitigationControl&gt;&lt;Responsibility&gt;&lt;/Responsibility&gt;&lt;IAControls&gt;&lt;/IAControls&gt;</description><reference><dc:title>DPMS Target SRG-NET-L2S</dc:title><dc:publisher>DISA</dc:publisher><dc:type>DPMS Target</dc:type><dc:subject>SRG-NET-L2S</dc:subject><dc:identifier>2917</dc:identifier></reference><ident system="http://iase.disa.mil/cci">CCI-001958</ident><fixtext fixref="F-68091r1_fix">Configure 802.1 x authentications on all host-facing access switch ports. To authenticate those devices that do not support 802.1x, MAC Authentication Bypass must be configured.</fixtext><fix id="F-68091r1_fix" /><check system="C-62975r2_chk"><check-content-ref name="M" href="DPMS_XCCDF_Benchmark_Layer_2_Switch_SRG.xml" /><check-content>Verify if the switch configuration has 802.1x authentication implemented for all access switch ports connecting to LAN outlets (i.e., RJ-45 wall plates) or devices not located in the telecom room, wiring closets, or equipment rooms. MAC Authentication Bypass (MAB) must be configured on those switch ports connected to devices that do not provide an 802.1x supplicant.

If 802.1x authentication or MAB is not on configured on all access switch ports connecting to LAN outlets or devices not located in the telecom room, wiring closets, or equipment rooms, this is a finding.</check-content></check></Rule></Group><Group id="V-62173"><title>SRG-NET-000362</title><description>&lt;GroupDescription&gt;&lt;/GroupDescription&gt;</description><Rule id="SV-76663r1_rule" severity="medium" weight="10.0"><version>SRG-NET-000362-L2S-000021</version><title>The layer 2 switch must have Root Guard enabled on all ports where the root bridge should not appear.</title><description>&lt;VulnDiscussion&gt;Spanning Tree Protocol (STP) does not provide any means for the network administrator to securely enforce the topology of the switched network. Any switch can be the root bridge in a network. However, a more optimal forwarding topology places the root bridge at a specific predetermined location. With the standard STP, any bridge in the network with a lower bridge ID takes the role of the root bridge. The administrator cannot enforce the position of the root bridge but can set the root bridge priority to 0 in an effort to secure the root bridge position.

The root guard feature provides a way to enforce the root bridge placement in the network. If the bridge receives superior STP Bridge Protocol Data Units (BPDUs) on a root guard-enabled port, root guard moves this port to a root-inconsistent STP state and no traffic can be forwarded across this port while it is in this state. To enforce the position of the root bridge it is imperative that root guard is enabled on all ports where the root bridge should never appear.&lt;/VulnDiscussion&gt;&lt;FalsePositives&gt;&lt;/FalsePositives&gt;&lt;FalseNegatives&gt;&lt;/FalseNegatives&gt;&lt;Documentable&gt;false&lt;/Documentable&gt;&lt;Mitigations&gt;&lt;/Mitigations&gt;&lt;SeverityOverrideGuidance&gt;&lt;/SeverityOverrideGuidance&gt;&lt;PotentialImpacts&gt;&lt;/PotentialImpacts&gt;&lt;ThirdPartyTools&gt;&lt;/ThirdPartyTools&gt;&lt;MitigationControl&gt;&lt;/MitigationControl&gt;&lt;Responsibility&gt;&lt;/Responsibility&gt;&lt;IAControls&gt;&lt;/IAControls&gt;</description><reference><dc:title>DPMS Target SRG-NET-L2S</dc:title><dc:publisher>DISA</dc:publisher><dc:type>DPMS Target</dc:type><dc:subject>SRG-NET-L2S</dc:subject><dc:identifier>2917</dc:identifier></reference><ident system="http://iase.disa.mil/cci">CCI-002385</ident><fixtext fixref="F-68093r1_fix">Configure the switch to have Root Guard enabled on all ports where the root bridge should not appear.</fixtext><fix id="F-68093r1_fix" /><check system="C-62977r2_chk"><check-content-ref name="M" href="DPMS_XCCDF_Benchmark_Layer_2_Switch_SRG.xml" /><check-content>Review the switch topology as well as the configuration to verify that root guard is enabled on switch ports facing users or switches that are downstream from the root bridge.

If the switch has not enabled Root Guard on all ports where the root bridge should not appear, this is a finding.</check-content></check></Rule></Group><Group id="V-62175"><title>SRG-NET-000362</title><description>&lt;GroupDescription&gt;&lt;/GroupDescription&gt;</description><Rule id="SV-76665r1_rule" severity="medium" weight="10.0"><version>SRG-NET-000362-L2S-000022</version><title>The layer 2 switch must have BPDU Guard enabled on all user-facing or untrusted access switch ports.</title><description>&lt;VulnDiscussion&gt;If a rogue switch is introduced into the topology and transmits a Bridge Protocol Data Unit (BPDU) with a lower bridge priority than the existing root bridge, it will become the new root bridge and cause a topology change, rendering the network in a suboptimal state. The STP PortFast BPDU guard enhancement allows network designers to enforce the STP domain borders and keep the active topology predictable. The devices behind the ports that have STP PortFast enabled are not able to influence the STP topology. At the reception of BPDUs, the BPDU guard operation disables the port that has PortFast configured. The BPDU guard transitions the port into errdisable state and sends a log message.&lt;/VulnDiscussion&gt;&lt;FalsePositives&gt;&lt;/FalsePositives&gt;&lt;FalseNegatives&gt;&lt;/FalseNegatives&gt;&lt;Documentable&gt;false&lt;/Documentable&gt;&lt;Mitigations&gt;&lt;/Mitigations&gt;&lt;SeverityOverrideGuidance&gt;&lt;/SeverityOverrideGuidance&gt;&lt;PotentialImpacts&gt;&lt;/PotentialImpacts&gt;&lt;ThirdPartyTools&gt;&lt;/ThirdPartyTools&gt;&lt;MitigationControl&gt;&lt;/MitigationControl&gt;&lt;Responsibility&gt;&lt;/Responsibility&gt;&lt;IAControls&gt;&lt;/IAControls&gt;</description><reference><dc:title>DPMS Target SRG-NET-L2S</dc:title><dc:publisher>DISA</dc:publisher><dc:type>DPMS Target</dc:type><dc:subject>SRG-NET-L2S</dc:subject><dc:identifier>2917</dc:identifier></reference><ident system="http://iase.disa.mil/cci">CCI-002385</ident><fixtext fixref="F-68095r1_fix">Configure the switch to have BPDU Guard enabled on all user-facing or untrusted access switch ports.</fixtext><fix id="F-68095r1_fix" /><check system="C-62979r2_chk"><check-content-ref name="M" href="DPMS_XCCDF_Benchmark_Layer_2_Switch_SRG.xml" /><check-content>Review the switch configuration to verify that BPDU Guard is enabled on all user-facing or untrusted access switch ports.

If the switch has not enabled BPDU Guard, this is a finding.</check-content></check></Rule></Group><Group id="V-62177"><title>SRG-NET-000362</title><description>&lt;GroupDescription&gt;&lt;/GroupDescription&gt;</description><Rule id="SV-76667r1_rule" severity="medium" weight="10.0"><version>SRG-NET-000362-L2S-000023</version><title>The layer 2 switch must have STP Loop Guard enabled on all non-designated STP switch ports.</title><description>&lt;VulnDiscussion&gt;The Spanning Tree Protocol (STP) loop guard feature provides additional protection against STP loops. An STP loop is created when an STP blocking port in a redundant topology erroneously transitions to the forwarding state. In its operation, STP relies on continuous reception and transmission of BPDUs based on the port role. The designated port transmits BPDUs, and the non-designated port receives BPDUs. When one of the ports in a physically redundant topology no longer receives BPDUs, the STP conceives that the topology is loop free. Eventually, the blocking port from the alternate or backup port becomes a designated port and moves to a forwarding state. This situation creates a loop. The loop guard feature makes additional checks. If BPDUs are not received on a non-designated port and loop guard is enabled, that port is moved into the STP loop-inconsistent blocking state.&lt;/VulnDiscussion&gt;&lt;FalsePositives&gt;&lt;/FalsePositives&gt;&lt;FalseNegatives&gt;&lt;/FalseNegatives&gt;&lt;Documentable&gt;false&lt;/Documentable&gt;&lt;Mitigations&gt;&lt;/Mitigations&gt;&lt;SeverityOverrideGuidance&gt;&lt;/SeverityOverrideGuidance&gt;&lt;PotentialImpacts&gt;&lt;/PotentialImpacts&gt;&lt;ThirdPartyTools&gt;&lt;/ThirdPartyTools&gt;&lt;MitigationControl&gt;&lt;/MitigationControl&gt;&lt;Responsibility&gt;&lt;/Responsibility&gt;&lt;IAControls&gt;&lt;/IAControls&gt;</description><reference><dc:title>DPMS Target SRG-NET-L2S</dc:title><dc:publisher>DISA</dc:publisher><dc:type>DPMS Target</dc:type><dc:subject>SRG-NET-L2S</dc:subject><dc:identifier>2917</dc:identifier></reference><ident system="http://iase.disa.mil/cci">CCI-002385</ident><fixtext fixref="F-68097r1_fix">Configure the switch to have STP Loop Guard enabled globally or at a minimum on all non-designated STP switch ports.</fixtext><fix id="F-68097r1_fix" /><check system="C-62981r2_chk"><check-content-ref name="M" href="DPMS_XCCDF_Benchmark_Layer_2_Switch_SRG.xml" /><check-content>Review the switch configuration to verify that STP Loop Guard is enabled.

If STP Loop Guard is not configured globally or on non-designated STP ports, this is a finding.</check-content></check></Rule></Group><Group id="V-62179"><title>SRG-NET-000362</title><description>&lt;GroupDescription&gt;&lt;/GroupDescription&gt;</description><Rule id="SV-76669r1_rule" severity="medium" weight="10.0"><version>SRG-NET-000362-L2S-000024</version><title>The layer 2 switch must have Unknown Unicast Flood Blocking (UUFB) enabled.</title><description>&lt;VulnDiscussion&gt;Access layer switches use the Content Addressable Memory (CAM) table to direct traffic to specific ports based on the VLAN number and the destination MAC address of the frame. When a router has an Address Resolution Protocol (ARP) entry for a destination host and forwards it to the access layer switch and there is no entry corresponding to the frame's destination MAC address in the incoming VLAN, the frame will be sent to all forwarding ports within the respective VLAN, which causes flooding. Large amounts of flooded traffic can saturate low-bandwidth links, causing network performance issues or complete connectivity outage to the connected devices. Unknown unicast flooding has been a nagging problem in networks that have asymmetric routing and default timers. To mitigate the risk of a connectivity outage, the Unknown Unicast Flood Blocking (UUFB) feature must be implemented on all access layer switches. The UUFB feature will block unknown unicast traffic flooding and only permit egress traffic with MAC addresses that are known to exit on the port.&lt;/VulnDiscussion&gt;&lt;FalsePositives&gt;&lt;/FalsePositives&gt;&lt;FalseNegatives&gt;&lt;/FalseNegatives&gt;&lt;Documentable&gt;false&lt;/Documentable&gt;&lt;Mitigations&gt;&lt;/Mitigations&gt;&lt;SeverityOverrideGuidance&gt;&lt;/SeverityOverrideGuidance&gt;&lt;PotentialImpacts&gt;&lt;/PotentialImpacts&gt;&lt;ThirdPartyTools&gt;&lt;/ThirdPartyTools&gt;&lt;MitigationControl&gt;&lt;/MitigationControl&gt;&lt;Responsibility&gt;&lt;/Responsibility&gt;&lt;IAControls&gt;&lt;/IAControls&gt;</description><reference><dc:title>DPMS Target SRG-NET-L2S</dc:title><dc:publisher>DISA</dc:publisher><dc:type>DPMS Target</dc:type><dc:subject>SRG-NET-L2S</dc:subject><dc:identifier>2917</dc:identifier></reference><ident system="http://iase.disa.mil/cci">CCI-002385</ident><fixtext fixref="F-68099r1_fix">Configure the switch to have Unknown Unicast Flood Blocking (UUFB) enabled.</fixtext><fix id="F-68099r1_fix" /><check system="C-62983r2_chk"><check-content-ref name="M" href="DPMS_XCCDF_Benchmark_Layer_2_Switch_SRG.xml" /><check-content>Review the switch configuration to verify that UUFB is enabled on all access switch ports.

If any access switch ports do not have UUFB enabled, this is a finding.</check-content></check></Rule></Group><Group id="V-62181"><title>SRG-NET-000362</title><description>&lt;GroupDescription&gt;&lt;/GroupDescription&gt;</description><Rule id="SV-76671r1_rule" severity="medium" weight="10.0"><version>SRG-NET-000362-L2S-000025</version><title>The layer 2 switch must have DHCP snooping for all user VLANs to validate DHCP messages from untrusted sources as well as rate-limit DHCP traffic.</title><description>&lt;VulnDiscussion&gt;In an enterprise network, devices under administrative control are trusted sources. These devices include the switches, routers, and servers in the network. Host ports and unknown DHCP servers are considered untrusted sources. An unknown DHCP server on the network on an untrusted port is called a spurious DHCP server, any device (PC, Wireless Access Point) that is loaded with DHCP server enabled. The DHCP snooping feature determines whether traffic sources are trusted or untrusted. The potential exists for a spurious DHCP server to respond to DHCPDISCOVER messages before the real server has time to respond. DHCP snooping allows switches on the network to trust the port a DHCP server is connected to and not trust the other ports.

The DHCP snooping feature validates DHCP messages received from untrusted sources and filters out invalid messages as well as rate-limits DHCP traffic from trusted and untrusted sources. DHCP snooping feature builds and maintains a binding database, which contains information about untrusted hosts with leased IP addresses, and it utilizes the database to validate subsequent requests from untrusted hosts. Other security features, such as IP Source Guard and Dynamic Address Resolution Protocol (ARP) Inspection (DAI), also use information stored in the DHCP snooping binding database. Hence, it is imperative that the DHCP snooping feature is enabled on all VLANs.&lt;/VulnDiscussion&gt;&lt;FalsePositives&gt;&lt;/FalsePositives&gt;&lt;FalseNegatives&gt;&lt;/FalseNegatives&gt;&lt;Documentable&gt;false&lt;/Documentable&gt;&lt;Mitigations&gt;&lt;/Mitigations&gt;&lt;SeverityOverrideGuidance&gt;&lt;/SeverityOverrideGuidance&gt;&lt;PotentialImpacts&gt;&lt;/PotentialImpacts&gt;&lt;ThirdPartyTools&gt;&lt;/ThirdPartyTools&gt;&lt;MitigationControl&gt;&lt;/MitigationControl&gt;&lt;Responsibility&gt;&lt;/Responsibility&gt;&lt;IAControls&gt;&lt;/IAControls&gt;</description><reference><dc:title>DPMS Target SRG-NET-L2S</dc:title><dc:publisher>DISA</dc:publisher><dc:type>DPMS Target</dc:type><dc:subject>SRG-NET-L2S</dc:subject><dc:identifier>2917</dc:identifier></reference><ident system="http://iase.disa.mil/cci">CCI-002385</ident><fixtext fixref="F-68101r1_fix">Configure the switch to have DHCP snooping for all user VLANs to validate DHCP messages from untrusted sources as well as rate-limit DHCP traffic.</fixtext><fix id="F-68101r1_fix" /><check system="C-62985r2_chk"><check-content-ref name="M" href="DPMS_XCCDF_Benchmark_Layer_2_Switch_SRG.xml" /><check-content>Review the switch configuration and verify that DHCP snooping is enabled on a per-VLAN basis.

If the switch does not have DHCP snooping enabled for all user VLANs to validate DHCP messages from untrusted sources as well as rate-limit DHCP traffic, this is a finding.

Note: Enabling DHCP snooping on a range of VLANs is permissible.</check-content></check></Rule></Group><Group id="V-62183"><title>SRG-NET-000362</title><description>&lt;GroupDescription&gt;&lt;/GroupDescription&gt;</description><Rule id="SV-76673r1_rule" severity="medium" weight="10.0"><version>SRG-NET-000362-L2S-000026</version><title>The layer 2 switch must have IP Source Guard enabled on all user-facing or untrusted access switch ports.</title><description>&lt;VulnDiscussion&gt;IP Source Guard provides source IP address filtering on a Layer 2 port to prevent a malicious host from impersonating a legitimate host by assuming the legitimate host's IP address. The feature uses dynamic DHCP snooping and static IP source binding to match IP addresses to hosts on untrusted Layer 2 access ports. Initially, all IP traffic on the protected port is blocked except for DHCP packets. After a client receives an IP address from the DHCP server, or after static IP source binding is configured by the administrator, all traffic with that IP source address is permitted from that client. Traffic from other hosts is denied. This filtering limits a host's ability to attack the network by claiming a neighbor host's IP address.&lt;/VulnDiscussion&gt;&lt;FalsePositives&gt;&lt;/FalsePositives&gt;&lt;FalseNegatives&gt;&lt;/FalseNegatives&gt;&lt;Documentable&gt;false&lt;/Documentable&gt;&lt;Mitigations&gt;&lt;/Mitigations&gt;&lt;SeverityOverrideGuidance&gt;&lt;/SeverityOverrideGuidance&gt;&lt;PotentialImpacts&gt;&lt;/PotentialImpacts&gt;&lt;ThirdPartyTools&gt;&lt;/ThirdPartyTools&gt;&lt;MitigationControl&gt;&lt;/MitigationControl&gt;&lt;Responsibility&gt;&lt;/Responsibility&gt;&lt;IAControls&gt;&lt;/IAControls&gt;</description><reference><dc:title>DPMS Target SRG-NET-L2S</dc:title><dc:publisher>DISA</dc:publisher><dc:type>DPMS Target</dc:type><dc:subject>SRG-NET-L2S</dc:subject><dc:identifier>2917</dc:identifier></reference><ident system="http://iase.disa.mil/cci">CCI-002385</ident><fixtext fixref="F-68103r1_fix">Configure the switch to have IP Source Guard enabled on all user-facing or untrusted access switch ports.</fixtext><fix id="F-68103r1_fix" /><check system="C-62987r2_chk"><check-content-ref name="M" href="DPMS_XCCDF_Benchmark_Layer_2_Switch_SRG.xml" /><check-content>Review the switch configuration to verify that IP Source Guard is enabled on all user-facing or untrusted access switch ports.

If the switch does not have IP Source Guard enabled on all untrusted access switch ports, this is a finding.</check-content></check></Rule></Group><Group id="V-62185"><title>SRG-NET-000362</title><description>&lt;GroupDescription&gt;&lt;/GroupDescription&gt;</description><Rule id="SV-76675r1_rule" severity="medium" weight="10.0"><version>SRG-NET-000362-L2S-000027</version><title>The layer 2 switch must have Dynamic Address Resolution Protocol (ARP) Inspection (DAI) enabled on all user VLANs.</title><description>&lt;VulnDiscussion&gt;DAI intercepts Address Resolution Protocol (ARP) requests and verifies that each of these packets has a valid IP-to-MAC address binding before updating the local ARP cache and before forwarding the packet to the appropriate destination. Invalid ARP packets are dropped and logged. DAI determines the validity of an ARP packet based on valid IP-to-MAC address bindings stored in the DHCP snooping binding database. If the ARP packet is received on a trusted interface, the switch forwards the packet without any checks. On untrusted interfaces, the switch forwards the packet only if it is valid.&lt;/VulnDiscussion&gt;&lt;FalsePositives&gt;&lt;/FalsePositives&gt;&lt;FalseNegatives&gt;&lt;/FalseNegatives&gt;&lt;Documentable&gt;false&lt;/Documentable&gt;&lt;Mitigations&gt;&lt;/Mitigations&gt;&lt;SeverityOverrideGuidance&gt;&lt;/SeverityOverrideGuidance&gt;&lt;PotentialImpacts&gt;&lt;/PotentialImpacts&gt;&lt;ThirdPartyTools&gt;&lt;/ThirdPartyTools&gt;&lt;MitigationControl&gt;&lt;/MitigationControl&gt;&lt;Responsibility&gt;&lt;/Responsibility&gt;&lt;IAControls&gt;&lt;/IAControls&gt;</description><reference><dc:title>DPMS Target SRG-NET-L2S</dc:title><dc:publisher>DISA</dc:publisher><dc:type>DPMS Target</dc:type><dc:subject>SRG-NET-L2S</dc:subject><dc:identifier>2917</dc:identifier></reference><ident system="http://iase.disa.mil/cci">CCI-002385</ident><fixtext fixref="F-68105r1_fix">Configure the switch to have Dynamic Address Resolution Protocol (ARP) Inspection (DAI) enabled on all user VLANs.</fixtext><fix id="F-68105r1_fix" /><check system="C-62989r2_chk"><check-content-ref name="M" href="DPMS_XCCDF_Benchmark_Layer_2_Switch_SRG.xml" /><check-content>Review the switch configuration to verify that Dynamic Address Resolution Protocol (ARP) Inspection (DAI) feature is enabled on all user VLANs.

If DAI is not enabled on all user VLANs, this is a finding.</check-content></check></Rule></Group><Group id="V-62187"><title>SRG-NET-000371</title><description>&lt;GroupDescription&gt;&lt;/GroupDescription&gt;</description><Rule id="SV-76677r1_rule" severity="medium" weight="10.0"><version>SRG-NET-000371-L2S-000028</version><title>The layer 2 switch must protect  the confidentiality and integrity of information during preparation,  transmission, and reception.</title><description>&lt;VulnDiscussion&gt;Information can be either unintentionally or maliciously disclosed or modified during preparation for transmission, for example, during aggregation, at protocol transformation points, and during packing/unpacking. These unauthorized disclosures or modifications compromise the confidentiality or integrity of the information. Encrypting information for transmission protects information from unauthorized disclosure and modification. Cryptographic mechanisms such as Media Access Control Security (MACsec) implemented to protect information integrity include cryptographic hash functions that have common application in digital signatures, checksums, and message authentication codes. Use of this requirement will be limited to situations where the data owner has a strict requirement for ensuring data integrity and confidentiality is maintained at every step of the data transfer and handling process.&lt;/VulnDiscussion&gt;&lt;FalsePositives&gt;&lt;/FalsePositives&gt;&lt;FalseNegatives&gt;&lt;/FalseNegatives&gt;&lt;Documentable&gt;false&lt;/Documentable&gt;&lt;Mitigations&gt;&lt;/Mitigations&gt;&lt;SeverityOverrideGuidance&gt;&lt;/SeverityOverrideGuidance&gt;&lt;PotentialImpacts&gt;&lt;/PotentialImpacts&gt;&lt;ThirdPartyTools&gt;&lt;/ThirdPartyTools&gt;&lt;MitigationControl&gt;&lt;/MitigationControl&gt;&lt;Responsibility&gt;&lt;/Responsibility&gt;&lt;IAControls&gt;&lt;/IAControls&gt;</description><reference><dc:title>DPMS Target SRG-NET-L2S</dc:title><dc:publisher>DISA</dc:publisher><dc:type>DPMS Target</dc:type><dc:subject>SRG-NET-L2S</dc:subject><dc:identifier>2917</dc:identifier></reference><ident system="http://iase.disa.mil/cci">CCI-002418</ident><ident system="http://iase.disa.mil/cci">CCI-002420</ident><ident system="http://iase.disa.mil/cci">CCI-002422</ident><fixtext fixref="F-68107r1_fix">Configure MACsec on all host-facing and downstream switch ports.</fixtext><fix id="F-68107r1_fix" /><check system="C-62991r2_chk"><check-content-ref name="M" href="DPMS_XCCDF_Benchmark_Layer_2_Switch_SRG.xml" /><check-content>Review the switch configuration and verify that Media Access Control Security (MACsec) has been configured on all host-facing and downstream switch ports.

If MACsec has not been configured on all host-facing and downstream switch ports, this is a finding.</check-content></check></Rule></Group><Group id="V-62189"><title>SRG-NET-000372</title><description>&lt;GroupDescription&gt;&lt;/GroupDescription&gt;</description><Rule id="SV-76679r1_rule" severity="medium" weight="10.0"><version>SRG-NET-000372-L2S-000029</version><title>The layer 2 switch must implement cryptographic mechanisms to prevent unauthorized disclosure of information and detect changes to information during transmission.</title><description>&lt;VulnDiscussion&gt;Encrypting information for transmission protects information from unauthorized disclosure and modification. Cryptographic mechanisms such as Media Access Control Security (MACsec) implemented to protect information integrity include cryptographic hash functions that have common application in digital signatures, checksums, and message authentication codes. Use of this requirement will be limited to situations where the data owner has a strict requirement for ensuring data integrity and confidentiality is maintained at every step of the data transfer and handling process.&lt;/VulnDiscussion&gt;&lt;FalsePositives&gt;&lt;/FalsePositives&gt;&lt;FalseNegatives&gt;&lt;/FalseNegatives&gt;&lt;Documentable&gt;false&lt;/Documentable&gt;&lt;Mitigations&gt;&lt;/Mitigations&gt;&lt;SeverityOverrideGuidance&gt;&lt;/SeverityOverrideGuidance&gt;&lt;PotentialImpacts&gt;&lt;/PotentialImpacts&gt;&lt;ThirdPartyTools&gt;&lt;/ThirdPartyTools&gt;&lt;MitigationControl&gt;&lt;/MitigationControl&gt;&lt;Responsibility&gt;&lt;/Responsibility&gt;&lt;IAControls&gt;&lt;/IAControls&gt;</description><reference><dc:title>DPMS Target SRG-NET-L2S</dc:title><dc:publisher>DISA</dc:publisher><dc:type>DPMS Target</dc:type><dc:subject>SRG-NET-L2S</dc:subject><dc:identifier>2917</dc:identifier></reference><ident system="http://iase.disa.mil/cci">CCI-002421</ident><fixtext fixref="F-68109r1_fix">Configure MACsec on all host-facing and downstream switch ports.</fixtext><fix id="F-68109r1_fix" /><check system="C-62993r2_chk"><check-content-ref name="M" href="DPMS_XCCDF_Benchmark_Layer_2_Switch_SRG.xml" /><check-content>Review the switch configuration and verify that Media Access Control Security (MACsec) has been configured on all host-facing and downstream switch ports.

If MACsec has not been configured on all host-facing and downstream switch ports, this is a finding.</check-content></check></Rule></Group><Group id="V-62191"><title>SRG-NET-000510</title><description>&lt;GroupDescription&gt;&lt;/GroupDescription&gt;</description><Rule id="SV-76681r1_rule" severity="medium" weight="10.0"><version>SRG-NET-000510-L2S-000030</version><title>The layer 2 switch must implement NIST FIPS-validated cryptography to protect unclassified information requiring confidentiality and cryptographic protection in accordance with applicable federal laws, Executive Orders, directives, policies, regulations, and standards.</title><description>&lt;VulnDiscussion&gt;Information can be either unintentionally or maliciously disclosed or modified during preparation for transmission, for example, during aggregation, at protocol transformation points, and during packing/unpacking. These unauthorized disclosures or modifications compromise the confidentiality or integrity of the information. Encrypting information for transmission protects information from unauthorized disclosure and modification. Cryptographic mechanisms such as Media Access Control Security (MACsec) implemented to protect information integrity include cryptographic hash functions that have common application in digital signatures, checksums, and message authentication codes. Use of this requirement will be limited to situations where the data owner has a strict requirement for ensuring data integrity and confidentiality is maintained at every step of the data transfer and handling process.

Use of weak or untested encryption algorithms undermines the purposes of utilizing encryption to protect data. The network element must implement cryptographic modules adhering to the higher standards approved by the federal government since this provides assurance they have been tested and validated.&lt;/VulnDiscussion&gt;&lt;FalsePositives&gt;&lt;/FalsePositives&gt;&lt;FalseNegatives&gt;&lt;/FalseNegatives&gt;&lt;Documentable&gt;false&lt;/Documentable&gt;&lt;Mitigations&gt;&lt;/Mitigations&gt;&lt;SeverityOverrideGuidance&gt;&lt;/SeverityOverrideGuidance&gt;&lt;PotentialImpacts&gt;&lt;/PotentialImpacts&gt;&lt;ThirdPartyTools&gt;&lt;/ThirdPartyTools&gt;&lt;MitigationControl&gt;&lt;/MitigationControl&gt;&lt;Responsibility&gt;&lt;/Responsibility&gt;&lt;IAControls&gt;&lt;/IAControls&gt;</description><reference><dc:title>DPMS Target SRG-NET-L2S</dc:title><dc:publisher>DISA</dc:publisher><dc:type>DPMS Target</dc:type><dc:subject>SRG-NET-L2S</dc:subject><dc:identifier>2917</dc:identifier></reference><ident system="http://iase.disa.mil/cci">CCI-002450</ident><fixtext fixref="F-68111r1_fix">Configure MACsec on all host-facing and downstream switch ports.</fixtext><fix id="F-68111r1_fix" /><check system="C-62995r3_chk"><check-content-ref name="M" href="DPMS_XCCDF_Benchmark_Layer_2_Switch_SRG.xml" /><check-content>Review the switch configuration and verify that Media Access Control Security (MACsec) has been configured on all host-facing and downstream switch ports.

If MACsec has not been configured on all host-facing and downstream switch ports, this is a finding.</check-content></check></Rule></Group><Group id="V-62193"><title>SRG-NET-000512</title><description>&lt;GroupDescription&gt;&lt;/GroupDescription&gt;</description><Rule id="SV-76683r1_rule" severity="medium" weight="10.0"><version>SRG-NET-000512-L2S-000003</version><title>The layer 2 switch must implement Rapid STP where VLANs span multiple switches with redundant links.</title><description>&lt;VulnDiscussion&gt;Spanning Tree Protocol (STP) is implemented on bridges and switches to prevent layer 2 loops when a broadcast domain spans multiple bridges and switches and when redundant links are provisioned to provide high availability in case of link failures. Convergence time can be significantly reduced using Rapid STP (802.1w) instead of STP (802.1d), resulting in improved availability. Rapid STP should be deployed by implementing either Rapid Per-VLAN-Spanning-Tree (Rapid-PVST) or Multiple Spanning-Tree Protocol (MSTP), the latter scales much better when there are many VLANs.&lt;/VulnDiscussion&gt;&lt;FalsePositives&gt;&lt;/FalsePositives&gt;&lt;FalseNegatives&gt;&lt;/FalseNegatives&gt;&lt;Documentable&gt;false&lt;/Documentable&gt;&lt;Mitigations&gt;&lt;/Mitigations&gt;&lt;SeverityOverrideGuidance&gt;&lt;/SeverityOverrideGuidance&gt;&lt;PotentialImpacts&gt;&lt;/PotentialImpacts&gt;&lt;ThirdPartyTools&gt;&lt;/ThirdPartyTools&gt;&lt;MitigationControl&gt;&lt;/MitigationControl&gt;&lt;Responsibility&gt;&lt;/Responsibility&gt;&lt;IAControls&gt;&lt;/IAControls&gt;</description><reference><dc:title>DPMS Target SRG-NET-L2S</dc:title><dc:publisher>DISA</dc:publisher><dc:type>DPMS Target</dc:type><dc:subject>SRG-NET-L2S</dc:subject><dc:identifier>2917</dc:identifier></reference><ident system="http://iase.disa.mil/cci">CCI-000366</ident><fixtext fixref="F-68113r1_fix">Configure Rapid STP to be implemented at the access and distribution layers where VLANs span multiple switches.</fixtext><fix id="F-68113r1_fix" /><check system="C-62997r1_chk"><check-content-ref name="M" href="DPMS_XCCDF_Benchmark_Layer_2_Switch_SRG.xml" /><check-content>In cases where VLANs do not span multiple switches, it is a best practice to not implement STP. Avoiding the use of STP will provide the most deterministic and highly available network topology.  If STP is required, then review the switch configuration to verify that Rapid STP has been implemented. 

If Rapid STP has not been implemented where STP is required, this is a finding.</check-content></check></Rule></Group><Group id="V-62195"><title>SRG-NET-000512</title><description>&lt;GroupDescription&gt;&lt;/GroupDescription&gt;</description><Rule id="SV-76685r1_rule" severity="medium" weight="10.0"><version>SRG-NET-000512-L2S-000004</version><title>The layer 2 switch must enable Unidirectional Link Detection (UDLD) to protect against one-way connections.</title><description>&lt;VulnDiscussion&gt;In topologies where fiber optic interconnections are used, physical misconnections can occur that allow a link to appear to be up when there is a mismatched set of transmit/receive pairs. When such a physical misconfiguration occurs, protocols such as STP can cause network instability. UDLD is a layer 2 protocol that can detect these physical misconfigurations by verifying that traffic is flowing bidirectionally between neighbors. Ports with UDLD enabled periodically transmit packets to neighbor devices. If the packets are not echoed back within a specific time frame, the link is flagged as unidirectional and the interface is shut down.&lt;/VulnDiscussion&gt;&lt;FalsePositives&gt;&lt;/FalsePositives&gt;&lt;FalseNegatives&gt;&lt;/FalseNegatives&gt;&lt;Documentable&gt;false&lt;/Documentable&gt;&lt;Mitigations&gt;&lt;/Mitigations&gt;&lt;SeverityOverrideGuidance&gt;&lt;/SeverityOverrideGuidance&gt;&lt;PotentialImpacts&gt;&lt;/PotentialImpacts&gt;&lt;ThirdPartyTools&gt;&lt;/ThirdPartyTools&gt;&lt;MitigationControl&gt;&lt;/MitigationControl&gt;&lt;Responsibility&gt;&lt;/Responsibility&gt;&lt;IAControls&gt;&lt;/IAControls&gt;</description><reference><dc:title>DPMS Target SRG-NET-L2S</dc:title><dc:publisher>DISA</dc:publisher><dc:type>DPMS Target</dc:type><dc:subject>SRG-NET-L2S</dc:subject><dc:identifier>2917</dc:identifier></reference><ident system="http://iase.disa.mil/cci">CCI-000366</ident><fixtext fixref="F-68115r1_fix">Configure the switch to enable Unidirectional Link Detection (UDLD) to protect against one-way connections.

Note: UDLD is a Cisco-proprietary protocol.  However, other switch vendors, such as 3Com, Extreme, and D-Link, have similar functionality in their products, respectively: Device Link Detection Protocol (DLDP), Extreme Link Status Monitoring (ELSM), and D-Link Unidirectional Link Detection (DULD).</fixtext><fix id="F-68115r1_fix" /><check system="C-62999r1_chk"><check-content-ref name="M" href="DPMS_XCCDF_Benchmark_Layer_2_Switch_SRG.xml" /><check-content>If any of the switch ports have fiber optic interconnections with neighbors, review the switch configuration to verify that UDLD is enabled globally or on a per interface basis. 

If the switch has fiber optic interconnections with neighbors and UDLD is not enabled, this is a finding.</check-content></check></Rule></Group><Group id="V-62197"><title>SRG-NET-000512</title><description>&lt;GroupDescription&gt;&lt;/GroupDescription&gt;</description><Rule id="SV-76687r1_rule" severity="medium" weight="10.0"><version>SRG-NET-000512-L2S-000005</version><title>The layer 2 switch must have all trunk links enabled statically.</title><description>&lt;VulnDiscussion&gt;When trunk negotiation is enabled via Dynamic Trunk Protocol (DTP), considerable time can be spent negotiating trunk settings (802.1q or ISL) when a node or interface is restored. While this negotiation is happening, traffic is dropped because the link is up from a layer 2 perspective. Packet loss can be eliminated by setting the interface statically to trunk mode, thereby avoiding dynamic trunk protocol negotiation and significantly reducing any outage when restoring a failed link or switch.&lt;/VulnDiscussion&gt;&lt;FalsePositives&gt;&lt;/FalsePositives&gt;&lt;FalseNegatives&gt;&lt;/FalseNegatives&gt;&lt;Documentable&gt;false&lt;/Documentable&gt;&lt;Mitigations&gt;&lt;/Mitigations&gt;&lt;SeverityOverrideGuidance&gt;&lt;/SeverityOverrideGuidance&gt;&lt;PotentialImpacts&gt;&lt;/PotentialImpacts&gt;&lt;ThirdPartyTools&gt;&lt;/ThirdPartyTools&gt;&lt;MitigationControl&gt;&lt;/MitigationControl&gt;&lt;Responsibility&gt;&lt;/Responsibility&gt;&lt;IAControls&gt;&lt;/IAControls&gt;</description><reference><dc:title>DPMS Target SRG-NET-L2S</dc:title><dc:publisher>DISA</dc:publisher><dc:type>DPMS Target</dc:type><dc:subject>SRG-NET-L2S</dc:subject><dc:identifier>2917</dc:identifier></reference><ident system="http://iase.disa.mil/cci">CCI-000366</ident><fixtext fixref="F-68117r1_fix">Configure the switch to enable trunk links statically.</fixtext><fix id="F-68117r1_fix" /><check system="C-63001r2_chk"><check-content-ref name="M" href="DPMS_XCCDF_Benchmark_Layer_2_Switch_SRG.xml" /><check-content>Review the switch configuration to verify that trunk negotiation is disabled by statically configuring all trunk links. Configuring a command to manually disable negotiation may also be required for some switch platforms.

If trunk negotiation is enabled on any interface, this is a finding.</check-content></check></Rule></Group><Group id="V-62199"><title>SRG-NET-000512</title><description>&lt;GroupDescription&gt;&lt;/GroupDescription&gt;</description><Rule id="SV-76689r1_rule" severity="medium" weight="10.0"><version>SRG-NET-000512-L2S-000006</version><title>The layer 2 switch must only allow a maximum of one registered MAC address per each user-facing or untrusted access  port.</title><description>&lt;VulnDiscussion&gt;Limiting the number of registered MAC addresses on a switch access port can help prevent a Content Addressable Memory (CAM) table overflow attack.  This type of attack lets an attacker exploit the hardware and memory limitations of a switch.  If there are enough entries stored in a CAM table before the expiration of other entries, no new entries can be accepted into the CAM table. An attacker will be able to flood the switch with mostly invalid MAC addresses until the CAM table’s resources have been depleted.  When there are no more resources, the switch has no choice but to flood all ports within the VLAN with all incoming traffic.  This happens because the switch cannot find the switch port number for a corresponding MAC address within the CAM table, allowing the switch to become a hub and traffic to be monitored.&lt;/VulnDiscussion&gt;&lt;FalsePositives&gt;&lt;/FalsePositives&gt;&lt;FalseNegatives&gt;&lt;/FalseNegatives&gt;&lt;Documentable&gt;false&lt;/Documentable&gt;&lt;Mitigations&gt;&lt;/Mitigations&gt;&lt;SeverityOverrideGuidance&gt;&lt;/SeverityOverrideGuidance&gt;&lt;PotentialImpacts&gt;&lt;/PotentialImpacts&gt;&lt;ThirdPartyTools&gt;&lt;/ThirdPartyTools&gt;&lt;MitigationControl&gt;&lt;/MitigationControl&gt;&lt;Responsibility&gt;&lt;/Responsibility&gt;&lt;IAControls&gt;&lt;/IAControls&gt;</description><reference><dc:title>DPMS Target SRG-NET-L2S</dc:title><dc:publisher>DISA</dc:publisher><dc:type>DPMS Target</dc:type><dc:subject>SRG-NET-L2S</dc:subject><dc:identifier>2917</dc:identifier></reference><ident system="http://iase.disa.mil/cci">CCI-000366</ident><fixtext fixref="F-68119r1_fix">Configure the switch to limit the maximum number of registered MAC addresses on each user-facing or untrusted access switch port to one.</fixtext><fix id="F-68119r1_fix" /><check system="C-63003r2_chk"><check-content-ref name="M" href="DPMS_XCCDF_Benchmark_Layer_2_Switch_SRG.xml" /><check-content>Review the switch configuration to verify each access port is configured for a single registered MAC address. Configuring port-security on the Cisco switch access port interface will automatically set the maximum number of registered MAC addresses to one.

If any user-facing or untrusted switch port has more than one MAC address assigned to it, this is a finding.

Exemptions: Some deployments are exempt from requiring a single MAC address per access switch port.  VoIP or VTC endpoints may provide a PC port thereby enabling a PC to be connected using the same switch port.  The MAC address of each device will need to be registered to the appropriate access switch port.  Another exempt case scenario is “hot-desking”, where a single connection is shared among several devices and several people are assigned to work at the same desk at different times, each user with their own PC.  In this case, a different MAC address needs to be permitted for each PC that is connecting to the LAN drop in the workspace.</check-content></check></Rule></Group><Group id="V-62201"><title>SRG-NET-000512</title><description>&lt;GroupDescription&gt;&lt;/GroupDescription&gt;</description><Rule id="SV-76691r1_rule" severity="medium" weight="10.0"><version>SRG-NET-000512-L2S-000007</version><title>The layer 2 switch must have all disabled switch ports assigned to an unused VLAN.</title><description>&lt;VulnDiscussion&gt;It is possible that a disabled port that is assigned to a user or management VLAN becomes enabled by accident or by an attacker and as a result gains access to that VLAN as a member.&lt;/VulnDiscussion&gt;&lt;FalsePositives&gt;&lt;/FalsePositives&gt;&lt;FalseNegatives&gt;&lt;/FalseNegatives&gt;&lt;Documentable&gt;false&lt;/Documentable&gt;&lt;Mitigations&gt;&lt;/Mitigations&gt;&lt;SeverityOverrideGuidance&gt;&lt;/SeverityOverrideGuidance&gt;&lt;PotentialImpacts&gt;&lt;/PotentialImpacts&gt;&lt;ThirdPartyTools&gt;&lt;/ThirdPartyTools&gt;&lt;MitigationControl&gt;&lt;/MitigationControl&gt;&lt;Responsibility&gt;&lt;/Responsibility&gt;&lt;IAControls&gt;&lt;/IAControls&gt;</description><reference><dc:title>DPMS Target SRG-NET-L2S</dc:title><dc:publisher>DISA</dc:publisher><dc:type>DPMS Target</dc:type><dc:subject>SRG-NET-L2S</dc:subject><dc:identifier>2917</dc:identifier></reference><ident system="http://iase.disa.mil/cci">CCI-000366</ident><fixtext fixref="F-68121r1_fix">Assign all switch ports not in use to an inactive VLAN.

Note: Switch ports configured for 802.1x are exempt from this requirement.</fixtext><fix id="F-68121r1_fix" /><check system="C-63005r1_chk"><check-content-ref name="M" href="DPMS_XCCDF_Benchmark_Layer_2_Switch_SRG.xml" /><check-content>Review the switch configurations and examine all access switch ports.  Each access switch port not in use should have membership to an inactive VLAN that is not used for any purpose and is not allowed on any trunk links.

If there are any access switch ports not in use and not in an inactive VLAN, this is a finding.

Note: Switch ports configured for 802.1x are exempt from this requirement.</check-content></check></Rule></Group><Group id="V-62203"><title>SRG-NET-000512</title><description>&lt;GroupDescription&gt;&lt;/GroupDescription&gt;</description><Rule id="SV-76693r1_rule" severity="medium" weight="10.0"><version>SRG-NET-000512-L2S-000008</version><title>The layer 2 switch must not have the default VLAN assigned to any host-facing switch ports.</title><description>&lt;VulnDiscussion&gt;In a VLAN-based network, switches use the default VLAN (i.e., VLAN 1) for in-band management and to communicate with other networking devices using Spanning-Tree Protocol (STP), Dynamic Trunking Protocol (DTP), VLAN Trunking Protocol (VTP), and Port Aggregation Protocol (PAgP)—all untagged traffic. As a consequence, the default VLAN may unwisely span the entire network if not appropriately pruned. If its scope is large enough, the risk of compromise can increase significantly.&lt;/VulnDiscussion&gt;&lt;FalsePositives&gt;&lt;/FalsePositives&gt;&lt;FalseNegatives&gt;&lt;/FalseNegatives&gt;&lt;Documentable&gt;false&lt;/Documentable&gt;&lt;Mitigations&gt;&lt;/Mitigations&gt;&lt;SeverityOverrideGuidance&gt;&lt;/SeverityOverrideGuidance&gt;&lt;PotentialImpacts&gt;&lt;/PotentialImpacts&gt;&lt;ThirdPartyTools&gt;&lt;/ThirdPartyTools&gt;&lt;MitigationControl&gt;&lt;/MitigationControl&gt;&lt;Responsibility&gt;&lt;/Responsibility&gt;&lt;IAControls&gt;&lt;/IAControls&gt;</description><reference><dc:title>DPMS Target SRG-NET-L2S</dc:title><dc:publisher>DISA</dc:publisher><dc:type>DPMS Target</dc:type><dc:subject>SRG-NET-L2S</dc:subject><dc:identifier>2917</dc:identifier></reference><ident system="http://iase.disa.mil/cci">CCI-000366</ident><fixtext fixref="F-68123r1_fix">Remove the assignment of the default VLAN from all access switch ports.</fixtext><fix id="F-68123r1_fix" /><check system="C-63007r2_chk"><check-content-ref name="M" href="DPMS_XCCDF_Benchmark_Layer_2_Switch_SRG.xml" /><check-content>Review the switch configurations and verify that no access switch ports have been assigned membership to the default VLAN (i.e., VLAN 1).  A good method of ensuring there is not membership to the default VLAN is to have it disabled (i.e., shutdown) on the switch. This technique does not prevent switch control plane protocols such as CDP, DTP, VTP, and PAgP from using the default VLAN.

If there are access switch ports assigned to the default VLAN, this is a finding.</check-content></check></Rule></Group><Group id="V-62205"><title>SRG-NET-000512</title><description>&lt;GroupDescription&gt;&lt;/GroupDescription&gt;</description><Rule id="SV-76695r1_rule" severity="medium" weight="10.0"><version>SRG-NET-000512-L2S-000009</version><title>The layer 2 switch must have the default VLAN pruned from all trunk ports that do not require it.</title><description>&lt;VulnDiscussion&gt;The default VLAN (i.e., VLAN 1) is a special VLAN used for control plane traffic such as Spanning-Tree Protocol (STP), Dynamic Trunking Protocol (DTP), VLAN Trunking Protocol (VTP), and Port Aggregation Protocol (PAgP). VLAN 1 is enabled on all trunks and ports by default. With larger campus networks, care needs to be taken about the diameter of the STP domain for the default VLAN. Instability in one part of the network could affect the default VLAN, thereby influencing control-plane stability and therefore STP stability for all other VLANs.&lt;/VulnDiscussion&gt;&lt;FalsePositives&gt;&lt;/FalsePositives&gt;&lt;FalseNegatives&gt;&lt;/FalseNegatives&gt;&lt;Documentable&gt;false&lt;/Documentable&gt;&lt;Mitigations&gt;&lt;/Mitigations&gt;&lt;SeverityOverrideGuidance&gt;&lt;/SeverityOverrideGuidance&gt;&lt;PotentialImpacts&gt;&lt;/PotentialImpacts&gt;&lt;ThirdPartyTools&gt;&lt;/ThirdPartyTools&gt;&lt;MitigationControl&gt;&lt;/MitigationControl&gt;&lt;Responsibility&gt;&lt;/Responsibility&gt;&lt;IAControls&gt;&lt;/IAControls&gt;</description><reference><dc:title>DPMS Target SRG-NET-L2S</dc:title><dc:publisher>DISA</dc:publisher><dc:type>DPMS Target</dc:type><dc:subject>SRG-NET-L2S</dc:subject><dc:identifier>2917</dc:identifier></reference><ident system="http://iase.disa.mil/cci">CCI-000366</ident><fixtext fixref="F-68125r1_fix">Best practice for VLAN-based networks is to prune unnecessary trunk links from gaining access to the default VLAN and to ensure that frames belonging to the default VLAN do not traverse trunks not requiring frames from the VLAN.</fixtext><fix id="F-68125r1_fix" /><check system="C-63009r2_chk"><check-content-ref name="M" href="DPMS_XCCDF_Benchmark_Layer_2_Switch_SRG.xml" /><check-content>Review the switch configuration and verify that the default VLAN is pruned from trunk links that do not require it.

If the default VLAN is not pruned from trunk links that should not be transporting frames for the VLAN, this is a finding.</check-content></check></Rule></Group><Group id="V-62207"><title>SRG-NET-000512</title><description>&lt;GroupDescription&gt;&lt;/GroupDescription&gt;</description><Rule id="SV-76697r1_rule" severity="medium" weight="10.0"><version>SRG-NET-000512-L2S-000010</version><title>The layer 2 switch must not use the default VLAN for management traffic.</title><description>&lt;VulnDiscussion&gt;Switches use the default VLAN (i.e., VLAN 1) for in-band management and to communicate with directly connected switches using Spanning-Tree Protocol (STP), Dynamic Trunking Protocol (DTP), VLAN Trunking Protocol (VTP), and Port Aggregation Protocol (PAgP)—all untagged traffic. As a consequence, the default VLAN may unwisely span the entire network if not appropriately pruned. If its scope is large enough, the risk of compromise can increase significantly.&lt;/VulnDiscussion&gt;&lt;FalsePositives&gt;&lt;/FalsePositives&gt;&lt;FalseNegatives&gt;&lt;/FalseNegatives&gt;&lt;Documentable&gt;false&lt;/Documentable&gt;&lt;Mitigations&gt;&lt;/Mitigations&gt;&lt;SeverityOverrideGuidance&gt;&lt;/SeverityOverrideGuidance&gt;&lt;PotentialImpacts&gt;&lt;/PotentialImpacts&gt;&lt;ThirdPartyTools&gt;&lt;/ThirdPartyTools&gt;&lt;MitigationControl&gt;&lt;/MitigationControl&gt;&lt;Responsibility&gt;&lt;/Responsibility&gt;&lt;IAControls&gt;&lt;/IAControls&gt;</description><reference><dc:title>DPMS Target SRG-NET-L2S</dc:title><dc:publisher>DISA</dc:publisher><dc:type>DPMS Target</dc:type><dc:subject>SRG-NET-L2S</dc:subject><dc:identifier>2917</dc:identifier></reference><ident system="http://iase.disa.mil/cci">CCI-000366</ident><fixtext fixref="F-68127r1_fix">Configure the switch for management access to use a VLAN other than the default VLAN.</fixtext><fix id="F-68127r1_fix" /><check system="C-63011r2_chk"><check-content-ref name="M" href="DPMS_XCCDF_Benchmark_Layer_2_Switch_SRG.xml" /><check-content>Review the switch configuration and verify that the default VLAN is not used to access the switch for management.

If the default VLAN is being used to access the switch, this is a finding.</check-content></check></Rule></Group><Group id="V-62209"><title>SRG-NET-000512</title><description>&lt;GroupDescription&gt;&lt;/GroupDescription&gt;</description><Rule id="SV-76699r1_rule" severity="medium" weight="10.0"><version>SRG-NET-000512-L2S-000011</version><title>The layer 2 switch must have all user-facing or untrusted ports configured as access switch ports.</title><description>&lt;VulnDiscussion&gt;Double encapsulation can be initiated by an attacker who has access to a switch port belonging to the native VLAN of the trunk port. Knowing the victim's MAC address and with the victim attached to a different switch belonging to the same trunk group, thereby requiring the trunk link and frame tagging, the malicious user can begin the attack by sending frames with two sets of tags. The outer tag that will have the attacker's VLAN ID (probably the well-known and omnipresent default VLAN) is stripped off by the switch, and the inner tag that will have the victim's VLAN ID is used by the switch as the next hop and sent out the trunk port.&lt;/VulnDiscussion&gt;&lt;FalsePositives&gt;&lt;/FalsePositives&gt;&lt;FalseNegatives&gt;&lt;/FalseNegatives&gt;&lt;Documentable&gt;false&lt;/Documentable&gt;&lt;Mitigations&gt;&lt;/Mitigations&gt;&lt;SeverityOverrideGuidance&gt;&lt;/SeverityOverrideGuidance&gt;&lt;PotentialImpacts&gt;&lt;/PotentialImpacts&gt;&lt;ThirdPartyTools&gt;&lt;/ThirdPartyTools&gt;&lt;MitigationControl&gt;&lt;/MitigationControl&gt;&lt;Responsibility&gt;&lt;/Responsibility&gt;&lt;IAControls&gt;&lt;/IAControls&gt;</description><reference><dc:title>DPMS Target SRG-NET-L2S</dc:title><dc:publisher>DISA</dc:publisher><dc:type>DPMS Target</dc:type><dc:subject>SRG-NET-L2S</dc:subject><dc:identifier>2917</dc:identifier></reference><ident system="http://iase.disa.mil/cci">CCI-000366</ident><fixtext fixref="F-68129r1_fix">Disable trunking on all user-facing or untrusted switch ports.</fixtext><fix id="F-68129r1_fix" /><check system="C-63013r2_chk"><check-content-ref name="M" href="DPMS_XCCDF_Benchmark_Layer_2_Switch_SRG.xml" /><check-content>Review the switch configurations and examine all user-facing or untrusted switch ports.

If any of the user-facing switch ports are configured as a trunk, this is a finding.</check-content></check></Rule></Group><Group id="V-62211"><title>SRG-NET-000512</title><description>&lt;GroupDescription&gt;&lt;/GroupDescription&gt;</description><Rule id="SV-76701r1_rule" severity="medium" weight="10.0"><version>SRG-NET-000512-L2S-000012</version><title>The layer 2 switch must have the native VLAN assigned to an ID other than the default VLAN for all 802.1q trunk links.</title><description>&lt;VulnDiscussion&gt;VLAN hopping can be initiated by an attacker who has access to a switch port belonging to the same VLAN as the native VLAN of the trunk link connecting to another switch that the victim is connected to. If the attacker knows the victim’s MAC address, it can forge a frame with two 802.1q tags and a layer 2 header with the destination address of the victim. Since the frame will ingress the switch from a port belonging to its native VLAN, the trunk port connecting to the victim’s switch will simply remove the outer tag because native VLAN traffic is to be untagged. The switch will forward the frame on to the trunk link unaware of the inner tag with a VLAN ID of which the victim’s  switch port is a member.&lt;/VulnDiscussion&gt;&lt;FalsePositives&gt;&lt;/FalsePositives&gt;&lt;FalseNegatives&gt;&lt;/FalseNegatives&gt;&lt;Documentable&gt;false&lt;/Documentable&gt;&lt;Mitigations&gt;&lt;/Mitigations&gt;&lt;SeverityOverrideGuidance&gt;&lt;/SeverityOverrideGuidance&gt;&lt;PotentialImpacts&gt;&lt;/PotentialImpacts&gt;&lt;ThirdPartyTools&gt;&lt;/ThirdPartyTools&gt;&lt;MitigationControl&gt;&lt;/MitigationControl&gt;&lt;Responsibility&gt;&lt;/Responsibility&gt;&lt;IAControls&gt;&lt;/IAControls&gt;</description><reference><dc:title>DPMS Target SRG-NET-L2S</dc:title><dc:publisher>DISA</dc:publisher><dc:type>DPMS Target</dc:type><dc:subject>SRG-NET-L2S</dc:subject><dc:identifier>2917</dc:identifier></reference><ident system="http://iase.disa.mil/cci">CCI-000366</ident><fixtext fixref="F-68131r1_fix">To ensure the integrity of the trunk link and prevent unauthorized access, the ID of the native VLAN of the trunk port must be changed from the default VLAN (i.e., VLAN 1) to its own unique VLAN ID.  The native VLAN ID must be the same on both ends of the trunk link; otherwise, traffic could accidentally leak between broadcast domains.

Note: An alternative to configuring a dedicated native VLAN is to ensure that all native VLAN traffic is tagged. This will mitigate the risk of VLAN hopping since there will always be an outer tag for native traffic as it traverses an 802.1q trunk link.</fixtext><fix id="F-68131r1_fix" /><check system="C-63015r2_chk"><check-content-ref name="M" href="DPMS_XCCDF_Benchmark_Layer_2_Switch_SRG.xml" /><check-content>Review the switch configurations and examine all trunk links. Verify the native VLAN has been configured to a VLAN ID other than the ID of the default VLAN (i.e. VLAN 1).

If the native VLAN has the same VLAN ID as the default VLAN, this is a finding.</check-content></check></Rule></Group><Group id="V-62213"><title>SRG-NET-000512</title><description>&lt;GroupDescription&gt;&lt;/GroupDescription&gt;</description><Rule id="SV-76703r1_rule" severity="medium" weight="10.0"><version>SRG-NET-000512-L2S-000013</version><title>The layer 2 switch must not have any access  to switch ports assigned to the native VLAN.</title><description>&lt;VulnDiscussion&gt;Double encapsulation can be initiated by an attacker who has access to a switch port belonging to the native VLAN of the trunk port. Knowing the victim’s MAC address and with the victim attached to a different switch belonging to the same trunk group, thereby requiring the trunk link and frame tagging, the malicious user can begin the attack by sending frames with two sets of tags. The outer tag that will have the attacker’s VLAN ID (probably the well-known and omnipresent default VLAN) is stripped off by the switch, and the inner tag that will have the victim’s VLAN ID is used by the switch as the next hop and sent out the trunk port.&lt;/VulnDiscussion&gt;&lt;FalsePositives&gt;&lt;/FalsePositives&gt;&lt;FalseNegatives&gt;&lt;/FalseNegatives&gt;&lt;Documentable&gt;false&lt;/Documentable&gt;&lt;Mitigations&gt;&lt;/Mitigations&gt;&lt;SeverityOverrideGuidance&gt;&lt;/SeverityOverrideGuidance&gt;&lt;PotentialImpacts&gt;&lt;/PotentialImpacts&gt;&lt;ThirdPartyTools&gt;&lt;/ThirdPartyTools&gt;&lt;MitigationControl&gt;&lt;/MitigationControl&gt;&lt;Responsibility&gt;&lt;/Responsibility&gt;&lt;IAControls&gt;&lt;/IAControls&gt;</description><reference><dc:title>DPMS Target SRG-NET-L2S</dc:title><dc:publisher>DISA</dc:publisher><dc:type>DPMS Target</dc:type><dc:subject>SRG-NET-L2S</dc:subject><dc:identifier>2917</dc:identifier></reference><ident system="http://iase.disa.mil/cci">CCI-000366</ident><fixtext fixref="F-68133r1_fix">Configure all access switch ports to a VLAN other than the native VLAN.</fixtext><fix id="F-68133r1_fix" /><check system="C-63017r2_chk"><check-content-ref name="M" href="DPMS_XCCDF_Benchmark_Layer_2_Switch_SRG.xml" /><check-content>Review the switch configurations and examine all access switch ports. Verify that they do not belong to the native VLAN.

If any access switch ports have been assigned to the same VLAN ID as the native VLAN, this is a finding.</check-content></check></Rule></Group></Benchmark>