<?xml version="1.0" encoding="utf-8"?><?xml-stylesheet type='text/xsl' href='STIG_unclass.xsl'?><Benchmark xmlns:dsig="http://www.w3.org/2000/09/xmldsig#" xmlns:xhtml="http://www.w3.org/1999/xhtml" xmlns:xsi="http://www.w3.org/2001/XMLSchema-instance" xmlns:cpe="http://cpe.mitre.org/language/2.0" xmlns:dc="http://purl.org/dc/elements/1.1/" id="SRC_-_Remote_Endpoint" xml:lang="en" xsi:schemaLocation="http://checklists.nist.gov/xccdf/1.1 http://nvd.nist.gov/schema/xccdf-1.1.4.xsd http://cpe.mitre.org/dictionary/2.0 http://cpe.mitre.org/files/cpe-dictionary_2.1.xsd" xmlns="http://checklists.nist.gov/xccdf/1.1"><status date="2012-07-09">accepted</status><title>Remote Endpoint STIG</title><notice id="terms-of-use" xml:lang="en"></notice><reference href="http://iase.disa.mil"><dc:publisher>DISA, Field Security Operations</dc:publisher><dc:source>STIG.DOD.MIL</dc:source></reference><plain-text id="release-info">Release: 7 Benchmark Date: 27 Jul 2012</plain-text><version>2</version><Profile id="MAC-1_Public"><title>I - Mission Critical Public</title><description>&lt;ProfileDescription&gt;&lt;/ProfileDescription&gt;</description><select idref="V-6649" selected="true" /><select idref="V-6650" selected="true" /><select idref="V-6651" selected="true" /><select idref="V-6653" selected="true" /><select idref="V-6654" selected="true" /><select idref="V-6655" selected="true" /><select idref="V-6658" selected="true" /><select idref="V-6659" selected="true" /><select idref="V-6662" selected="true" /><select idref="V-6663" selected="true" /><select idref="V-6664" selected="true" /><select idref="V-6665" selected="true" /><select idref="V-6667" selected="true" /><select idref="V-6669" selected="true" /><select idref="V-6670" selected="true" /><select idref="V-6671" selected="true" /><select idref="V-6672" selected="true" /><select idref="V-6673" selected="true" /><select idref="V-6674" selected="true" /><select idref="V-19141" selected="true" /></Profile><Profile id="MAC-1_Sensitive"><title>I - Mission Critical Sensitive</title><description>&lt;ProfileDescription&gt;&lt;/ProfileDescription&gt;</description><select idref="V-6649" selected="true" /><select idref="V-6650" selected="true" /><select idref="V-6651" selected="true" /><select idref="V-6653" selected="true" /><select idref="V-6654" selected="true" /><select idref="V-6655" selected="true" /><select idref="V-6658" selected="true" /><select idref="V-6659" selected="true" /><select idref="V-6662" selected="true" /><select idref="V-6663" selected="true" /><select idref="V-6664" selected="true" /><select idref="V-6665" selected="true" /><select idref="V-6667" selected="true" /><select idref="V-6669" selected="true" /><select idref="V-6670" selected="true" /><select idref="V-6671" selected="true" /><select idref="V-6672" selected="true" /><select idref="V-6673" selected="true" /><select idref="V-6674" selected="true" /><select idref="V-19141" selected="true" /></Profile><Profile id="MAC-1_Classified"><title>I - Mission Critical Classified</title><description>&lt;ProfileDescription&gt;&lt;/ProfileDescription&gt;</description><select idref="V-6649" selected="true" /><select idref="V-6650" selected="true" /><select idref="V-6651" selected="true" /><select idref="V-6653" selected="true" /><select idref="V-6654" selected="true" /><select idref="V-6655" selected="true" /><select idref="V-6658" selected="true" /><select idref="V-6659" selected="true" /><select idref="V-6662" selected="true" /><select idref="V-6663" selected="true" /><select idref="V-6664" selected="true" /><select idref="V-6665" selected="true" /><select idref="V-6667" selected="true" /><select idref="V-6669" selected="true" /><select idref="V-6670" selected="true" /><select idref="V-6671" selected="true" /><select idref="V-6672" selected="true" /><select idref="V-6673" selected="true" /><select idref="V-6674" selected="true" /><select idref="V-19141" selected="true" /></Profile><Profile id="MAC-2_Public"><title>II - Mission Support Public</title><description>&lt;ProfileDescription&gt;&lt;/ProfileDescription&gt;</description><select idref="V-6649" selected="true" /><select idref="V-6650" selected="true" /><select idref="V-6651" selected="true" /><select idref="V-6653" selected="true" /><select idref="V-6654" selected="true" /><select idref="V-6655" selected="true" /><select idref="V-6658" selected="true" /><select idref="V-6659" selected="true" /><select idref="V-6662" selected="true" /><select idref="V-6663" selected="true" /><select idref="V-6664" selected="true" /><select idref="V-6665" selected="true" /><select idref="V-6667" selected="true" /><select idref="V-6669" selected="true" /><select idref="V-6670" selected="true" /><select idref="V-6671" selected="true" /><select idref="V-6672" selected="true" /><select idref="V-6673" selected="true" /><select idref="V-6674" selected="true" /><select idref="V-19141" selected="true" /></Profile><Profile id="MAC-2_Sensitive"><title>II - Mission Support Sensitive</title><description>&lt;ProfileDescription&gt;&lt;/ProfileDescription&gt;</description><select idref="V-6649" selected="true" /><select idref="V-6650" selected="true" /><select idref="V-6651" selected="true" /><select idref="V-6653" selected="true" /><select idref="V-6654" selected="true" /><select idref="V-6655" selected="true" /><select idref="V-6658" selected="true" /><select idref="V-6659" selected="true" /><select idref="V-6662" selected="true" /><select idref="V-6663" selected="true" /><select idref="V-6664" selected="true" /><select idref="V-6665" selected="true" /><select idref="V-6667" selected="true" /><select idref="V-6669" selected="true" /><select idref="V-6670" selected="true" /><select idref="V-6671" selected="true" /><select idref="V-6672" selected="true" /><select idref="V-6673" selected="true" /><select idref="V-6674" selected="true" /><select idref="V-19141" selected="true" /></Profile><Profile id="MAC-2_Classified"><title>II - Mission Support Classified</title><description>&lt;ProfileDescription&gt;&lt;/ProfileDescription&gt;</description><select idref="V-6649" selected="true" /><select idref="V-6650" selected="true" /><select idref="V-6651" selected="true" /><select idref="V-6653" selected="true" /><select idref="V-6654" selected="true" /><select idref="V-6655" selected="true" /><select idref="V-6658" selected="true" /><select idref="V-6659" selected="true" /><select idref="V-6662" selected="true" /><select idref="V-6663" selected="true" /><select idref="V-6664" selected="true" /><select idref="V-6665" selected="true" /><select idref="V-6667" selected="true" /><select idref="V-6669" selected="true" /><select idref="V-6670" selected="true" /><select idref="V-6671" selected="true" /><select idref="V-6672" selected="true" /><select idref="V-6673" selected="true" /><select idref="V-6674" selected="true" /><select idref="V-19141" selected="true" /></Profile><Profile id="MAC-3_Public"><title>III - Administrative Public</title><description>&lt;ProfileDescription&gt;&lt;/ProfileDescription&gt;</description><select idref="V-6649" selected="true" /><select idref="V-6650" selected="true" /><select idref="V-6651" selected="true" /><select idref="V-6653" selected="true" /><select idref="V-6654" selected="true" /><select idref="V-6655" selected="true" /><select idref="V-6658" selected="true" /><select idref="V-6659" selected="true" /><select idref="V-6662" selected="true" /><select idref="V-6663" selected="true" /><select idref="V-6664" selected="true" /><select idref="V-6665" selected="true" /><select idref="V-6667" selected="true" /><select idref="V-6669" selected="true" /><select idref="V-6670" selected="true" /><select idref="V-6671" selected="true" /><select idref="V-6672" selected="true" /><select idref="V-6673" selected="true" /><select idref="V-6674" selected="true" /><select idref="V-19141" selected="true" /></Profile><Profile id="MAC-3_Sensitive"><title>III - Administrative Sensitive</title><description>&lt;ProfileDescription&gt;&lt;/ProfileDescription&gt;</description><select idref="V-6649" selected="true" /><select idref="V-6650" selected="true" /><select idref="V-6651" selected="true" /><select idref="V-6653" selected="true" /><select idref="V-6654" selected="true" /><select idref="V-6655" selected="true" /><select idref="V-6658" selected="true" /><select idref="V-6659" selected="true" /><select idref="V-6662" selected="true" /><select idref="V-6663" selected="true" /><select idref="V-6664" selected="true" /><select idref="V-6665" selected="true" /><select idref="V-6667" selected="true" /><select idref="V-6669" selected="true" /><select idref="V-6670" selected="true" /><select idref="V-6671" selected="true" /><select idref="V-6672" selected="true" /><select idref="V-6673" selected="true" /><select idref="V-6674" selected="true" /><select idref="V-19141" selected="true" /></Profile><Profile id="MAC-3_Classified"><title>III - Administrative Classified</title><description>&lt;ProfileDescription&gt;&lt;/ProfileDescription&gt;</description><select idref="V-6649" selected="true" /><select idref="V-6650" selected="true" /><select idref="V-6651" selected="true" /><select idref="V-6653" selected="true" /><select idref="V-6654" selected="true" /><select idref="V-6655" selected="true" /><select idref="V-6658" selected="true" /><select idref="V-6659" selected="true" /><select idref="V-6662" selected="true" /><select idref="V-6663" selected="true" /><select idref="V-6664" selected="true" /><select idref="V-6665" selected="true" /><select idref="V-6667" selected="true" /><select idref="V-6669" selected="true" /><select idref="V-6670" selected="true" /><select idref="V-6671" selected="true" /><select idref="V-6672" selected="true" /><select idref="V-6673" selected="true" /><select idref="V-6674" selected="true" /><select idref="V-19141" selected="true" /></Profile><Group id="V-6649"><title>SRC-EPT-190 File and print sharing</title><description>&lt;GroupDescription&gt;&lt;/GroupDescription&gt;</description><Rule id="SV-6795r1_rule" severity="medium" weight="10.0"><version>SRC-EPT-190</version><title>Disable file and print sharing on remote access devices.</title><description>&lt;VulnDiscussion&gt;File and print sharing need to be disabled so file access is not available to unauthorized users.&lt;/VulnDiscussion&gt;&lt;FalsePositives&gt;&lt;/FalsePositives&gt;&lt;FalseNegatives&gt;&lt;/FalseNegatives&gt;&lt;Documentable&gt;false&lt;/Documentable&gt;&lt;Mitigations&gt;&lt;/Mitigations&gt;&lt;SeverityOverrideGuidance&gt;&lt;/SeverityOverrideGuidance&gt;&lt;PotentialImpacts&gt;&lt;/PotentialImpacts&gt;&lt;ThirdPartyTools&gt;&lt;/ThirdPartyTools&gt;&lt;MitigationControl&gt;&lt;/MitigationControl&gt;&lt;Responsibility&gt;System Administrator&lt;/Responsibility&gt;&lt;IAControls&gt;ECSC-1&lt;/IAControls&gt;</description><reference><dc:title>VMS Target Desktop Application - Remote Access</dc:title><dc:publisher>DISA FSO</dc:publisher><dc:type>VMS Target</dc:type><dc:subject>Desktop Application - Remote Access</dc:subject><dc:identifier>807</dc:identifier></reference><fixtext fixref="F-6590r1_fix">Disable file and print sharing</fixtext><fix id="F-6590r1_fix" /><check system="C-2575r1_chk"><check-content-ref name="M" href="VMS_XCCDF_Benchmark_SRC - Remote Endpoint.xml" /><check-content>This check verifies that file and print sharing is not installed on remote access devices.

Select the Control Panel directory from Start-Settings.
Click on Network and Dial-in Connections.
Right-click on Local Area Connection and Properties.

If File and Print Sharing is not listed, this is not a finding.
If File and Print Sharing is listed, then check the personal firewall policy.  If port 445 inbound is being filtered, this is not a finding.   If File and Print Sharing is listed and the firewall policy is not filtering inbound 445, this is a finding.
</check-content></check></Rule></Group><Group id="V-6650"><title>SRC-EPT-191 Disable incoming dial-up capability</title><description>&lt;GroupDescription&gt;&lt;/GroupDescription&gt;</description><Rule id="SV-6796r1_rule" severity="medium" weight="10.0"><version>SRC-EPT-191 </version><title>When a modem is installed, incoming dial-up capability to the user’s remote device (e.g., laptop, workstation, etc.) will be disabled.</title><description>&lt;VulnDiscussion&gt;Accepting incoming dial up connection on a device not intended for dial up opens an attack surface.  &lt;/VulnDiscussion&gt;&lt;FalsePositives&gt;&lt;/FalsePositives&gt;&lt;FalseNegatives&gt;&lt;/FalseNegatives&gt;&lt;Documentable&gt;false&lt;/Documentable&gt;&lt;Mitigations&gt;&lt;/Mitigations&gt;&lt;SeverityOverrideGuidance&gt;&lt;/SeverityOverrideGuidance&gt;&lt;PotentialImpacts&gt;&lt;/PotentialImpacts&gt;&lt;ThirdPartyTools&gt;&lt;/ThirdPartyTools&gt;&lt;MitigationControl&gt;&lt;/MitigationControl&gt;&lt;Responsibility&gt;System Administrator&lt;/Responsibility&gt;&lt;IAControls&gt;ECSC-1&lt;/IAControls&gt;</description><reference><dc:title>VMS Target Desktop Application - Remote Access</dc:title><dc:publisher>DISA FSO</dc:publisher><dc:type>VMS Target</dc:type><dc:subject>Desktop Application - Remote Access</dc:subject><dc:identifier>807</dc:identifier></reference><fixtext fixref="F-6591r1_fix">Disable incoming dialup.</fixtext><fix id="F-6591r1_fix" /><check system="C-2577r1_chk"><check-content-ref name="M" href="VMS_XCCDF_Benchmark_SRC - Remote Endpoint.xml" /><check-content>This check verifies that the remote access software is configured for dial-out only.

Navigate to the Services applet in the Administrative Tools folder.  
Check the services listing for the Remote Access Service (or other third party remote access software service) and view the properties.  
Highlight the communications port and select Configure.  
Verify “dial-out only” is selected.

If a modem is installed and enabled in the active profile, the SA should demonstrate that auto or manual answer modes are not used.  Work with the SA to review the configuration of several remote access devices.  On the client device, this setting is usually enabled in the specific communications software used.  All communications software, regardless of function must have this capability disabled if available.  Some examples are: Winfax and other fax software, PcAnywhere and other remote access software, Internet and POTS phone dialers, etc.  While it is not possible to write checks for all possible applications, the reviewer should work with the SA to review the settings of all installed RAS applications.  If the remote devices are not available for review, ensure the disabling of this setting is addressed in the user agreement, training materials, or site remote device configuration procedures.  
</check-content></check></Rule></Group><Group id="V-6651"><title>SRC-EPT-192 NIC and modem are mutually exclusive</title><description>&lt;GroupDescription&gt;&lt;/GroupDescription&gt;</description><Rule id="SV-6797r1_rule" severity="low" weight="10.0"><version>SRC-EPT-192</version><title>Remote access devices will be configured so that the operation of the NIC and the modem are mutually exclusive.</title><description>&lt;VulnDiscussion&gt;Disabling of the NIC while the modem is enabled reduces the risk associated with being on a LAN with a dial up connection.&lt;/VulnDiscussion&gt;&lt;FalsePositives&gt;&lt;/FalsePositives&gt;&lt;FalseNegatives&gt;&lt;/FalseNegatives&gt;&lt;Documentable&gt;false&lt;/Documentable&gt;&lt;Mitigations&gt;&lt;/Mitigations&gt;&lt;SeverityOverrideGuidance&gt;&lt;/SeverityOverrideGuidance&gt;&lt;PotentialImpacts&gt;&lt;/PotentialImpacts&gt;&lt;ThirdPartyTools&gt;&lt;/ThirdPartyTools&gt;&lt;MitigationControl&gt;&lt;/MitigationControl&gt;&lt;Responsibility&gt;System Administrator&lt;/Responsibility&gt;&lt;IAControls&gt;ECSC-1&lt;/IAControls&gt;</description><reference><dc:title>VMS Target Desktop Application - Remote Access</dc:title><dc:publisher>DISA FSO</dc:publisher><dc:type>VMS Target</dc:type><dc:subject>Desktop Application - Remote Access</dc:subject><dc:identifier>807</dc:identifier></reference><fixtext fixref="F-6592r1_fix">Create a hardware profile that disables the modem when the network card is active.</fixtext><fix id="F-6592r1_fix" /><check system="C-2578r1_chk"><check-content-ref name="M" href="VMS_XCCDF_Benchmark_SRC - Remote Endpoint.xml" /><check-content>This check verifies the remote access device is configured to prevent simultaneous use of the NIC and modem for communications.

Verify that the remote device is configured to use at least two hardware profiles.  One profile enables the modem and disables the NIC, while the second profile disables the modem but enables the NIC.
	
Navigate to the Control Panel folder and select the “System” applet.
Select the “Hardware” tab for the System Properties menu.
Click “Cancel” to return to the “System Properties” dialog box.
Click the “Device Manager” button.
Expand and view the properties for the modem and the Network Adapter (controller).
Review the selection in the “Device Usage” area.
Reboot and select another hardware profile upon restart.  Repeat the above steps to view the modem and NIC in the other profile.  

If profiles are not in use on the remote device, this is a finding.

If “Use this device (enable)” is selected for both the modem and the NIC in a single hardware profile, this is a finding.
</check-content></check></Rule></Group><Group id="V-6653"><title>SRC-EPT-360 Changes to security configuration</title><description>&lt;GroupDescription&gt;&lt;/GroupDescription&gt;</description><Rule id="SV-6799r1_rule" severity="low" weight="10.0"><version>SRC-EPT-360</version><title>Changes to the security configuration of software or hardware of a Government-controlled remote access device are made without prior approval of the IAO.</title><description>&lt;VulnDiscussion&gt;Strong configuration controls will help prevent unauthorized configuration changes and software installs for the remote devices.&lt;/VulnDiscussion&gt;&lt;FalsePositives&gt;&lt;/FalsePositives&gt;&lt;FalseNegatives&gt;&lt;/FalseNegatives&gt;&lt;Documentable&gt;false&lt;/Documentable&gt;&lt;Mitigations&gt;&lt;/Mitigations&gt;&lt;SeverityOverrideGuidance&gt;&lt;/SeverityOverrideGuidance&gt;&lt;PotentialImpacts&gt;&lt;/PotentialImpacts&gt;&lt;ThirdPartyTools&gt;&lt;/ThirdPartyTools&gt;&lt;MitigationControl&gt;&lt;/MitigationControl&gt;&lt;Responsibility&gt;Information Assurance Officer&lt;/Responsibility&gt;&lt;IAControls&gt;ECSC-1&lt;/IAControls&gt;</description><reference><dc:title>VMS Target Desktop Application - Remote Access</dc:title><dc:publisher>DISA FSO</dc:publisher><dc:type>VMS Target</dc:type><dc:subject>Desktop Application - Remote Access</dc:subject><dc:identifier>807</dc:identifier></reference><fixtext fixref="F-6595r1_fix">Create a software baseline.</fixtext><fix id="F-6595r1_fix" /><check system="C-2579r1_chk"><check-content-ref name="M" href="VMS_XCCDF_Benchmark_SRC - Remote Endpoint.xml" /><check-content>This check verifies use of workstation policy and site written policy to prevent unapproved configuration changes.  

The system’s user and advanced user rights policies must be configured in accordance with DISA requirements to prevent users without administrative rights from installing or changing software or hardware configuration which may adversely affect the security posture of the laptop or workstation.

Use the User Manager or Administrative Tools applet to view user accounts and policies for users who access the system’s resources.  

Select “User Rights” from the “Policies” menu.
Select the checkbox, “Show Advanced User Rights.”
Click “Cancel” when finished examining the data in this dialog box.

By scrolling through the choices in the drop-down box labeled “Right,” navigate to the rights listed below and compare the contents of the “Grant To” listbox with the acceptable values in the following table.  If there are any discrepancies, this is a finding.

Users Rights     Authorized Groups
Load and unload device drivers     Administrators
Modify firmware environment values     Administrators

Next, examine any procedures or remote access agreement that informs the user of this requirement.  If the user is not informed of this requirement or if rights are not restricted to prevent installation of software or device drivers, this is a finding.  View a copy of approval letters if such approvals have been authorized.
</check-content></check></Rule></Group><Group id="V-6654"><title>SRC-EPT-405 Personal firewall</title><description>&lt;GroupDescription&gt;&lt;/GroupDescription&gt;</description><Rule id="SV-6800r1_rule" severity="medium" weight="10.0"><version>SRC-EPT-405</version><title>A device that accesses a DOD network remotely does not have a personal firewall installed.  </title><description>&lt;VulnDiscussion&gt;A personal firewall is required to protect the laptop from malicious activity while accessing a DOD network remotely.&lt;/VulnDiscussion&gt;&lt;FalsePositives&gt;&lt;/FalsePositives&gt;&lt;FalseNegatives&gt;&lt;/FalseNegatives&gt;&lt;Documentable&gt;false&lt;/Documentable&gt;&lt;Mitigations&gt;&lt;/Mitigations&gt;&lt;SeverityOverrideGuidance&gt;&lt;/SeverityOverrideGuidance&gt;&lt;PotentialImpacts&gt;&lt;/PotentialImpacts&gt;&lt;ThirdPartyTools&gt;&lt;/ThirdPartyTools&gt;&lt;MitigationControl&gt;&lt;/MitigationControl&gt;&lt;Responsibility&gt;System Administrator&lt;/Responsibility&gt;&lt;IAControls&gt;ECSC-1&lt;/IAControls&gt;</description><reference><dc:title>VMS Target Desktop Application - Remote Access</dc:title><dc:publisher>DISA FSO</dc:publisher><dc:type>VMS Target</dc:type><dc:subject>Desktop Application - Remote Access</dc:subject><dc:identifier>807</dc:identifier></reference><fixtext fixref="F-6588r1_fix">Install a personal firewall product that is licensed by DOD.</fixtext><fix id="F-6588r1_fix" /><check system="C-2580r1_chk"><check-content-ref name="M" href="VMS_XCCDF_Benchmark_SRC - Remote Endpoint.xml" /><check-content>Because of the variation of installations, you must work with the IAO and manually check to determine the product installed.  

The software version can usually be verified by starting the firewall program from the toolbar icon or from the Start menu.  The version number may appear in the window or be available by clicking the Help menu item and then selecting About.  The location varies from product to product.  

If the personal firewall is supported by the JTF-GNO and is older than the current JTF-GNO-provided release, this is a  finding.  

For technologies which do not have compatible DOD licensed personal firewalls available, then DAA approval and use of a NIAP Validated Products List with a Evaluation Assurance Level (EAL) of 2 or higher is an acceptable mitigation.
</check-content></check></Rule></Group><Group id="V-6655"><title>SRC-EPT-406 Firewall policy and baseline</title><description>&lt;GroupDescription&gt;&lt;/GroupDescription&gt;</description><Rule id="SV-6801r1_rule" severity="low" weight="10.0"><version>SRC-EPT-406</version><title>The site will establish a configuration baseline and policy regarding the use and configuration of personal firewalls for remote access clients.</title><description>&lt;VulnDiscussion&gt;A firewall configuration baseline will allow the IAO to have a mechanism to check the compliance of a firewall with the site policy.  These configurations can sometimes be updated by users and should be compared to a baseline.&lt;/VulnDiscussion&gt;&lt;FalsePositives&gt;&lt;/FalsePositives&gt;&lt;FalseNegatives&gt;&lt;/FalseNegatives&gt;&lt;Documentable&gt;false&lt;/Documentable&gt;&lt;Mitigations&gt;&lt;/Mitigations&gt;&lt;SeverityOverrideGuidance&gt;&lt;/SeverityOverrideGuidance&gt;&lt;PotentialImpacts&gt;&lt;/PotentialImpacts&gt;&lt;ThirdPartyTools&gt;&lt;/ThirdPartyTools&gt;&lt;MitigationControl&gt;&lt;/MitigationControl&gt;&lt;Responsibility&gt;System Administrator&lt;/Responsibility&gt;&lt;IAControls&gt;ECSC-1&lt;/IAControls&gt;</description><reference><dc:title>VMS Target Desktop Application - Remote Access</dc:title><dc:publisher>DISA FSO</dc:publisher><dc:type>VMS Target</dc:type><dc:subject>Desktop Application - Remote Access</dc:subject><dc:identifier>807</dc:identifier></reference><fixtext fixref="F-6597r1_fix">Develop a software baseline for the personal firewall configuration.</fixtext><fix id="F-6597r1_fix" /><check system="C-2582r1_chk"><check-content-ref name="M" href="VMS_XCCDF_Benchmark_SRC - Remote Endpoint.xml" /><check-content>Review a copy of the site’s baseline procedures or written policy regarding configuration of remote access devices.  Note that this check does not include validation of the contents, which is verified in another requirement.

If a personal firewall baseline configuration document does not exist, this is a finding.
</check-content></check></Rule></Group><Group id="V-6658"><title>SRC-EPT-400 Operationally unneeded ports</title><description>&lt;GroupDescription&gt;&lt;/GroupDescription&gt;</description><Rule id="SV-6804r1_rule" severity="high" weight="10.0"><version>SRC-EPT-400</version><title>Configure the endpoint firewall to block operationally unneeded ports.  </title><description>&lt;VulnDiscussion&gt;Blocking all unneeded ports protects the device from potential attacks and worms. (Remote Only)&lt;/VulnDiscussion&gt;&lt;FalsePositives&gt;&lt;/FalsePositives&gt;&lt;FalseNegatives&gt;&lt;/FalseNegatives&gt;&lt;Documentable&gt;false&lt;/Documentable&gt;&lt;Mitigations&gt;&lt;/Mitigations&gt;&lt;SeverityOverrideGuidance&gt;&lt;/SeverityOverrideGuidance&gt;&lt;PotentialImpacts&gt;&lt;/PotentialImpacts&gt;&lt;ThirdPartyTools&gt;&lt;/ThirdPartyTools&gt;&lt;MitigationControl&gt;&lt;/MitigationControl&gt;&lt;Responsibility&gt;System Administrator&lt;/Responsibility&gt;&lt;IAControls&gt;ECSC-1&lt;/IAControls&gt;</description><reference><dc:title>VMS Target Desktop Application - Remote Access</dc:title><dc:publisher>DISA FSO</dc:publisher><dc:type>VMS Target</dc:type><dc:subject>Desktop Application - Remote Access</dc:subject><dc:identifier>807</dc:identifier></reference><fixtext fixref="F-6589r1_fix">Block all unneeded ports.</fixtext><fix id="F-6589r1_fix" /><check system="C-2584r1_chk"><check-content-ref name="M" href="VMS_XCCDF_Benchmark_SRC - Remote Endpoint.xml" /><check-content>Inspect the configuration of the host-based firewall installed on the endpoint devices.  Examples of ports which are needed for operation are as follows: SMTP, SSL, HTTP, and HTTPS.  If other ports are open, request the IAO provide documented justification showing these ports are needed for site operations.    If this documentation does not exist, this is a finding.

The method of access to the firewall configuration will vary with the actual software.  However, in general, the configuration can be viewed by clicking on the program icon in the desktop tray or by using the Startup Programs menu.   Select the Configuration or Settings button/option and view the advanced custom settings for the Internet Zone.  
</check-content></check></Rule></Group><Group id="V-6659"><title>SRC-EPT-410 Deny-by-Default posture</title><description>&lt;GroupDescription&gt;&lt;/GroupDescription&gt;</description><Rule id="SV-6805r1_rule" severity="high" weight="10.0"><version>SRC-EPT-410</version><title>The host-based firewall installed on the endpoint device will be configured to a Deny-by-Default posture in accordance with the Ports and Protocols Service Management (PPSM) list.   </title><description>&lt;VulnDiscussion&gt;Blocking these ports protects the device from denial-of-service attacks. (Remote Only)&lt;/VulnDiscussion&gt;&lt;FalsePositives&gt;&lt;/FalsePositives&gt;&lt;FalseNegatives&gt;&lt;/FalseNegatives&gt;&lt;Documentable&gt;false&lt;/Documentable&gt;&lt;Mitigations&gt;&lt;/Mitigations&gt;&lt;SeverityOverrideGuidance&gt;&lt;/SeverityOverrideGuidance&gt;&lt;PotentialImpacts&gt;&lt;/PotentialImpacts&gt;&lt;ThirdPartyTools&gt;&lt;/ThirdPartyTools&gt;&lt;MitigationControl&gt;&lt;/MitigationControl&gt;&lt;Responsibility&gt;System Administrator&lt;/Responsibility&gt;&lt;IAControls&gt;ECSC-1&lt;/IAControls&gt;</description><reference><dc:title>VMS Target Desktop Application - Remote Access</dc:title><dc:publisher>DISA FSO</dc:publisher><dc:type>VMS Target</dc:type><dc:subject>Desktop Application - Remote Access</dc:subject><dc:identifier>807</dc:identifier></reference><fixtext fixref="F-6596r1_fix">A Deny-by-Default posture is setup on the personal firewall.</fixtext><fix id="F-6596r1_fix" /><check system="C-2585r1_chk"><check-content-ref name="M" href="VMS_XCCDF_Benchmark_SRC - Remote Endpoint.xml" /><check-content>The method of access to the firewall configuration will vary with the actual software.  However, in general, the configuration can be viewed by clicking on the program icon in the desktop tray or by using the Start menu.  Select the Configuration or Settings button/option and view the advanced custom settings for the Internet Zone.  
PPSM.

If the personal firewall is not configured for a Deny-by-Default posture, this is a finding.
</check-content></check></Rule></Group><Group id="V-6662"><title>SRC-EPT-420 Personal firewall deny-by-default</title><description>&lt;GroupDescription&gt;&lt;/GroupDescription&gt;</description><Rule id="SV-6810r1_rule" severity="medium" weight="10.0"><version>SRC-EPT-420</version><title>Host-based firewall wil be configured in a deny-by-default mode for ports and services.  </title><description>&lt;VulnDiscussion&gt;Configuring the personal firewall to be in deny-by-default posture will ensure only known and needed ports are opened for traffic.  (Remote Only)&lt;/VulnDiscussion&gt;&lt;FalsePositives&gt;&lt;/FalsePositives&gt;&lt;FalseNegatives&gt;&lt;/FalseNegatives&gt;&lt;Documentable&gt;false&lt;/Documentable&gt;&lt;Mitigations&gt;&lt;/Mitigations&gt;&lt;SeverityOverrideGuidance&gt;&lt;/SeverityOverrideGuidance&gt;&lt;PotentialImpacts&gt;&lt;/PotentialImpacts&gt;&lt;ThirdPartyTools&gt;&lt;/ThirdPartyTools&gt;&lt;MitigationControl&gt;&lt;/MitigationControl&gt;&lt;Responsibility&gt;System Administrator&lt;/Responsibility&gt;&lt;IAControls&gt;ECSC-1&lt;/IAControls&gt;</description><reference><dc:title>VMS Target Desktop Application - Remote Access</dc:title><dc:publisher>DISA FSO</dc:publisher><dc:type>VMS Target</dc:type><dc:subject>Desktop Application - Remote Access</dc:subject><dc:identifier>807</dc:identifier></reference><fixtext fixref="F-6598r1_fix">Ensure the firewall is in a deny by default configuration.</fixtext><fix id="F-6598r1_fix" /><check system="C-2590r1_chk"><check-content-ref name="M" href="VMS_XCCDF_Benchmark_SRC - Remote Endpoint.xml" /><check-content>This check verifies that the firewall is configured in a deny by default posture. 

The method of access to the firewall configuration will vary with the actual software.  However, in general, the configuration can be viewed by clicking on the program icon in the desktop tray or by using the Start menu.  Select the Configuration or Settings button/option and view the advanced custom settings for the Internet Zone.  

If the firewall is not in a deny by default posture, this is a finding.
</check-content></check></Rule></Group><Group id="V-6663"><title>SRC-EPT-430 Firewall inbound traffic log</title><description>&lt;GroupDescription&gt;&lt;/GroupDescription&gt;</description><Rule id="SV-6811r1_rule" severity="low" weight="10.0"><version>SRC-EPT-430</version><title>Host-based firewalls installed on the endpoint devices will be configured to log all inbound connections.</title><description>&lt;VulnDiscussion&gt;Logs are needed in the event that an attack was successful or in order to detect potentially malicious activity. (Remote Only)&lt;/VulnDiscussion&gt;&lt;FalsePositives&gt;&lt;/FalsePositives&gt;&lt;FalseNegatives&gt;&lt;/FalseNegatives&gt;&lt;Documentable&gt;false&lt;/Documentable&gt;&lt;Mitigations&gt;&lt;/Mitigations&gt;&lt;SeverityOverrideGuidance&gt;&lt;/SeverityOverrideGuidance&gt;&lt;PotentialImpacts&gt;&lt;/PotentialImpacts&gt;&lt;ThirdPartyTools&gt;&lt;/ThirdPartyTools&gt;&lt;MitigationControl&gt;&lt;/MitigationControl&gt;&lt;Responsibility&gt;System Administrator&lt;/Responsibility&gt;&lt;IAControls&gt;ECSC-1&lt;/IAControls&gt;</description><reference><dc:title>VMS Target Desktop Application - Remote Access</dc:title><dc:publisher>DISA FSO</dc:publisher><dc:type>VMS Target</dc:type><dc:subject>Desktop Application - Remote Access</dc:subject><dc:identifier>807</dc:identifier></reference><fixtext fixref="F-6599r1_fix">Configure the firewall to log in bound connections.</fixtext><fix id="F-6599r1_fix" /><check system="C-2591r1_chk"><check-content-ref name="M" href="VMS_XCCDF_Benchmark_SRC - Remote Endpoint.xml" /><check-content>Have the SA or NSO demonstrate the configuration of the personal firewall.  

The method of access to the firewall configuration will vary with the actual software.  However, in general, the configuration can be viewed by clicking on the program icon in the desktop tray or by using the Start menu.   

Navigate to the Alerts configuration menu or tab and verify that the setting to log alerts is enabled.  At a minimum, all inbound connections from the Internet Zone must be logged to a text file.

If the log alerts setting is not enabled in the personal firewall software, this is a finding.
</check-content></check></Rule></Group><Group id="V-6664"><title>SRC-EPT-440 View firewall logs weekly</title><description>&lt;GroupDescription&gt;&lt;/GroupDescription&gt;</description><Rule id="SV-6812r1_rule" severity="low" weight="10.0"><version>SRC-EPT-440</version><title>The remote user will be trained to inspect the firewall logs at least weekly and report any unusual events or suspicious activity to their security officer.</title><description>&lt;VulnDiscussion&gt;Log review is an important step in determining if potentially malicious activity has occurred and then can be reported.&lt;/VulnDiscussion&gt;&lt;FalsePositives&gt;&lt;/FalsePositives&gt;&lt;FalseNegatives&gt;&lt;/FalseNegatives&gt;&lt;Documentable&gt;false&lt;/Documentable&gt;&lt;Mitigations&gt;&lt;/Mitigations&gt;&lt;SeverityOverrideGuidance&gt;&lt;/SeverityOverrideGuidance&gt;&lt;PotentialImpacts&gt;&lt;/PotentialImpacts&gt;&lt;ThirdPartyTools&gt;&lt;/ThirdPartyTools&gt;&lt;MitigationControl&gt;&lt;/MitigationControl&gt;&lt;Responsibility&gt;System Administrator&lt;/Responsibility&gt;&lt;IAControls&gt;ECSC-1&lt;/IAControls&gt;</description><reference><dc:title>VMS Target Desktop Application - Remote Access</dc:title><dc:publisher>DISA FSO</dc:publisher><dc:type>VMS Target</dc:type><dc:subject>Desktop Application - Remote Access</dc:subject><dc:identifier>807</dc:identifier></reference><fixtext fixref="F-6600r1_fix">Develop and implement procedures to review audit data.</fixtext><fix id="F-6600r1_fix" /><check system="C-2592r1_chk"><check-content-ref name="M" href="VMS_XCCDF_Benchmark_SRC - Remote Endpoint.xml" /><check-content>Inspect the training or user agreement documentation.  Verifiy that the users are informed of this requirement.

If the user is unaware of this requirement or does not perform this task at least weekly, this is a finding.
</check-content></check></Rule></Group><Group id="V-6665"><title>Personal firewall not configured to Medium</title><description>&lt;GroupDescription&gt;&lt;/GroupDescription&gt;</description><Rule id="SV-6813r1_rule" severity="medium" weight="10.0"><version>SRC-EPT-450</version><title>The personal firewall must be set to a minimum level of "Medium" or other designated intermediate setting or higher.  </title><description>&lt;VulnDiscussion&gt;By setting the overall firewall to an intermediate/"Medium" or high, a protection mechanism is in place to protect the machine from malicious activity. (Remote Only)&lt;/VulnDiscussion&gt;&lt;FalsePositives&gt;&lt;/FalsePositives&gt;&lt;FalseNegatives&gt;&lt;/FalseNegatives&gt;&lt;Documentable&gt;false&lt;/Documentable&gt;&lt;Mitigations&gt;&lt;/Mitigations&gt;&lt;SeverityOverrideGuidance&gt;&lt;/SeverityOverrideGuidance&gt;&lt;PotentialImpacts&gt;&lt;/PotentialImpacts&gt;&lt;ThirdPartyTools&gt;&lt;/ThirdPartyTools&gt;&lt;MitigationControl&gt;&lt;/MitigationControl&gt;&lt;Responsibility&gt;System Administrator&lt;/Responsibility&gt;&lt;IAControls&gt;ECSC-1&lt;/IAControls&gt;</description><reference><dc:title>VMS Target Desktop Application - Remote Access</dc:title><dc:publisher>DISA FSO</dc:publisher><dc:type>VMS Target</dc:type><dc:subject>Desktop Application - Remote Access</dc:subject><dc:identifier>807</dc:identifier></reference><fixtext fixref="F-6602r1_fix">Ensure firewall is set to at least a medium level of security.</fixtext><fix id="F-6602r1_fix" /><check system="C-2593r1_chk"><check-content-ref name="M" href="VMS_XCCDF_Benchmark_SRC - Remote Endpoint.xml" /><check-content>This check verifies that the personal firewall security level is in compliance.  The method of access to the firewall configuration will vary with the actual software.  However, in general, the configuration can be viewed by clicking on the program icon in the desktop tray or by using the Programs menu. 
Navigate to the personal firewall Security Settings configuration window or tab and verify that the security level for both the Local and Internet Zones are set to intermediate setting of “Medium” or higher.  The specific default intermediate settings may vary, depending on the vendor firewall used.  At a minimum, this level of security should be customized to include the following: 
-       Blocking all Internet access until expressly permitted by the user. 
-       Silently block unused ports.
-       Block or prompt for usage of Java Applet and ActiveX controls.
If the security level is not set to a minimum of intermediate or “Medium” and the above listed minimum settings are not in place, then mark this as a Category II finding.
</check-content></check></Rule></Group><Group id="V-6667"><title>SRC-EPT-570 File encryption for DAR</title><description>&lt;GroupDescription&gt;&lt;/GroupDescription&gt;</description><Rule id="SV-6815r1_rule" severity="medium" weight="10.0"><version>SRC-EPT-570</version><title>Encrypt sensitive data (e.g., FOUO, Privacy Act information) stored on remote access/telework clients using a whole disk encryption method. The encryption system is on the Data at Rest (DAR) approved products list or is FIPS 140-2 overall Level 1 or 2 validated (as directed by the DAA based on the sensitivity of the data).</title><description>&lt;VulnDiscussion&gt;The July 3, 2007 DoD Policy Memorandum "Encryption of Sensitive Unclassified Data at Rest on Mobile Computing Devices and Removable Storage Media" requires that remote and mobile drives be encrypted using FIPS 140-2 modules. With a few exceptions products must be procured from the DAR
contract. DoD Components must purchase DAR encryption products to protect DoD DAR on mobile computing devices and removable storage media through the ESI or GSA SmartBuy BPAs. Exceptions would be if those encryption products were FIPS 140-2 compliant and included as an integral part of other products such as Vista BitLocker, or if the cryptographic modules are approved by NSA
(with formal NSA Approval Letter). &lt;/VulnDiscussion&gt;&lt;FalsePositives&gt;&lt;/FalsePositives&gt;&lt;FalseNegatives&gt;&lt;/FalseNegatives&gt;&lt;Documentable&gt;false&lt;/Documentable&gt;&lt;Mitigations&gt;&lt;/Mitigations&gt;&lt;SeverityOverrideGuidance&gt;&lt;/SeverityOverrideGuidance&gt;&lt;PotentialImpacts&gt;&lt;/PotentialImpacts&gt;&lt;ThirdPartyTools&gt;&lt;/ThirdPartyTools&gt;&lt;MitigationControl&gt;&lt;/MitigationControl&gt;&lt;Responsibility&gt;System Administrator&lt;/Responsibility&gt;&lt;IAControls&gt;ECSC-1&lt;/IAControls&gt;</description><reference><dc:title>VMS Target Desktop Application - Remote Access</dc:title><dc:publisher>DISA FSO</dc:publisher><dc:type>VMS Target</dc:type><dc:subject>Desktop Application - Remote Access</dc:subject><dc:identifier>807</dc:identifier></reference><fixtext fixref="F-6604r1_fix">Ensure sensitive data is encrypted using an approved encryption product.</fixtext><fix id="F-6604r1_fix" /><check system="C-2595r1_chk"><check-content-ref name="M" href="VMS_XCCDF_Benchmark_SRC - Remote Endpoint.xml" /><check-content>This check verifies use of an approved encryption product to protect data on client devices used for remote access.  The site should provide documentation of compliance.  The site may also provide documentation that product is on the approved Data at Rest (DAR) products list.

To verify encryption is configured on the remote endpoints, check the configuration of the operating system.

If either an approved product is not used or it is not configured for use on the devices, this is a finding.</check-content></check></Rule></Group><Group id="V-6669"><title>SRC-EPT-590 Backup and store key</title><description>&lt;GroupDescription&gt;&lt;/GroupDescription&gt;</description><Rule id="SV-6817r1_rule" severity="medium" weight="10.0"><version>SRC-EPT-590</version><title>The remote user will back up and store the private encryption key in a secure location.</title><description>&lt;VulnDiscussion&gt;If the encryption key is lost, the data will be nonrecoverable.&lt;/VulnDiscussion&gt;&lt;FalsePositives&gt;&lt;/FalsePositives&gt;&lt;FalseNegatives&gt;&lt;/FalseNegatives&gt;&lt;Documentable&gt;false&lt;/Documentable&gt;&lt;Mitigations&gt;&lt;/Mitigations&gt;&lt;SeverityOverrideGuidance&gt;&lt;/SeverityOverrideGuidance&gt;&lt;PotentialImpacts&gt;&lt;/PotentialImpacts&gt;&lt;ThirdPartyTools&gt;&lt;/ThirdPartyTools&gt;&lt;MitigationControl&gt;&lt;/MitigationControl&gt;&lt;Responsibility&gt;System Administrator&lt;/Responsibility&gt;&lt;IAControls&gt;ECSC-1&lt;/IAControls&gt;</description><reference><dc:title>VMS Target Desktop Application - Remote Access</dc:title><dc:publisher>DISA FSO</dc:publisher><dc:type>VMS Target</dc:type><dc:subject>Desktop Application - Remote Access</dc:subject><dc:identifier>807</dc:identifier></reference><fixtext fixref="F-6606r1_fix">Develop and implement a process to ensure a backup of the encryption key is stored in a secure location.</fixtext><fix id="F-6606r1_fix" /><check system="C-2597r1_chk"><check-content-ref name="I" href="VMS_XCCDF_Benchmark_SRC - Remote Endpoint.xml" /><check-content>Interview a sampling of remote users to verify that they store a copy of the private encryption key in a secure location (e.g., floppy disk, CD, etc.).  If they do not follow this procedure, ask if they were trained on this requirement and examine the sites remote user agreement or training documentation for a description of this procedure.

If the user is does not have a back up of the private key, this is a finding.

If users are not available for interview and this requirement is not addressed in either user training or user access agreement, this is a finding.
</check-content></check></Rule></Group><Group id="V-6670"><title>SRC-EPT-600 Key and data recovery process</title><description>&lt;GroupDescription&gt;&lt;/GroupDescription&gt;</description><Rule id="SV-6818r1_rule" severity="low" weight="10.0"><version>SRC-EPT-600</version><title>Establish a mechanism or put a procedure in place for key and/or data recovery to prevent loss of data if the user losses the encryption key.</title><description>&lt;VulnDiscussion&gt;Without a mechanism for key recovery, any data that was encrypted with the key could be lost.&lt;/VulnDiscussion&gt;&lt;FalsePositives&gt;&lt;/FalsePositives&gt;&lt;FalseNegatives&gt;&lt;/FalseNegatives&gt;&lt;Documentable&gt;false&lt;/Documentable&gt;&lt;Mitigations&gt;&lt;/Mitigations&gt;&lt;SeverityOverrideGuidance&gt;&lt;/SeverityOverrideGuidance&gt;&lt;PotentialImpacts&gt;&lt;/PotentialImpacts&gt;&lt;ThirdPartyTools&gt;&lt;/ThirdPartyTools&gt;&lt;MitigationControl&gt;&lt;/MitigationControl&gt;&lt;Responsibility&gt;System Administrator&lt;/Responsibility&gt;&lt;IAControls&gt;ECSC-1&lt;/IAControls&gt;</description><reference><dc:title>VMS Target Desktop Application - Remote Access</dc:title><dc:publisher>DISA FSO</dc:publisher><dc:type>VMS Target</dc:type><dc:subject>Desktop Application - Remote Access</dc:subject><dc:identifier>807</dc:identifier></reference><fixtext fixref="F-6608r1_fix">Develop a recovery plan for key recovery or data recovery in the event of a lost key.</fixtext><fix id="F-6608r1_fix" /><check system="C-2598r1_chk"><check-content-ref name="I" href="VMS_XCCDF_Benchmark_SRC - Remote Endpoint.xml" /><check-content>Interview the IAO to verify data loss prevention procedures for encrypted data on remote access devices.  These procedures may be as simple as a requirement for users to backup or an automated backup to an unencrypted folder on the network.  Alternative but more expensive methods are third party key storage and multiple key access.

If procedures do not exist for key or data recovery, this is a finding.
</check-content></check></Rule></Group><Group id="V-6671"><title>SRC-EPT-800 Split tunneling on the VPN</title><description>&lt;GroupDescription&gt;&lt;/GroupDescription&gt;</description><Rule id="SV-6819r1_rule" severity="medium" weight="10.0"><version>SRC-EPT-800</version><title>The VPN client on the endpoint device will be configured to disable or disallow split tunneling.</title><description>&lt;VulnDiscussion&gt;Split tunneling needs to be disabled so traffic is not visible to two networks at the same time. This means that printing for teleworkers will not be available.  (Remote Only)&lt;/VulnDiscussion&gt;&lt;FalsePositives&gt;&lt;/FalsePositives&gt;&lt;FalseNegatives&gt;&lt;/FalseNegatives&gt;&lt;Documentable&gt;false&lt;/Documentable&gt;&lt;Mitigations&gt;&lt;/Mitigations&gt;&lt;SeverityOverrideGuidance&gt;&lt;/SeverityOverrideGuidance&gt;&lt;PotentialImpacts&gt;&lt;/PotentialImpacts&gt;&lt;ThirdPartyTools&gt;&lt;/ThirdPartyTools&gt;&lt;MitigationControl&gt;&lt;/MitigationControl&gt;&lt;Responsibility&gt;System Administrator&lt;/Responsibility&gt;&lt;IAControls&gt;ECSC-1&lt;/IAControls&gt;</description><reference><dc:title>VMS Target Desktop Application - Remote Access</dc:title><dc:publisher>DISA FSO</dc:publisher><dc:type>VMS Target</dc:type><dc:subject>Desktop Application - Remote Access</dc:subject><dc:identifier>807</dc:identifier></reference><fixtext fixref="F-6607r1_fix">Configure the VPN so that split tunneling is disabled.</fixtext><fix id="F-6607r1_fix" /><check system="C-2599r1_chk"><check-content-ref name="M" href="VMS_XCCDF_Benchmark_SRC - Remote Endpoint.xml" /><check-content>Execute the software’s dialer applet from the Programs menu.  The selections may vary depending on the products used for the VPN client.  

Verify that split tunneling is disabled or that tunneling is enabled in the Properties dialog box.  Upon the establishment of a VPN connection to a DOD network, no other connections of any kind will be established.

Next, verify that the setting for “local LAN access” is not selected.  For example, if home networks are used, no connection between the device and other home network devices will be established during a VPN session.

If Split Tunneling is used for VPN communications or if local LAN access is permitted, even for printing purposes, this is a finding.
</check-content></check></Rule></Group><Group id="V-6672"><title>SRC-EPT-610 VPN client security</title><description>&lt;GroupDescription&gt;&lt;/GroupDescription&gt;</description><Rule id="SV-6820r1_rule" severity="medium" weight="10.0"><version>SRC-EPT-610</version><title>The VPN client configuration will be protected by access control so the remote user cannot change the security settings.</title><description>&lt;VulnDiscussion&gt;Without proper configuration control, security controls can become lessened on a remote access machine.&lt;/VulnDiscussion&gt;&lt;FalsePositives&gt;&lt;/FalsePositives&gt;&lt;FalseNegatives&gt;&lt;/FalseNegatives&gt;&lt;Documentable&gt;false&lt;/Documentable&gt;&lt;Mitigations&gt;&lt;/Mitigations&gt;&lt;SeverityOverrideGuidance&gt;&lt;/SeverityOverrideGuidance&gt;&lt;PotentialImpacts&gt;&lt;/PotentialImpacts&gt;&lt;ThirdPartyTools&gt;&lt;/ThirdPartyTools&gt;&lt;MitigationControl&gt;&lt;/MitigationControl&gt;&lt;Responsibility&gt;System Administrator&lt;/Responsibility&gt;&lt;IAControls&gt;ECSC-1&lt;/IAControls&gt;</description><reference><dc:title>VMS Target Desktop Application - Remote Access</dc:title><dc:publisher>DISA FSO</dc:publisher><dc:type>VMS Target</dc:type><dc:subject>Desktop Application - Remote Access</dc:subject><dc:identifier>807</dc:identifier></reference><fixtext fixref="F-6609r1_fix">Ensure there is a configuration control process in place and is followed for VPN client configurations.</fixtext><fix id="F-6609r1_fix" /><check system="C-2600r1_chk"><check-content-ref name="M" href="VMS_XCCDF_Benchmark_SRC - Remote Endpoint.xml" /><check-content>Verify the system’s user and advanced user rights policies are configured in accordance with DISA requirements to prevent users without administrative rights from installing or changing software or hardware configurations, which may adversely affect the security posture of the remote device.

There are several ways to accomplish this item.  Have the NSO demonstrate the site’s method for securing the VPN profile configuration.  Since the VPN client software generally does not have a setting for preventing users from changing the settings, the most likely method used will be to enable the operating system policies to ensure the profile directory of the client software is enabled for read and execute only for ordinary users.

Next, examine any procedures or remote access agreement that informs the user of this requirement.  

If the user is not informed of this requirement or if rights are not restricted to prevent installation of software or device drivers, this is a finding.  

Note:  If the remote user has administrative rights, then this is a finding only if a written policy does not exist informing the user that changes must be pre-approved regardless of having administrative rights.
</check-content></check></Rule></Group><Group id="V-6673"><title>SRC-EPT-620 Remote user training</title><description>&lt;GroupDescription&gt;&lt;/GroupDescription&gt;</description><Rule id="SV-6821r1_rule" severity="low" weight="10.0"><version>SRC-EPT-620</version><title>Remote users will be trained or given instructions on proper and authorized usage of the VPN client prior to accessing the DoD network.</title><description>&lt;VulnDiscussion&gt;Without proper training, remote users may not completely understand the procedures for connecting to a DoD network remotely, which may result in a system compromise.&lt;/VulnDiscussion&gt;&lt;FalsePositives&gt;&lt;/FalsePositives&gt;&lt;FalseNegatives&gt;&lt;/FalseNegatives&gt;&lt;Documentable&gt;false&lt;/Documentable&gt;&lt;Mitigations&gt;&lt;/Mitigations&gt;&lt;SeverityOverrideGuidance&gt;&lt;/SeverityOverrideGuidance&gt;&lt;PotentialImpacts&gt;&lt;/PotentialImpacts&gt;&lt;ThirdPartyTools&gt;&lt;/ThirdPartyTools&gt;&lt;MitigationControl&gt;&lt;/MitigationControl&gt;&lt;Responsibility&gt;System Administrator&lt;/Responsibility&gt;&lt;IAControls&gt;ECSC-1&lt;/IAControls&gt;</description><reference><dc:title>VMS Target Desktop Application - Remote Access</dc:title><dc:publisher>DISA FSO</dc:publisher><dc:type>VMS Target</dc:type><dc:subject>Desktop Application - Remote Access</dc:subject><dc:identifier>807</dc:identifier></reference><fixtext fixref="F-6610r1_fix">Develop and distribute user instructions for the VPN client.</fixtext><fix id="F-6610r1_fix" /><check system="C-2601r1_chk"><check-content-ref name="M" href="VMS_XCCDF_Benchmark_SRC - Remote Endpoint.xml" /><check-content>Verify the existence of VPN client configuration and access procedures.  Also, examine the site user training program to ensure VPN security procedures are included.  Such items as local LAN access, split tunneling, and obtaining approval for configuration changes should be addressed in the training.

If written VPN procedures do not exist, are inadequate, or are not provided to the users, this is a finding.  If VPN security is not included in the training program, this is a finding.
</check-content></check></Rule></Group><Group id="V-6674"><title>SRC-EPT-630 IPSec tunnel encapsulation</title><description>&lt;GroupDescription&gt;&lt;/GroupDescription&gt;</description><Rule id="SV-6822r1_rule" severity="medium" weight="10.0"><version>SRC-EPT-630</version><title>Configure the IPSec VPN client to use attributes such as 3DES, tunnel encapsulation mode, and a FIPS 140-2 approved authentication algorithm.</title><description>&lt;VulnDiscussion&gt;An approved algorithm must be used in order to protect data during the VPN session.  (Remote Only)&lt;/VulnDiscussion&gt;&lt;FalsePositives&gt;&lt;/FalsePositives&gt;&lt;FalseNegatives&gt;&lt;/FalseNegatives&gt;&lt;Documentable&gt;false&lt;/Documentable&gt;&lt;Mitigations&gt;&lt;/Mitigations&gt;&lt;SeverityOverrideGuidance&gt;&lt;/SeverityOverrideGuidance&gt;&lt;PotentialImpacts&gt;&lt;/PotentialImpacts&gt;&lt;ThirdPartyTools&gt;&lt;/ThirdPartyTools&gt;&lt;MitigationControl&gt;&lt;/MitigationControl&gt;&lt;Responsibility&gt;System Administrator&lt;/Responsibility&gt;&lt;IAControls&gt;ECSC-1&lt;/IAControls&gt;</description><reference><dc:title>VMS Target Desktop Application - Remote Access</dc:title><dc:publisher>DISA FSO</dc:publisher><dc:type>VMS Target</dc:type><dc:subject>Desktop Application - Remote Access</dc:subject><dc:identifier>807</dc:identifier></reference><fixtext fixref="F-6593r1_fix">Ensure that IPSEC is being used.</fixtext><fix id="F-6593r1_fix" /><check system="C-2602r1_chk"><check-content-ref name="M" href="VMS_XCCDF_Benchmark_SRC - Remote Endpoint.xml" /><check-content>Interview the network administrator to ensure both the VPN appliance and the client software use IPSec tunneling protocol to secure traffic sent between the network and remote access devices.  That is, the tunneling protocol selected in the VPN configuration must be IPSec only.  

Next, navigate to the IPSec configuration tab of the VPN appliance; the IPSec attribute values selected must be AES, ESP, and MD5.  

The above settings are controlled in the VPN network appliance configuration, but encryption protocol and authentication protocol settings in the client configuration must be compatible or the client’s remote connection request will be unsuccessful.  Configuration of the network device is beyond the scope of this requirement, however, these settings are addressed in the VPN procedures document required in SRC-EPT-620. 

View the dial-up VPN client communications security properties using the following steps.
Select “Setting” from the Start Menu.
Select “Network and Dial-up Connections”. 
Select the VPN connection used for connection to the remote network.  (Hint:  The type will be Virtual Private Network).
Right click and select “properties” and select the “Security” tab.
Verify data encryption is turned on.

Refer to SRC-EPT-800 for instructions on verifying Tunnel mode is enabled on the client.

If the IPSec tunneling protocol is not enabled for VPN communications between the client and VPN appliance, this is a finding.  If the concentrator is not configured to use ESP and AES, this is a finding.  If the VPN client used is not FIPs 140-1/2 compliant, this is a finding. 
</check-content></check></Rule></Group><Group id="V-19141"><title>SRC-EPT-350 SNMP disabled on remote endpoints</title><description>&lt;GroupDescription&gt;&lt;/GroupDescription&gt;</description><Rule id="SV-20954r1_rule" severity="medium" weight="10.0"><version>SRC-EPT-350</version><title>Ensure SNMP is disabled or not installed on all remote access endpoints.</title><description>&lt;VulnDiscussion&gt;There are many known vulnerabilities in the SNMP protocol and if the default community strings and passwords are not modified, an unauthorized individual could gain control of the endpoint. This could lead to a denial of service or the compromise of sensitive data. Since this protocol is blocked at the router, it should not be installed or enabled on remote systems.&lt;/VulnDiscussion&gt;&lt;FalsePositives&gt;&lt;/FalsePositives&gt;&lt;FalseNegatives&gt;&lt;/FalseNegatives&gt;&lt;Documentable&gt;false&lt;/Documentable&gt;&lt;Mitigations&gt;&lt;/Mitigations&gt;&lt;SeverityOverrideGuidance&gt;&lt;/SeverityOverrideGuidance&gt;&lt;PotentialImpacts&gt;&lt;/PotentialImpacts&gt;&lt;ThirdPartyTools&gt;&lt;/ThirdPartyTools&gt;&lt;MitigationControl&gt;&lt;/MitigationControl&gt;&lt;Responsibility&gt;Information Assurance Officer&lt;/Responsibility&gt;&lt;IAControls&gt;ECSC-1&lt;/IAControls&gt;</description><reference><dc:title>VMS Target Desktop Application - Remote Access</dc:title><dc:publisher>DISA FSO</dc:publisher><dc:type>VMS Target</dc:type><dc:subject>Desktop Application - Remote Access</dc:subject><dc:identifier>807</dc:identifier></reference><fixtext fixref="F-19692r1_fix">Ensure SNMP is not enabled.</fixtext><fix id="F-19692r1_fix" /><check system="C-22761r1_chk"><check-content-ref name="M" href="VMS_XCCDF_Benchmark_SRC - Remote Endpoint.xml" /><check-content>Navigate to the Services applet in the Administrative Tools folder. Check the services listing to see if SNMP is installed and enabled.

If SNMP service is installed, this is a finding.</check-content></check></Rule></Group></Benchmark>