<?xml version="1.0" encoding="utf-8"?><?xml-stylesheet type='text/xsl' href='STIG_unclass.xsl'?><Benchmark xmlns:dsig="http://www.w3.org/2000/09/xmldsig#" xmlns:xhtml="http://www.w3.org/1999/xhtml" xmlns:xsi="http://www.w3.org/2001/XMLSchema-instance" xmlns:cpe="http://cpe.mitre.org/language/2.0" xmlns:dc="http://purl.org/dc/elements/1.1/" id="IBM_Hardware_Management_Console_Policies" xml:lang="en" xsi:schemaLocation="http://checklists.nist.gov/xccdf/1.1 http://nvd.nist.gov/schema/xccdf-1.1.4.xsd http://cpe.mitre.org/dictionary/2.0 http://cpe.mitre.org/files/cpe-dictionary_2.1.xsd" xmlns="http://checklists.nist.gov/xccdf/1.1"><status date="2015-01-14">accepted</status><title>IBM Hardware Management Console (HMC) STIG Policies</title><description>Policy and Documentation Vulnerabilities for IBM Hardware Management Console (HMC).</description><notice id="terms-of-use" xml:lang="en"></notice><reference href="http://iase.disa.mil"><dc:publisher>DISA, Field Security Operations</dc:publisher><dc:source>STIG.DOD.MIL</dc:source></reference><plain-text id="release-info">Release: 2 Benchmark Date: 20 Jan 2015</plain-text><version>1</version><Profile id="MAC-1_Classified"><title>I - Mission Critical Classified</title><description>&lt;ProfileDescription&gt;&lt;/ProfileDescription&gt;</description><select idref="V-24841" selected="true" /><select idref="V-24842" selected="true" /><select idref="V-24843" selected="true" /><select idref="V-24844" selected="true" /></Profile><Profile id="MAC-1_Public"><title>I - Mission Critical Public</title><description>&lt;ProfileDescription&gt;&lt;/ProfileDescription&gt;</description><select idref="V-24841" selected="true" /><select idref="V-24842" selected="true" /><select idref="V-24843" selected="true" /><select idref="V-24844" selected="true" /></Profile><Profile id="MAC-1_Sensitive"><title>I - Mission Critical Sensitive</title><description>&lt;ProfileDescription&gt;&lt;/ProfileDescription&gt;</description><select idref="V-24841" selected="true" /><select idref="V-24842" selected="true" /><select idref="V-24843" selected="true" /><select idref="V-24844" selected="true" /></Profile><Profile id="MAC-2_Classified"><title>II - Mission Support Classified</title><description>&lt;ProfileDescription&gt;&lt;/ProfileDescription&gt;</description><select idref="V-24841" selected="true" /><select idref="V-24842" selected="true" /><select idref="V-24843" selected="true" /><select idref="V-24844" selected="true" /></Profile><Profile id="MAC-2_Public"><title>II - Mission Support Public</title><description>&lt;ProfileDescription&gt;&lt;/ProfileDescription&gt;</description><select idref="V-24841" selected="true" /><select idref="V-24842" selected="true" /><select idref="V-24843" selected="true" /><select idref="V-24844" selected="true" /></Profile><Profile id="MAC-2_Sensitive"><title>II - Mission Support Sensitive</title><description>&lt;ProfileDescription&gt;&lt;/ProfileDescription&gt;</description><select idref="V-24841" selected="true" /><select idref="V-24842" selected="true" /><select idref="V-24843" selected="true" /><select idref="V-24844" selected="true" /></Profile><Profile id="MAC-3_Classified"><title>III - Administrative Classified</title><description>&lt;ProfileDescription&gt;&lt;/ProfileDescription&gt;</description><select idref="V-24841" selected="true" /><select idref="V-24842" selected="true" /><select idref="V-24843" selected="true" /><select idref="V-24844" selected="true" /></Profile><Profile id="MAC-3_Public"><title>III - Administrative Public</title><description>&lt;ProfileDescription&gt;&lt;/ProfileDescription&gt;</description><select idref="V-24841" selected="true" /><select idref="V-24842" selected="true" /><select idref="V-24843" selected="true" /><select idref="V-24844" selected="true" /></Profile><Profile id="MAC-3_Sensitive"><title>III - Administrative Sensitive</title><description>&lt;ProfileDescription&gt;&lt;/ProfileDescription&gt;</description><select idref="V-24841" selected="true" /><select idref="V-24842" selected="true" /><select idref="V-24843" selected="true" /><select idref="V-24844" selected="true" /></Profile><Group id="V-24841"><title>HMCP0010</title><description>&lt;GroupDescription&gt;&lt;/GroupDescription&gt;</description><Rule id="SV-30530r1_rule" severity="low" weight="10.0"><version>HMCP0010</version><title>Initial Program Load (IPL) Procedures must exists for each partition defined to the system.</title><description>&lt;VulnDiscussion&gt;If procedures for performing IPLs are not in place, it is extremely difficult to ensure overall operating system integrity.&lt;/VulnDiscussion&gt;&lt;FalsePositives&gt;&lt;/FalsePositives&gt;&lt;FalseNegatives&gt;&lt;/FalseNegatives&gt;&lt;Documentable&gt;false&lt;/Documentable&gt;&lt;Mitigations&gt;&lt;/Mitigations&gt;&lt;SeverityOverrideGuidance&gt;&lt;/SeverityOverrideGuidance&gt;&lt;PotentialImpacts&gt;&lt;/PotentialImpacts&gt;&lt;ThirdPartyTools&gt;&lt;/ThirdPartyTools&gt;&lt;MitigationControl&gt;&lt;/MitigationControl&gt;&lt;Responsibility&gt;System Administrator&lt;/Responsibility&gt;&lt;Responsibility&gt;Information Assurance Officer&lt;/Responsibility&gt;&lt;Responsibility&gt;Information Assurance Manager&lt;/Responsibility&gt;&lt;Responsibility&gt;Systems Programmer&lt;/Responsibility&gt;&lt;IAControls&gt;COTR-1&lt;/IAControls&gt;</description><reference><dc:title>DPMS Target IBM HMC LIC Policy</dc:title><dc:publisher>DISA FSO</dc:publisher><dc:type>DPMS Target</dc:type><dc:subject>IBM HMC LIC Policy</dc:subject><dc:identifier>1905</dc:identifier></reference><ident system="http://iase.disa.mil/cci">CCI-000904</ident><fixtext fixref="F-27488r1_fix">Create or refine procedures for performing IPLs for the LPARs/partitions defined on the system.
</fixtext><fix id="F-27488r1_fix" /><check system="C-30867r1_chk"><check-content-ref name="M" href="DPMS_XCCDF_Benchmark_IBM Hardware Management Console Policies.xml" /><check-content>Have the Systems Administrator validate that IPL Procedures Documentation exists for all partitions that are defined on the system. 

Using the Hardware Management Console, do the following:

1)	Access CPC Images Group displays.  (This will list the LPARs.)

2)	Compare the partition names listed on the Partition Page to validate that IPL procedures exist for each entered on the Central Processor Complex Domain/LPAR Names.  

	If IPL Procedures do not exist for each partition, this is a FINDING.
</check-content></check></Rule></Group><Group id="V-24842"><title>HMCP0110</title><description>&lt;GroupDescription&gt;&lt;/GroupDescription&gt;</description><Rule id="SV-30531r1_rule" severity="low" weight="10.0"><version>HMCP0110</version><title>Power On Reset (POR) Procedures must be documented for each system.</title><description>&lt;VulnDiscussion&gt;If procedures for performing PORs are not in place, it is extremely difficult to ensure overall operating system integrity&lt;/VulnDiscussion&gt;&lt;FalsePositives&gt;&lt;/FalsePositives&gt;&lt;FalseNegatives&gt;&lt;/FalseNegatives&gt;&lt;Documentable&gt;false&lt;/Documentable&gt;&lt;Mitigations&gt;&lt;/Mitigations&gt;&lt;SeverityOverrideGuidance&gt;&lt;/SeverityOverrideGuidance&gt;&lt;PotentialImpacts&gt;&lt;/PotentialImpacts&gt;&lt;ThirdPartyTools&gt;&lt;/ThirdPartyTools&gt;&lt;MitigationControl&gt;&lt;/MitigationControl&gt;&lt;Responsibility&gt;System Administrator&lt;/Responsibility&gt;&lt;Responsibility&gt;Information Assurance Officer&lt;/Responsibility&gt;&lt;Responsibility&gt;Information Assurance Manager&lt;/Responsibility&gt;&lt;Responsibility&gt;Systems Programmer&lt;/Responsibility&gt;&lt;IAControls&gt;COTR-1&lt;/IAControls&gt;</description><reference><dc:title>DPMS Target IBM HMC LIC Policy</dc:title><dc:publisher>DISA FSO</dc:publisher><dc:type>DPMS Target</dc:type><dc:subject>IBM HMC LIC Policy</dc:subject><dc:identifier>1905</dc:identifier></reference><ident system="http://iase.disa.mil/cci">CCI-000904</ident><fixtext fixref="F-27489r1_fix">Create or refine procedures for performing PORs.

</fixtext><fix id="F-27489r1_fix" /><check system="C-30869r1_chk"><check-content-ref name="M" href="DPMS_XCCDF_Benchmark_IBM Hardware Management Console Policies.xml" /><check-content>Review the POR procedures with the System Administrator.
 Review documentation for completeness and accuracy.

	If no documentation exists, this is a FINDING

  

</check-content></check></Rule></Group><Group id="V-24843"><title>HMCP0120</title><description>&lt;GroupDescription&gt;&lt;/GroupDescription&gt;</description><Rule id="SV-30532r1_rule" severity="low" weight="10.0"><version>HMCP0120</version><title>System shutdown procedures documentation must exist for each partition defined to the system.</title><description>&lt;VulnDiscussion&gt;If procedures for performing system shutdowns are not in place, it is extremely difficult to ensure overall data and operating system integrity.&lt;/VulnDiscussion&gt;&lt;FalsePositives&gt;&lt;/FalsePositives&gt;&lt;FalseNegatives&gt;&lt;/FalseNegatives&gt;&lt;Documentable&gt;false&lt;/Documentable&gt;&lt;Mitigations&gt;&lt;/Mitigations&gt;&lt;SeverityOverrideGuidance&gt;&lt;/SeverityOverrideGuidance&gt;&lt;PotentialImpacts&gt;&lt;/PotentialImpacts&gt;&lt;ThirdPartyTools&gt;&lt;/ThirdPartyTools&gt;&lt;MitigationControl&gt;&lt;/MitigationControl&gt;&lt;Responsibility&gt;System Administrator&lt;/Responsibility&gt;&lt;Responsibility&gt;Information Assurance Officer&lt;/Responsibility&gt;&lt;Responsibility&gt;Information Assurance Manager&lt;/Responsibility&gt;&lt;Responsibility&gt;Systems Programmer&lt;/Responsibility&gt;&lt;IAControls&gt;COTR-1&lt;/IAControls&gt;</description><reference><dc:title>DPMS Target IBM HMC LIC Policy</dc:title><dc:publisher>DISA FSO</dc:publisher><dc:type>DPMS Target</dc:type><dc:subject>IBM HMC LIC Policy</dc:subject><dc:identifier>1905</dc:identifier></reference><ident system="http://iase.disa.mil/cci">CCI-000904</ident><fixtext fixref="F-27490r1_fix">Create or refine procedures for performing system shutdowns for each partition.
</fixtext><fix id="F-27490r1_fix" /><check system="C-30870r1_chk"><check-content-ref name="M" href="DPMS_XCCDF_Benchmark_IBM Hardware Management Console Policies.xml" /><check-content>Have the System Administrator validate that System Shutdown Documentation exists for all partitions that are defined on the system. 

a)	Using the Hardware Management Console, do the following:

1)	Access CPC Images Group displays.  (This will list the LPARs.)

2)	Compare the partition names listed on the Partition Page to validate that System Shutdown procedures exist for each entered on the Central Processor Complex Domain/LPAR Names.  

	If System Shutdown Procedures do not exist for each partition, this is a FINDING. 


</check-content></check></Rule></Group><Group id="V-24844"><title>HMCP0130</title><description>&lt;GroupDescription&gt;&lt;/GroupDescription&gt;</description><Rule id="SV-30533r1_rule" severity="medium" weight="10.0"><version>HMCP0130</version><title>Backup of critical data for the HMC and its components  must be documented and tracked</title><description>&lt;VulnDiscussion&gt;If procedures for performing backup and recovery of critical data for the HMC  is not in place, system recoverability may be jeopardized and overall security compromised.&lt;/VulnDiscussion&gt;&lt;FalsePositives&gt;&lt;/FalsePositives&gt;&lt;FalseNegatives&gt;&lt;/FalseNegatives&gt;&lt;Documentable&gt;false&lt;/Documentable&gt;&lt;Mitigations&gt;&lt;/Mitigations&gt;&lt;SeverityOverrideGuidance&gt;&lt;/SeverityOverrideGuidance&gt;&lt;PotentialImpacts&gt;&lt;/PotentialImpacts&gt;&lt;ThirdPartyTools&gt;&lt;/ThirdPartyTools&gt;&lt;MitigationControl&gt;&lt;/MitigationControl&gt;&lt;Responsibility&gt;System Administrator&lt;/Responsibility&gt;&lt;Responsibility&gt;Information Assurance Officer&lt;/Responsibility&gt;&lt;Responsibility&gt;Information Assurance Manager&lt;/Responsibility&gt;&lt;Responsibility&gt;Systems Programmer&lt;/Responsibility&gt;&lt;IAControls&gt;COTR-1&lt;/IAControls&gt;</description><reference><dc:title>DPMS Target IBM HMC LIC Policy</dc:title><dc:publisher>DISA FSO</dc:publisher><dc:type>DPMS Target</dc:type><dc:subject>IBM HMC LIC Policy</dc:subject><dc:identifier>1905</dc:identifier></reference><ident system="http://iase.disa.mil/cci">CCI-000537</ident><fixtext fixref="F-27491r1_fix">Verify that procedures for backup of the critical data for the HMCs are properly documented. If not, create Backup Procedures documentation.

CPC data should be backed-up when configuration or CPC- licensed internal code changes have been made or as a routine preventive maintenance procedure.</fixtext><fix id="F-27491r1_fix" /><check system="C-30871r1_chk"><check-content-ref name="M" href="DPMS_XCCDF_Benchmark_IBM Hardware Management Console Policies.xml" /><check-content>Review the documentation for backup of critical data for a HMC with the System Administrator.
Review documentation for completeness and accuracy.

If no documentation exists, this is a FINDING.

</check-content></check></Rule></Group></Benchmark>