<?xml version="1.0" encoding="UTF-8"?>
<cpe-list xmlns="http://cpe.mitre.org/dictionary/2.0" xmlns:xsi="http://www.w3.org/2001/XMLSchema-instance" xsi:schemaLocation="http://cpe.mitre.org/dictionary/2.0 http://cpe.mitre.org/files/cpe-dictionary_2.1.xsd">
  <cpe-item name="cpe:/a:google:chrome">
    <title xml:lang="en-US">Google Chrome</title>
	<notes xml:lang="en-US">
      <note>This Registy key for Google Chrome exists and is greater than 24</note>
    </notes>
    <check system="http://oval.mitre.org/XMLSchema/oval-definitions-5" href="U_GoogleChrome24Windows_V1R1_STIG_Benchmark-cpe-oval.xml">oval:mil.disa.fso.chrome:def:2</check>
  </cpe-item>
</cpe-list>

