<?xml version="1.0" encoding="UTF-8"?>
<oval_definitions xmlns="http://oval.mitre.org/XMLSchema/oval-definitions-5" xmlns:xsi="http://www.w3.org/2001/XMLSchema-instance" xmlns:oval="http://oval.mitre.org/XMLSchema/oval-common-5" xmlns:oval-def="http://oval.mitre.org/XMLSchema/oval-definitions-5" xmlns:windows-def="http://oval.mitre.org/XMLSchema/oval-definitions-5#windows" xsi:schemaLocation="http://oval.mitre.org/XMLSchema/oval-definitions-5#windows http://oval.mitre.org/language/download/schema/version5.8/ovaldefinition/complete/windows-definitions-schema.xsd       http://oval.mitre.org/XMLSchema/oval-definitions-5#independent http://oval.mitre.org/language/download/schema/version5.8/ovaldefinition/complete/independent-definitions-schema.xsd       http://oval.mitre.org/XMLSchema/oval-definitions-5 http://oval.mitre.org/language/download/schema/version5.8/ovaldefinition/complete/oval-definitions-schema.xsd http://oval.mitre.org/XMLSchema/oval-common-5 http://oval.mitre.org/language/download/schema/version5.8/ovaldefinition/complete/oval-common-schema.xsd">
  <generator>
    <oval:product_name>DISA FSO</oval:product_name>
    <oval:schema_version>5.8</oval:schema_version>
    <oval:timestamp>2014-09-21T12:15:31</oval:timestamp>
  </generator>
  <definitions>
    <definition id="oval:mil.disa.fso.windows:def:4807" version="1" class="compliance">
      <metadata>
        <title>Log Dropped Packets</title>
        <affected family="windows">
          <platform>Microsoft Windows 7</platform>
          <platform>Microsoft Windows 8</platform>
          <platform>Microsoft Windows Server 2008 R2</platform>
          <platform>Microsoft Windows Server 2008</platform>
          <platform>Microsoft Windows Vista</platform>
          <platform>Microsoft Windows Server 2012</platform>
        </affected>
        <description>The "Log Dropped Packets" option for the Windows Firewall should be configured correctly for the Domain Profile.</description>
      </metadata>
      <criteria operator="AND">
        <criterion test_ref="oval:mil.disa.fso.windows:tst:480700" comment="HKEY_LOCAL_MACHINE\SOFTWARE\Policies\Microsoft\WindowsFirewall\DomainProfile\Logging!LogDroppedPackets value equals variable" />
      </criteria>
    </definition>
    <definition id="oval:mil.disa.fso.windows:def:4808" version="1" class="compliance">
      <metadata>
        <title>Logged Successful Connections</title>
        <affected family="windows">
          <platform>Microsoft Windows 7</platform>
          <platform>Microsoft Windows 8</platform>
          <platform>Microsoft Windows Server 2008 R2</platform>
          <platform>Microsoft Windows Server 2008</platform>
          <platform>Microsoft Windows Vista</platform>
          <platform>Microsoft Windows Server 2012</platform>
        </affected>
        <description>The "Log Successful Connections" option for the Windows Firewall should be configured correctly for the Domain Profile.</description>
      </metadata>
      <criteria operator="AND">
        <criterion test_ref="oval:mil.disa.fso.windows:tst:480800" comment="HKEY_LOCAL_MACHINE\SOFTWARE\Policies\Microsoft\WindowsFirewall\DomainProfile\Logging!LogSuccessfulConnections value equals variable" />
      </criteria>
    </definition>
    <definition id="oval:mil.disa.fso.windows:def:4805" version="1" class="compliance">
      <metadata>
        <title>Windows Firewall Log File Path and Name (Domain Profile)</title>
        <affected family="windows">
          <platform>Microsoft Windows 7</platform>
          <platform>Microsoft Windows 8</platform>
          <platform>Microsoft Windows Server 2008 R2</platform>
          <platform>Microsoft Windows Server 2008</platform>
          <platform>Microsoft Windows Vista</platform>
          <platform>Microsoft Windows Server 2012</platform>
        </affected>
        <description>The log file path and name for the Windows Firewall should be configured correctly for the Domain Profile.</description>
      </metadata>
      <criteria operator="AND">
        <criterion test_ref="oval:mil.disa.fso.windows:tst:480500" comment="HKEY_LOCAL_MACHINE\SOFTWARE\Policies\Microsoft\WindowsFirewall\DomainProfile\Logging!LogFilePath value matches variable" />
      </criteria>
    </definition>
    <definition id="oval:mil.disa.fso.windows:def:4806" version="1" class="compliance">
      <metadata>
        <title>Size Limit</title>
        <affected family="windows">
          <platform>Microsoft Windows 7</platform>
          <platform>Microsoft Windows 8</platform>
          <platform>Microsoft Windows Server 2008 R2</platform>
          <platform>Microsoft Windows Server 2008</platform>
          <platform>Microsoft Windows Vista</platform>
          <platform>Microsoft Windows Server 2012</platform>
        </affected>
        <description>The log file size limit for the Windows Firewall should be configured correctly for the Domain Profile.</description>
      </metadata>
      <criteria operator="AND">
        <criterion test_ref="oval:mil.disa.fso.windows:tst:480600" comment="HKEY_LOCAL_MACHINE\SOFTWARE\Policies\Microsoft\WindowsFirewall\DomainProfile\Logging!LogFileSize value is greater than or equal to variable" />
      </criteria>
    </definition>
    <definition id="oval:mil.disa.fso.windows:def:4803" version="1" class="compliance">
      <metadata>
        <title>Display a Notification - Domain Profile</title>
        <affected family="windows">
          <platform>Microsoft Windows 7</platform>
          <platform>Microsoft Windows 8</platform>
          <platform>Microsoft Windows Server 2008 R2</platform>
          <platform>Microsoft Windows Server 2008</platform>
          <platform>Microsoft Windows Vista</platform>
          <platform>Microsoft Windows Server 2012</platform>
        </affected>
        <description>Display a Notification - Domain Profile</description>
      </metadata>
      <criteria operator="AND">
        <criterion test_ref="oval:mil.disa.fso.windows:tst:480300" comment="HKEY_LOCAL_MACHINE\SOFTWARE\Policies\Microsoft\WindowsFirewall\DomainProfile!DisableNotifications value equals variable" />
      </criteria>
    </definition>
    <definition id="oval:mil.disa.fso.windows:def:4804" version="1" class="compliance">
      <metadata>
        <title>Allow Unicast Response - Domain Profile</title>
        <affected family="windows">
          <platform>Microsoft Windows 7</platform>
          <platform>Microsoft Windows 8</platform>
          <platform>Microsoft Windows Server 2008 R2</platform>
          <platform>Microsoft Windows Server 2008</platform>
          <platform>Microsoft Windows Vista</platform>
          <platform>Microsoft Windows Server 2012</platform>
        </affected>
        <description>Allow Unicast Response - Domain Profile</description>
      </metadata>
      <criteria operator="AND">
        <criterion test_ref="oval:mil.disa.fso.windows:tst:480400" comment="HKEY_LOCAL_MACHINE\SOFTWARE\Policies\Microsoft\WindowsFirewall\DomainProfile!DisableUnicastResponsesToMulticastBroadcast value equals variable" />
      </criteria>
    </definition>
    <definition id="oval:mil.disa.fso.windows:def:4798" version="1" class="compliance">
      <metadata>
        <title>Firewall state - Domain Profile</title>
        <affected family="windows">
          <platform>Microsoft Windows 7</platform>
          <platform>Microsoft Windows 8</platform>
          <platform>Microsoft Windows Server 2008 R2</platform>
          <platform>Microsoft Windows Server 2008</platform>
          <platform>Microsoft Windows Vista</platform>
          <platform>Microsoft Windows Server 2012</platform>
        </affected>
        <description>Firewall state - Domain Profile</description>
      </metadata>
      <criteria operator="AND">
        <criterion test_ref="oval:mil.disa.fso.windows:tst:479800" comment="HKEY_LOCAL_MACHINE\SOFTWARE\Policies\Microsoft\WindowsFirewall\DomainProfile!EnableFirewall value equals variable" />
      </criteria>
    </definition>
    <definition id="oval:mil.disa.fso.windows:def:4801" version="1" class="compliance">
      <metadata>
        <title>Inbound Connections - Domain Profile</title>
        <affected family="windows">
          <platform>Microsoft Windows 7</platform>
          <platform>Microsoft Windows 8</platform>
          <platform>Microsoft Windows Server 2008 R2</platform>
          <platform>Microsoft Windows Server 2008</platform>
          <platform>Microsoft Windows Vista</platform>
          <platform>Microsoft Windows Server 2012</platform>
        </affected>
        <description>Inbound Connections - Domain Profile</description>
      </metadata>
      <criteria operator="AND">
        <criterion test_ref="oval:mil.disa.fso.windows:tst:480100" comment="HKEY_LOCAL_MACHINE\SOFTWARE\Policies\Microsoft\WindowsFirewall\DomainProfile!DefaultInboundAction value equals variable" />
      </criteria>
    </definition>
    <definition id="oval:mil.disa.fso.windows:def:4802" version="1" class="compliance">
      <metadata>
        <title>Outbound Connections - Domain Profile</title>
        <affected family="windows">
          <platform>Microsoft Windows 7</platform>
          <platform>Microsoft Windows 8</platform>
          <platform>Microsoft Windows Server 2008 R2</platform>
          <platform>Microsoft Windows Server 2008</platform>
          <platform>Microsoft Windows Vista</platform>
          <platform>Microsoft Windows Server 2012</platform>
        </affected>
        <description>Outbound Connections - Domain Profile</description>
      </metadata>
      <criteria operator="AND">
        <criterion test_ref="oval:mil.disa.fso.windows:tst:480200" comment="HKEY_LOCAL_MACHINE\SOFTWARE\Policies\Microsoft\WindowsFirewall\DomainProfile!DefaultOutboundAction value equals variable" />
      </criteria>
    </definition>
    <definition id="oval:mil.disa.fso.windows:def:4815" version="1" class="compliance">
      <metadata>
        <title>Log Dropped Packets</title>
        <affected family="windows">
          <platform>Microsoft Windows 7</platform>
          <platform>Microsoft Windows 8</platform>
          <platform>Microsoft Windows Server 2008 R2</platform>
          <platform>Microsoft Windows Server 2008</platform>
          <platform>Microsoft Windows Vista</platform>
          <platform>Microsoft Windows Server 2012</platform>
        </affected>
        <description>The "Log Dropped Packets" option for the Windows Firewall should be configured correctly for the Private Profile.</description>
      </metadata>
      <criteria operator="AND">
        <criterion test_ref="oval:mil.disa.fso.windows:tst:481500" comment="HKEY_LOCAL_MACHINE\SOFTWARE\Policies\Microsoft\WindowsFirewall\PrivateProfile\Logging!LogDroppedPackets value equals variable" />
      </criteria>
    </definition>
    <definition id="oval:mil.disa.fso.windows:def:4816" version="1" class="compliance">
      <metadata>
        <title>Logged Successful Connections</title>
        <affected family="windows">
          <platform>Microsoft Windows 7</platform>
          <platform>Microsoft Windows 8</platform>
          <platform>Microsoft Windows Server 2008 R2</platform>
          <platform>Microsoft Windows Server 2008</platform>
          <platform>Microsoft Windows Vista</platform>
          <platform>Microsoft Windows Server 2012</platform>
        </affected>
        <description>The "Log Successful Connections" option for the Windows Firewall should be configured correctly for the Private Profile.</description>
      </metadata>
      <criteria operator="AND">
        <criterion test_ref="oval:mil.disa.fso.windows:tst:481600" comment="HKEY_LOCAL_MACHINE\SOFTWARE\Policies\Microsoft\WindowsFirewall\PrivateProfile\Logging!LogSuccessfulConnections value equals variable" />
      </criteria>
    </definition>
    <definition id="oval:mil.disa.fso.windows:def:4813" version="1" class="compliance">
      <metadata>
        <title>Windows Firewall Log File Path and Name (Private Profile)</title>
        <affected family="windows">
          <platform>Microsoft Windows 7</platform>
          <platform>Microsoft Windows 8</platform>
          <platform>Microsoft Windows Server 2008 R2</platform>
          <platform>Microsoft Windows Server 2008</platform>
          <platform>Microsoft Windows Vista</platform>
          <platform>Microsoft Windows Server 2012</platform>
        </affected>
        <description>The log file path and name for the Windows Firewall should be configured correctly for the Private Profile.</description>
      </metadata>
      <criteria operator="AND">
        <criterion test_ref="oval:mil.disa.fso.windows:tst:481300" comment="HKEY_LOCAL_MACHINE\SOFTWARE\Policies\Microsoft\WindowsFirewall\PrivateProfile\Logging!LogFilePath value matches variable" />
      </criteria>
    </definition>
    <definition id="oval:mil.disa.fso.windows:def:4814" version="1" class="compliance">
      <metadata>
        <title>Size Limit</title>
        <affected family="windows">
          <platform>Microsoft Windows 7</platform>
          <platform>Microsoft Windows 8</platform>
          <platform>Microsoft Windows Server 2008 R2</platform>
          <platform>Microsoft Windows Server 2008</platform>
          <platform>Microsoft Windows Vista</platform>
          <platform>Microsoft Windows Server 2012</platform>
        </affected>
        <description>The log file size limit for the Windows Firewall should be configured correctly for the Private Profile.</description>
      </metadata>
      <criteria operator="AND">
        <criterion test_ref="oval:mil.disa.fso.windows:tst:481400" comment="HKEY_LOCAL_MACHINE\SOFTWARE\Policies\Microsoft\WindowsFirewall\PrivateProfile\Logging!LogFileSize value is greater than or equal to variable" />
      </criteria>
    </definition>
    <definition id="oval:mil.disa.fso.windows:def:4811" version="1" class="compliance">
      <metadata>
        <title>Display a Notification - Private Profile</title>
        <affected family="windows">
          <platform>Microsoft Windows 7</platform>
          <platform>Microsoft Windows 8</platform>
          <platform>Microsoft Windows Server 2008 R2</platform>
          <platform>Microsoft Windows Server 2008</platform>
          <platform>Microsoft Windows Vista</platform>
          <platform>Microsoft Windows Server 2012</platform>
        </affected>
        <description>Display a Notification - Private Profile</description>
      </metadata>
      <criteria operator="AND">
        <criterion test_ref="oval:mil.disa.fso.windows:tst:481100" comment="HKEY_LOCAL_MACHINE\SOFTWARE\Policies\Microsoft\WindowsFirewall\PrivateProfile!DisableNotifications value equals variable" />
      </criteria>
    </definition>
    <definition id="oval:mil.disa.fso.windows:def:4812" version="1" class="compliance">
      <metadata>
        <title>Allow Unicast Response - Private Profile</title>
        <affected family="windows">
          <platform>Microsoft Windows 7</platform>
          <platform>Microsoft Windows 8</platform>
          <platform>Microsoft Windows Server 2008 R2</platform>
          <platform>Microsoft Windows Server 2008</platform>
          <platform>Microsoft Windows Vista</platform>
          <platform>Microsoft Windows Server 2012</platform>
        </affected>
        <description>Allow Unicast Response - Private Profile</description>
      </metadata>
      <criteria operator="AND">
        <criterion test_ref="oval:mil.disa.fso.windows:tst:481200" comment="HKEY_LOCAL_MACHINE\SOFTWARE\Policies\Microsoft\WindowsFirewall\PrivateProfile!DisableUnicastResponsesToMulticastBroadcast value equals variable" />
      </criteria>
    </definition>
    <definition id="oval:mil.disa.fso.windows:def:4799" version="1" class="compliance">
      <metadata>
        <title>Firewall state - Private Profile</title>
        <affected family="windows">
          <platform>Microsoft Windows 7</platform>
          <platform>Microsoft Windows 8</platform>
          <platform>Microsoft Windows Server 2008 R2</platform>
          <platform>Microsoft Windows Server 2008</platform>
          <platform>Microsoft Windows Vista</platform>
          <platform>Microsoft Windows Server 2012</platform>
        </affected>
        <description>Firewall state - Private Profile</description>
      </metadata>
      <criteria operator="AND">
        <criterion test_ref="oval:mil.disa.fso.windows:tst:479900" comment="HKEY_LOCAL_MACHINE\SOFTWARE\Policies\Microsoft\WindowsFirewall\PrivateProfile!EnableFirewall value equals variable" />
      </criteria>
    </definition>
    <definition id="oval:mil.disa.fso.windows:def:4809" version="1" class="compliance">
      <metadata>
        <title>Inbound Connections - Private Profile</title>
        <affected family="windows">
          <platform>Microsoft Windows 7</platform>
          <platform>Microsoft Windows 8</platform>
          <platform>Microsoft Windows Server 2008 R2</platform>
          <platform>Microsoft Windows Server 2008</platform>
          <platform>Microsoft Windows Vista</platform>
          <platform>Microsoft Windows Server 2012</platform>
        </affected>
        <description>Inbound Connections - Private Profile</description>
      </metadata>
      <criteria operator="AND">
        <criterion test_ref="oval:mil.disa.fso.windows:tst:480900" comment="HKEY_LOCAL_MACHINE\SOFTWARE\Policies\Microsoft\WindowsFirewall\PrivateProfile!DefaultInboundAction value equals variable" />
      </criteria>
    </definition>
    <definition id="oval:mil.disa.fso.windows:def:4810" version="1" class="compliance">
      <metadata>
        <title>Outbound Connections - Private Profile</title>
        <affected family="windows">
          <platform>Microsoft Windows 7</platform>
          <platform>Microsoft Windows 8</platform>
          <platform>Microsoft Windows Server 2008 R2</platform>
          <platform>Microsoft Windows Server 2008</platform>
          <platform>Microsoft Windows Vista</platform>
          <platform>Microsoft Windows Server 2012</platform>
        </affected>
        <description>Outbound Connections - Private Profile</description>
      </metadata>
      <criteria operator="AND">
        <criterion test_ref="oval:mil.disa.fso.windows:tst:481000" comment="HKEY_LOCAL_MACHINE\SOFTWARE\Policies\Microsoft\WindowsFirewall\PrivateProfile!DefaultOutboundAction value equals variable" />
      </criteria>
    </definition>
    <definition id="oval:mil.disa.fso.windows:def:4825" version="1" class="compliance">
      <metadata>
        <title>Log Dropped Packets</title>
        <affected family="windows">
          <platform>Microsoft Windows 7</platform>
          <platform>Microsoft Windows 8</platform>
          <platform>Microsoft Windows Server 2008 R2</platform>
          <platform>Microsoft Windows Server 2008</platform>
          <platform>Microsoft Windows Vista</platform>
          <platform>Microsoft Windows Server 2012</platform>
        </affected>
        <description>The "Log Dropped Packets" option for the Windows Firewall should be configured correctly for the Public Profile.</description>
      </metadata>
      <criteria operator="AND">
        <criterion test_ref="oval:mil.disa.fso.windows:tst:482500" comment="HKEY_LOCAL_MACHINE\SOFTWARE\Policies\Microsoft\WindowsFirewall\PublicProfile\Logging!LogDroppedPackets value equals variable" />
      </criteria>
    </definition>
    <definition id="oval:mil.disa.fso.windows:def:4826" version="1" class="compliance">
      <metadata>
        <title>Logged Successful Connections</title>
        <affected family="windows">
          <platform>Microsoft Windows 7</platform>
          <platform>Microsoft Windows 8</platform>
          <platform>Microsoft Windows Server 2008 R2</platform>
          <platform>Microsoft Windows Server 2008</platform>
          <platform>Microsoft Windows Vista</platform>
          <platform>Microsoft Windows Server 2012</platform>
        </affected>
        <description>The "Log Successful Connections" option for the Windows Firewall should be configured correctly for the Public Profile.</description>
      </metadata>
      <criteria operator="AND">
        <criterion test_ref="oval:mil.disa.fso.windows:tst:482600" comment="HKEY_LOCAL_MACHINE\SOFTWARE\Policies\Microsoft\WindowsFirewall\PublicProfile\Logging!LogSuccessfulConnections value equals variable" />
      </criteria>
    </definition>
    <definition id="oval:mil.disa.fso.windows:def:4823" version="1" class="compliance">
      <metadata>
        <title>Windows Firewall Log File Path and Name (Public Profile)</title>
        <affected family="windows">
          <platform>Microsoft Windows 7</platform>
          <platform>Microsoft Windows 8</platform>
          <platform>Microsoft Windows Server 2008 R2</platform>
          <platform>Microsoft Windows Server 2008</platform>
          <platform>Microsoft Windows Vista</platform>
          <platform>Microsoft Windows Server 2012</platform>
        </affected>
        <description>The log file path and name for the Windows Firewall should be configured correctly for the Public Profile.</description>
      </metadata>
      <criteria operator="AND">
        <criterion test_ref="oval:mil.disa.fso.windows:tst:482300" comment="HKEY_LOCAL_MACHINE\SOFTWARE\Policies\Microsoft\WindowsFirewall\PublicProfile\Logging!LogFilePath value matches variable" />
      </criteria>
    </definition>
    <definition id="oval:mil.disa.fso.windows:def:4824" version="1" class="compliance">
      <metadata>
        <title>Size Limit</title>
        <affected family="windows">
          <platform>Microsoft Windows 7</platform>
          <platform>Microsoft Windows 8</platform>
          <platform>Microsoft Windows Server 2008 R2</platform>
          <platform>Microsoft Windows Server 2008</platform>
          <platform>Microsoft Windows Vista</platform>
          <platform>Microsoft Windows Server 2012</platform>
        </affected>
        <description>The log file size limit for the Windows Firewall should be configured correctly for the Public Profile.</description>
      </metadata>
      <criteria operator="AND">
        <criterion test_ref="oval:mil.disa.fso.windows:tst:482400" comment="HKEY_LOCAL_MACHINE\SOFTWARE\Policies\Microsoft\WindowsFirewall\PublicProfile\Logging!LogFileSize value is greater than or equal to variable" />
      </criteria>
    </definition>
    <definition id="oval:mil.disa.fso.windows:def:4819" version="1" class="compliance">
      <metadata>
        <title>Display a Notification - Public Profile</title>
        <affected family="windows">
          <platform>Microsoft Windows 7</platform>
          <platform>Microsoft Windows 8</platform>
          <platform>Microsoft Windows Server 2008 R2</platform>
          <platform>Microsoft Windows Server 2008</platform>
          <platform>Microsoft Windows Vista</platform>
          <platform>Microsoft Windows Server 2012</platform>
        </affected>
        <description>Display a Notification - Public Profile</description>
      </metadata>
      <criteria operator="AND">
        <criterion test_ref="oval:mil.disa.fso.windows:tst:481900" comment="HKEY_LOCAL_MACHINE\SOFTWARE\Policies\Microsoft\WindowsFirewall\PublicProfile!DisableNotifications value equals variable" />
      </criteria>
    </definition>
    <definition id="oval:mil.disa.fso.windows:def:4822" version="1" class="compliance">
      <metadata>
        <title>Apply Local Connection Security Rules - Public Profile</title>
        <affected family="windows">
          <platform>Microsoft Windows 7</platform>
          <platform>Microsoft Windows 8</platform>
          <platform>Microsoft Windows Server 2008 R2</platform>
          <platform>Microsoft Windows Server 2008</platform>
          <platform>Microsoft Windows Vista</platform>
          <platform>Microsoft Windows Server 2012</platform>
        </affected>
        <description>Apply Local Connection Security Rules - Public Profile</description>
      </metadata>
      <criteria operator="AND">
        <criterion test_ref="oval:mil.disa.fso.windows:tst:482200" comment="HKEY_LOCAL_MACHINE\SOFTWARE\Policies\Microsoft\WindowsFirewall\PublicProfile!AllowLocalIPsecPolicyMerge value equals variable" />
      </criteria>
    </definition>
    <definition id="oval:mil.disa.fso.windows:def:4821" version="1" class="compliance">
      <metadata>
        <title>Apply Local Firewall Rules - Public Profile</title>
        <affected family="windows">
          <platform>Microsoft Windows 7</platform>
          <platform>Microsoft Windows 8</platform>
          <platform>Microsoft Windows Server 2008 R2</platform>
          <platform>Microsoft Windows Server 2008</platform>
          <platform>Microsoft Windows Vista</platform>
          <platform>Microsoft Windows Server 2012</platform>
        </affected>
        <description>Apply Local Firewall Rules - Public Profile</description>
      </metadata>
      <criteria operator="AND">
        <criterion test_ref="oval:mil.disa.fso.windows:tst:482100" comment="HKEY_LOCAL_MACHINE\SOFTWARE\Policies\Microsoft\WindowsFirewall\PublicProfile!AllowLocalPolicyMerge value equals variable" />
      </criteria>
    </definition>
    <definition id="oval:mil.disa.fso.windows:def:4820" version="1" class="compliance">
      <metadata>
        <title>Allow Unicast Response - Public Profile</title>
        <affected family="windows">
          <platform>Microsoft Windows 7</platform>
          <platform>Microsoft Windows 8</platform>
          <platform>Microsoft Windows Server 2008 R2</platform>
          <platform>Microsoft Windows Server 2008</platform>
          <platform>Microsoft Windows Vista</platform>
          <platform>Microsoft Windows Server 2012</platform>
        </affected>
        <description>Allow Unicast Response - Public Profile</description>
      </metadata>
      <criteria operator="AND">
        <criterion test_ref="oval:mil.disa.fso.windows:tst:482000" comment="HKEY_LOCAL_MACHINE\SOFTWARE\Policies\Microsoft\WindowsFirewall\PublicProfile!DisableUnicastResponsesToMulticastBroadcast value equals variable" />
      </criteria>
    </definition>
    <definition id="oval:mil.disa.fso.windows:def:4800" version="1" class="compliance">
      <metadata>
        <title>Firewall state - Public Profile</title>
        <affected family="windows">
          <platform>Microsoft Windows 7</platform>
          <platform>Microsoft Windows 8</platform>
          <platform>Microsoft Windows Server 2008 R2</platform>
          <platform>Microsoft Windows Server 2008</platform>
          <platform>Microsoft Windows Vista</platform>
          <platform>Microsoft Windows Server 2012</platform>
        </affected>
        <description>Firewall state - Public Profile</description>
      </metadata>
      <criteria operator="AND">
        <criterion test_ref="oval:mil.disa.fso.windows:tst:480000" comment="HKEY_LOCAL_MACHINE\SOFTWARE\Policies\Microsoft\WindowsFirewall\PublicProfile!EnableFirewall value equals variable" />
      </criteria>
    </definition>
    <definition id="oval:mil.disa.fso.windows:def:4817" version="1" class="compliance">
      <metadata>
        <title>Inbound Connections - Public Profile</title>
        <affected family="windows">
          <platform>Microsoft Windows 7</platform>
          <platform>Microsoft Windows 8</platform>
          <platform>Microsoft Windows Server 2008 R2</platform>
          <platform>Microsoft Windows Server 2008</platform>
          <platform>Microsoft Windows Vista</platform>
          <platform>Microsoft Windows Server 2012</platform>
        </affected>
        <description>Inbound Connections - Public Profile</description>
      </metadata>
      <criteria operator="AND">
        <criterion test_ref="oval:mil.disa.fso.windows:tst:481700" comment="HKEY_LOCAL_MACHINE\SOFTWARE\Policies\Microsoft\WindowsFirewall\PublicProfile!DefaultInboundAction value equals variable" />
      </criteria>
    </definition>
    <definition id="oval:mil.disa.fso.windows:def:4818" version="1" class="compliance">
      <metadata>
        <title>Outbound Connections - Public Profile</title>
        <affected family="windows">
          <platform>Microsoft Windows 7</platform>
          <platform>Microsoft Windows 8</platform>
          <platform>Microsoft Windows Server 2008 R2</platform>
          <platform>Microsoft Windows Server 2008</platform>
          <platform>Microsoft Windows Vista</platform>
          <platform>Microsoft Windows Server 2012</platform>
        </affected>
        <description>Outbound Connections - Public Profile</description>
      </metadata>
      <criteria operator="AND">
        <criterion test_ref="oval:mil.disa.fso.windows:tst:481800" comment="HKEY_LOCAL_MACHINE\SOFTWARE\Policies\Microsoft\WindowsFirewall\PublicProfile!DefaultOutboundAction value equals variable" />
      </criteria>
    </definition>
  </definitions>
  <tests>
    <registry_test xmlns="http://oval.mitre.org/XMLSchema/oval-definitions-5#windows" id="oval:mil.disa.fso.windows:tst:480700" version="1" check_existence="at_least_one_exists" check="all" comment="HKEY_LOCAL_MACHINE\SOFTWARE\Policies\Microsoft\WindowsFirewall\DomainProfile\Logging!LogDroppedPackets value equals variable">
      <object object_ref="oval:mil.disa.fso.windows:obj:480700" />
      <state state_ref="oval:mil.disa.fso.windows:ste:480700" />
    </registry_test>
    <registry_test xmlns="http://oval.mitre.org/XMLSchema/oval-definitions-5#windows" id="oval:mil.disa.fso.windows:tst:480800" version="1" check_existence="at_least_one_exists" check="all" comment="HKEY_LOCAL_MACHINE\SOFTWARE\Policies\Microsoft\WindowsFirewall\DomainProfile\Logging!LogSuccessfulConnections value equals variable">
      <object object_ref="oval:mil.disa.fso.windows:obj:480800" />
      <state state_ref="oval:mil.disa.fso.windows:ste:480800" />
    </registry_test>
    <registry_test xmlns="http://oval.mitre.org/XMLSchema/oval-definitions-5#windows" id="oval:mil.disa.fso.windows:tst:480500" version="1" check_existence="at_least_one_exists" check="all" comment="HKEY_LOCAL_MACHINE\SOFTWARE\Policies\Microsoft\WindowsFirewall\DomainProfile\Logging!LogFilePath value matches variable">
      <object object_ref="oval:mil.disa.fso.windows:obj:480500" />
      <state state_ref="oval:mil.disa.fso.windows:ste:480500" />
    </registry_test>
    <registry_test xmlns="http://oval.mitre.org/XMLSchema/oval-definitions-5#windows" id="oval:mil.disa.fso.windows:tst:480600" version="1" check_existence="at_least_one_exists" check="all" comment="HKEY_LOCAL_MACHINE\SOFTWARE\Policies\Microsoft\WindowsFirewall\DomainProfile\Logging!LogFileSize value is greater than or equal to variable">
      <object object_ref="oval:mil.disa.fso.windows:obj:480600" />
      <state state_ref="oval:mil.disa.fso.windows:ste:480600" />
    </registry_test>
    <registry_test xmlns="http://oval.mitre.org/XMLSchema/oval-definitions-5#windows" id="oval:mil.disa.fso.windows:tst:480300" version="1" check_existence="at_least_one_exists" check="all" comment="HKEY_LOCAL_MACHINE\SOFTWARE\Policies\Microsoft\WindowsFirewall\DomainProfile!DisableNotifications value equals variable">
      <object object_ref="oval:mil.disa.fso.windows:obj:480300" />
      <state state_ref="oval:mil.disa.fso.windows:ste:480300" />
    </registry_test>
    <registry_test xmlns="http://oval.mitre.org/XMLSchema/oval-definitions-5#windows" id="oval:mil.disa.fso.windows:tst:480400" version="1" check_existence="at_least_one_exists" check="all" comment="HKEY_LOCAL_MACHINE\SOFTWARE\Policies\Microsoft\WindowsFirewall\DomainProfile!DisableUnicastResponsesToMulticastBroadcast value equals variable">
      <object object_ref="oval:mil.disa.fso.windows:obj:480400" />
      <state state_ref="oval:mil.disa.fso.windows:ste:480400" />
    </registry_test>
    <registry_test xmlns="http://oval.mitre.org/XMLSchema/oval-definitions-5#windows" id="oval:mil.disa.fso.windows:tst:479800" version="1" check_existence="at_least_one_exists" check="all" comment="HKEY_LOCAL_MACHINE\SOFTWARE\Policies\Microsoft\WindowsFirewall\DomainProfile!EnableFirewall value equals variable">
      <object object_ref="oval:mil.disa.fso.windows:obj:479800" />
      <state state_ref="oval:mil.disa.fso.windows:ste:479800" />
    </registry_test>
    <registry_test xmlns="http://oval.mitre.org/XMLSchema/oval-definitions-5#windows" id="oval:mil.disa.fso.windows:tst:480100" version="1" check_existence="at_least_one_exists" check="all" comment="HKEY_LOCAL_MACHINE\SOFTWARE\Policies\Microsoft\WindowsFirewall\DomainProfile!DefaultInboundAction value equals variable">
      <object object_ref="oval:mil.disa.fso.windows:obj:480100" />
      <state state_ref="oval:mil.disa.fso.windows:ste:480100" />
    </registry_test>
    <registry_test xmlns="http://oval.mitre.org/XMLSchema/oval-definitions-5#windows" id="oval:mil.disa.fso.windows:tst:480200" version="1" check_existence="at_least_one_exists" check="all" comment="HKEY_LOCAL_MACHINE\SOFTWARE\Policies\Microsoft\WindowsFirewall\DomainProfile!DefaultOutboundAction value equals variable">
      <object object_ref="oval:mil.disa.fso.windows:obj:480200" />
      <state state_ref="oval:mil.disa.fso.windows:ste:480200" />
    </registry_test>
    <registry_test xmlns="http://oval.mitre.org/XMLSchema/oval-definitions-5#windows" id="oval:mil.disa.fso.windows:tst:481500" version="1" check_existence="at_least_one_exists" check="all" comment="HKEY_LOCAL_MACHINE\SOFTWARE\Policies\Microsoft\WindowsFirewall\PrivateProfile\Logging!LogDroppedPackets value equals variable">
      <object object_ref="oval:mil.disa.fso.windows:obj:481500" />
      <state state_ref="oval:mil.disa.fso.windows:ste:481500" />
    </registry_test>
    <registry_test xmlns="http://oval.mitre.org/XMLSchema/oval-definitions-5#windows" id="oval:mil.disa.fso.windows:tst:481600" version="1" check_existence="at_least_one_exists" check="all" comment="HKEY_LOCAL_MACHINE\SOFTWARE\Policies\Microsoft\WindowsFirewall\PrivateProfile\Logging!LogSuccessfulConnections value equals variable">
      <object object_ref="oval:mil.disa.fso.windows:obj:481600" />
      <state state_ref="oval:mil.disa.fso.windows:ste:481600" />
    </registry_test>
    <registry_test xmlns="http://oval.mitre.org/XMLSchema/oval-definitions-5#windows" id="oval:mil.disa.fso.windows:tst:481300" version="1" check_existence="at_least_one_exists" check="all" comment="HKEY_LOCAL_MACHINE\SOFTWARE\Policies\Microsoft\WindowsFirewall\PrivateProfile\Logging!LogFilePath value matches variable">
      <object object_ref="oval:mil.disa.fso.windows:obj:481300" />
      <state state_ref="oval:mil.disa.fso.windows:ste:481300" />
    </registry_test>
    <registry_test xmlns="http://oval.mitre.org/XMLSchema/oval-definitions-5#windows" id="oval:mil.disa.fso.windows:tst:481400" version="1" check_existence="at_least_one_exists" check="all" comment="HKEY_LOCAL_MACHINE\SOFTWARE\Policies\Microsoft\WindowsFirewall\PrivateProfile\Logging!LogFileSize value is greater than or equal to variable">
      <object object_ref="oval:mil.disa.fso.windows:obj:481400" />
      <state state_ref="oval:mil.disa.fso.windows:ste:481400" />
    </registry_test>
    <registry_test xmlns="http://oval.mitre.org/XMLSchema/oval-definitions-5#windows" id="oval:mil.disa.fso.windows:tst:481100" version="1" check_existence="at_least_one_exists" check="all" comment="HKEY_LOCAL_MACHINE\SOFTWARE\Policies\Microsoft\WindowsFirewall\PrivateProfile!DisableNotifications value equals variable">
      <object object_ref="oval:mil.disa.fso.windows:obj:481100" />
      <state state_ref="oval:mil.disa.fso.windows:ste:481100" />
    </registry_test>
    <registry_test xmlns="http://oval.mitre.org/XMLSchema/oval-definitions-5#windows" id="oval:mil.disa.fso.windows:tst:481200" version="1" check_existence="at_least_one_exists" check="all" comment="HKEY_LOCAL_MACHINE\SOFTWARE\Policies\Microsoft\WindowsFirewall\PrivateProfile!DisableUnicastResponsesToMulticastBroadcast value equals variable">
      <object object_ref="oval:mil.disa.fso.windows:obj:481200" />
      <state state_ref="oval:mil.disa.fso.windows:ste:481200" />
    </registry_test>
    <registry_test xmlns="http://oval.mitre.org/XMLSchema/oval-definitions-5#windows" id="oval:mil.disa.fso.windows:tst:479900" version="1" check_existence="at_least_one_exists" check="all" comment="HKEY_LOCAL_MACHINE\SOFTWARE\Policies\Microsoft\WindowsFirewall\PrivateProfile!EnableFirewall value equals variable">
      <object object_ref="oval:mil.disa.fso.windows:obj:479900" />
      <state state_ref="oval:mil.disa.fso.windows:ste:479900" />
    </registry_test>
    <registry_test xmlns="http://oval.mitre.org/XMLSchema/oval-definitions-5#windows" id="oval:mil.disa.fso.windows:tst:480900" version="1" check_existence="at_least_one_exists" check="all" comment="HKEY_LOCAL_MACHINE\SOFTWARE\Policies\Microsoft\WindowsFirewall\PrivateProfile!DefaultInboundAction value equals variable">
      <object object_ref="oval:mil.disa.fso.windows:obj:480900" />
      <state state_ref="oval:mil.disa.fso.windows:ste:480900" />
    </registry_test>
    <registry_test xmlns="http://oval.mitre.org/XMLSchema/oval-definitions-5#windows" id="oval:mil.disa.fso.windows:tst:481000" version="1" check_existence="at_least_one_exists" check="all" comment="HKEY_LOCAL_MACHINE\SOFTWARE\Policies\Microsoft\WindowsFirewall\PrivateProfile!DefaultOutboundAction value equals variable">
      <object object_ref="oval:mil.disa.fso.windows:obj:481000" />
      <state state_ref="oval:mil.disa.fso.windows:ste:481000" />
    </registry_test>
    <registry_test xmlns="http://oval.mitre.org/XMLSchema/oval-definitions-5#windows" id="oval:mil.disa.fso.windows:tst:482500" version="1" check_existence="at_least_one_exists" check="all" comment="HKEY_LOCAL_MACHINE\SOFTWARE\Policies\Microsoft\WindowsFirewall\PublicProfile\Logging!LogDroppedPackets value equals variable">
      <object object_ref="oval:mil.disa.fso.windows:obj:482500" />
      <state state_ref="oval:mil.disa.fso.windows:ste:482500" />
    </registry_test>
    <registry_test xmlns="http://oval.mitre.org/XMLSchema/oval-definitions-5#windows" id="oval:mil.disa.fso.windows:tst:482600" version="1" check_existence="at_least_one_exists" check="all" comment="HKEY_LOCAL_MACHINE\SOFTWARE\Policies\Microsoft\WindowsFirewall\PublicProfile\Logging!LogSuccessfulConnections value equals variable">
      <object object_ref="oval:mil.disa.fso.windows:obj:482600" />
      <state state_ref="oval:mil.disa.fso.windows:ste:482600" />
    </registry_test>
    <registry_test xmlns="http://oval.mitre.org/XMLSchema/oval-definitions-5#windows" id="oval:mil.disa.fso.windows:tst:482300" version="1" check_existence="at_least_one_exists" check="all" comment="HKEY_LOCAL_MACHINE\SOFTWARE\Policies\Microsoft\WindowsFirewall\PublicProfile\Logging!LogFilePath value matches variable">
      <object object_ref="oval:mil.disa.fso.windows:obj:482300" />
      <state state_ref="oval:mil.disa.fso.windows:ste:482300" />
    </registry_test>
    <registry_test xmlns="http://oval.mitre.org/XMLSchema/oval-definitions-5#windows" id="oval:mil.disa.fso.windows:tst:482400" version="1" check_existence="at_least_one_exists" check="all" comment="HKEY_LOCAL_MACHINE\SOFTWARE\Policies\Microsoft\WindowsFirewall\PublicProfile\Logging!LogFileSize value is greater than or equal to variable">
      <object object_ref="oval:mil.disa.fso.windows:obj:482400" />
      <state state_ref="oval:mil.disa.fso.windows:ste:482400" />
    </registry_test>
    <registry_test xmlns="http://oval.mitre.org/XMLSchema/oval-definitions-5#windows" id="oval:mil.disa.fso.windows:tst:481900" version="1" check_existence="at_least_one_exists" check="all" comment="HKEY_LOCAL_MACHINE\SOFTWARE\Policies\Microsoft\WindowsFirewall\PublicProfile!DisableNotifications value equals variable">
      <object object_ref="oval:mil.disa.fso.windows:obj:481900" />
      <state state_ref="oval:mil.disa.fso.windows:ste:481900" />
    </registry_test>
    <registry_test xmlns="http://oval.mitre.org/XMLSchema/oval-definitions-5#windows" id="oval:mil.disa.fso.windows:tst:482200" version="1" check_existence="at_least_one_exists" check="all" comment="HKEY_LOCAL_MACHINE\SOFTWARE\Policies\Microsoft\WindowsFirewall\PublicProfile!AllowLocalIPsecPolicyMerge value equals variable">
      <object object_ref="oval:mil.disa.fso.windows:obj:482200" />
      <state state_ref="oval:mil.disa.fso.windows:ste:482200" />
    </registry_test>
    <registry_test xmlns="http://oval.mitre.org/XMLSchema/oval-definitions-5#windows" id="oval:mil.disa.fso.windows:tst:482100" version="1" check_existence="at_least_one_exists" check="all" comment="HKEY_LOCAL_MACHINE\SOFTWARE\Policies\Microsoft\WindowsFirewall\PublicProfile!AllowLocalPolicyMerge value equals variable">
      <object object_ref="oval:mil.disa.fso.windows:obj:482100" />
      <state state_ref="oval:mil.disa.fso.windows:ste:482100" />
    </registry_test>
    <registry_test xmlns="http://oval.mitre.org/XMLSchema/oval-definitions-5#windows" id="oval:mil.disa.fso.windows:tst:480000" version="1" check_existence="at_least_one_exists" check="all" comment="HKEY_LOCAL_MACHINE\SOFTWARE\Policies\Microsoft\WindowsFirewall\PublicProfile!EnableFirewall value equals variable">
      <object object_ref="oval:mil.disa.fso.windows:obj:480000" />
      <state state_ref="oval:mil.disa.fso.windows:ste:480000" />
    </registry_test>
    <registry_test xmlns="http://oval.mitre.org/XMLSchema/oval-definitions-5#windows" id="oval:mil.disa.fso.windows:tst:481700" version="1" check_existence="at_least_one_exists" check="all" comment="HKEY_LOCAL_MACHINE\SOFTWARE\Policies\Microsoft\WindowsFirewall\PublicProfile!DefaultInboundAction value equals variable">
      <object object_ref="oval:mil.disa.fso.windows:obj:481700" />
      <state state_ref="oval:mil.disa.fso.windows:ste:481700" />
    </registry_test>
    <registry_test xmlns="http://oval.mitre.org/XMLSchema/oval-definitions-5#windows" id="oval:mil.disa.fso.windows:tst:481800" version="1" check_existence="at_least_one_exists" check="all" comment="HKEY_LOCAL_MACHINE\SOFTWARE\Policies\Microsoft\WindowsFirewall\PublicProfile!DefaultOutboundAction value equals variable">
      <object object_ref="oval:mil.disa.fso.windows:obj:481800" />
      <state state_ref="oval:mil.disa.fso.windows:ste:481800" />
    </registry_test>
    <registry_test xmlns="http://oval.mitre.org/XMLSchema/oval-definitions-5#windows" id="oval:mil.disa.fso.windows:tst:482000" version="1" check_existence="at_least_one_exists" check="all" comment="HKEY_LOCAL_MACHINE\SOFTWARE\Policies\Microsoft\WindowsFirewall\PublicProfile!DisableUnicastResponsesToMulticastBroadcast value equals variable">
      <object object_ref="oval:mil.disa.fso.windows:obj:482000" />
      <state state_ref="oval:mil.disa.fso.windows:ste:482000" />
    </registry_test>
  </tests>
  <objects>
    <registry_object xmlns="http://oval.mitre.org/XMLSchema/oval-definitions-5#windows" id="oval:mil.disa.fso.windows:obj:480700" version="1" comment="HKEY_LOCAL_MACHINE\SOFTWARE\Policies\Microsoft\WindowsFirewall\DomainProfile\Logging!LogDroppedPackets">
      <hive datatype="string">HKEY_LOCAL_MACHINE</hive>
      <key datatype="string">SOFTWARE\Policies\Microsoft\WindowsFirewall\DomainProfile\Logging</key>
      <name datatype="string">LogDroppedPackets</name>
    </registry_object>
    <registry_object xmlns="http://oval.mitre.org/XMLSchema/oval-definitions-5#windows" id="oval:mil.disa.fso.windows:obj:480800" version="1" comment="HKEY_LOCAL_MACHINE\SOFTWARE\Policies\Microsoft\WindowsFirewall\DomainProfile\Logging!LogSuccessfulConnections">
      <hive datatype="string">HKEY_LOCAL_MACHINE</hive>
      <key datatype="string">SOFTWARE\Policies\Microsoft\WindowsFirewall\DomainProfile\Logging</key>
      <name datatype="string">LogSuccessfulConnections</name>
    </registry_object>
    <registry_object xmlns="http://oval.mitre.org/XMLSchema/oval-definitions-5#windows" id="oval:mil.disa.fso.windows:obj:480500" version="1" comment="HKEY_LOCAL_MACHINE\SOFTWARE\Policies\Microsoft\WindowsFirewall\DomainProfile\Logging!LogFilePath">
      <hive datatype="string">HKEY_LOCAL_MACHINE</hive>
      <key datatype="string">SOFTWARE\Policies\Microsoft\WindowsFirewall\DomainProfile\Logging</key>
      <name datatype="string">LogFilePath</name>
    </registry_object>
    <registry_object xmlns="http://oval.mitre.org/XMLSchema/oval-definitions-5#windows" id="oval:mil.disa.fso.windows:obj:480600" version="1" comment="HKEY_LOCAL_MACHINE\SOFTWARE\Policies\Microsoft\WindowsFirewall\DomainProfile\Logging!LogFileSize">
      <hive datatype="string">HKEY_LOCAL_MACHINE</hive>
      <key datatype="string">SOFTWARE\Policies\Microsoft\WindowsFirewall\DomainProfile\Logging</key>
      <name datatype="string">LogFileSize</name>
    </registry_object>
    <registry_object xmlns="http://oval.mitre.org/XMLSchema/oval-definitions-5#windows" id="oval:mil.disa.fso.windows:obj:480300" version="1" comment="HKEY_LOCAL_MACHINE\SOFTWARE\Policies\Microsoft\WindowsFirewall\DomainProfile!DisableNotifications">
      <hive datatype="string">HKEY_LOCAL_MACHINE</hive>
      <key datatype="string">SOFTWARE\Policies\Microsoft\WindowsFirewall\DomainProfile</key>
      <name datatype="string">DisableNotifications</name>
    </registry_object>
    <registry_object xmlns="http://oval.mitre.org/XMLSchema/oval-definitions-5#windows" id="oval:mil.disa.fso.windows:obj:480400" version="1" comment="HKEY_LOCAL_MACHINE\SOFTWARE\Policies\Microsoft\WindowsFirewall\DomainProfile!DisableUnicastResponsesToMulticastBroadcast">
      <hive datatype="string">HKEY_LOCAL_MACHINE</hive>
      <key datatype="string">SOFTWARE\Policies\Microsoft\WindowsFirewall\DomainProfile</key>
      <name datatype="string">DisableUnicastResponsesToMulticastBroadcast</name>
    </registry_object>
    <registry_object xmlns="http://oval.mitre.org/XMLSchema/oval-definitions-5#windows" id="oval:mil.disa.fso.windows:obj:479800" version="1" comment="HKEY_LOCAL_MACHINE\SOFTWARE\Policies\Microsoft\WindowsFirewall\DomainProfile!EnableFirewall">
      <hive datatype="string">HKEY_LOCAL_MACHINE</hive>
      <key datatype="string">SOFTWARE\Policies\Microsoft\WindowsFirewall\DomainProfile</key>
      <name datatype="string">EnableFirewall</name>
    </registry_object>
    <registry_object xmlns="http://oval.mitre.org/XMLSchema/oval-definitions-5#windows" id="oval:mil.disa.fso.windows:obj:480100" version="1" comment="HKEY_LOCAL_MACHINE\SOFTWARE\Policies\Microsoft\WindowsFirewall\DomainProfile!DefaultInboundAction">
      <hive datatype="string">HKEY_LOCAL_MACHINE</hive>
      <key datatype="string">SOFTWARE\Policies\Microsoft\WindowsFirewall\DomainProfile</key>
      <name datatype="string">DefaultInboundAction</name>
    </registry_object>
    <registry_object xmlns="http://oval.mitre.org/XMLSchema/oval-definitions-5#windows" id="oval:mil.disa.fso.windows:obj:480200" version="1" comment="HKEY_LOCAL_MACHINE\SOFTWARE\Policies\Microsoft\WindowsFirewall\DomainProfile!DefaultOutboundAction">
      <hive datatype="string">HKEY_LOCAL_MACHINE</hive>
      <key datatype="string">SOFTWARE\Policies\Microsoft\WindowsFirewall\DomainProfile</key>
      <name datatype="string">DefaultOutboundAction</name>
    </registry_object>
    <registry_object xmlns="http://oval.mitre.org/XMLSchema/oval-definitions-5#windows" id="oval:mil.disa.fso.windows:obj:481500" version="1" comment="HKEY_LOCAL_MACHINE\SOFTWARE\Policies\Microsoft\WindowsFirewall\PrivateProfile\Logging!LogDroppedPackets">
      <hive datatype="string">HKEY_LOCAL_MACHINE</hive>
      <key datatype="string">SOFTWARE\Policies\Microsoft\WindowsFirewall\PrivateProfile\Logging</key>
      <name datatype="string">LogDroppedPackets</name>
    </registry_object>
    <registry_object xmlns="http://oval.mitre.org/XMLSchema/oval-definitions-5#windows" id="oval:mil.disa.fso.windows:obj:481600" version="1" comment="HKEY_LOCAL_MACHINE\SOFTWARE\Policies\Microsoft\WindowsFirewall\PrivateProfile\Logging!LogSuccessfulConnections">
      <hive datatype="string">HKEY_LOCAL_MACHINE</hive>
      <key datatype="string">SOFTWARE\Policies\Microsoft\WindowsFirewall\PrivateProfile\Logging</key>
      <name datatype="string">LogSuccessfulConnections</name>
    </registry_object>
    <registry_object xmlns="http://oval.mitre.org/XMLSchema/oval-definitions-5#windows" id="oval:mil.disa.fso.windows:obj:481300" version="1" comment="HKEY_LOCAL_MACHINE\SOFTWARE\Policies\Microsoft\WindowsFirewall\PrivateProfile\Logging!LogFilePath">
      <hive datatype="string">HKEY_LOCAL_MACHINE</hive>
      <key datatype="string">SOFTWARE\Policies\Microsoft\WindowsFirewall\PrivateProfile\Logging</key>
      <name datatype="string">LogFilePath</name>
    </registry_object>
    <registry_object xmlns="http://oval.mitre.org/XMLSchema/oval-definitions-5#windows" id="oval:mil.disa.fso.windows:obj:481400" version="1" comment="HKEY_LOCAL_MACHINE\SOFTWARE\Policies\Microsoft\WindowsFirewall\PrivateProfile\Logging!LogFileSize">
      <hive datatype="string">HKEY_LOCAL_MACHINE</hive>
      <key datatype="string">SOFTWARE\Policies\Microsoft\WindowsFirewall\PrivateProfile\Logging</key>
      <name datatype="string">LogFileSize</name>
    </registry_object>
    <registry_object xmlns="http://oval.mitre.org/XMLSchema/oval-definitions-5#windows" id="oval:mil.disa.fso.windows:obj:481100" version="1" comment="HKEY_LOCAL_MACHINE\SOFTWARE\Policies\Microsoft\WindowsFirewall\PrivateProfile!DisableNotifications">
      <hive datatype="string">HKEY_LOCAL_MACHINE</hive>
      <key datatype="string">SOFTWARE\Policies\Microsoft\WindowsFirewall\PrivateProfile</key>
      <name datatype="string">DisableNotifications</name>
    </registry_object>
    <registry_object xmlns="http://oval.mitre.org/XMLSchema/oval-definitions-5#windows" id="oval:mil.disa.fso.windows:obj:481200" version="1" comment="HKEY_LOCAL_MACHINE\SOFTWARE\Policies\Microsoft\WindowsFirewall\PrivateProfile!DisableUnicastResponsesToMulticastBroadcast">
      <hive datatype="string">HKEY_LOCAL_MACHINE</hive>
      <key datatype="string">SOFTWARE\Policies\Microsoft\WindowsFirewall\PrivateProfile</key>
      <name datatype="string">DisableUnicastResponsesToMulticastBroadcast</name>
    </registry_object>
    <registry_object xmlns="http://oval.mitre.org/XMLSchema/oval-definitions-5#windows" id="oval:mil.disa.fso.windows:obj:479900" version="1" comment="HKEY_LOCAL_MACHINE\SOFTWARE\Policies\Microsoft\WindowsFirewall\PrivateProfile!EnableFirewall">
      <hive datatype="string">HKEY_LOCAL_MACHINE</hive>
      <key datatype="string">SOFTWARE\Policies\Microsoft\WindowsFirewall\PrivateProfile</key>
      <name datatype="string">EnableFirewall</name>
    </registry_object>
    <registry_object xmlns="http://oval.mitre.org/XMLSchema/oval-definitions-5#windows" id="oval:mil.disa.fso.windows:obj:480900" version="1" comment="HKEY_LOCAL_MACHINE\SOFTWARE\Policies\Microsoft\WindowsFirewall\PrivateProfile!DefaultInboundAction">
      <hive datatype="string">HKEY_LOCAL_MACHINE</hive>
      <key datatype="string">SOFTWARE\Policies\Microsoft\WindowsFirewall\PrivateProfile</key>
      <name datatype="string">DefaultInboundAction</name>
    </registry_object>
    <registry_object xmlns="http://oval.mitre.org/XMLSchema/oval-definitions-5#windows" id="oval:mil.disa.fso.windows:obj:481000" version="1" comment="HKEY_LOCAL_MACHINE\SOFTWARE\Policies\Microsoft\WindowsFirewall\PrivateProfile!DefaultOutboundAction">
      <hive datatype="string">HKEY_LOCAL_MACHINE</hive>
      <key datatype="string">SOFTWARE\Policies\Microsoft\WindowsFirewall\PrivateProfile</key>
      <name datatype="string">DefaultOutboundAction</name>
    </registry_object>
    <registry_object xmlns="http://oval.mitre.org/XMLSchema/oval-definitions-5#windows" id="oval:mil.disa.fso.windows:obj:482500" version="1" comment="HKEY_LOCAL_MACHINE\SOFTWARE\Policies\Microsoft\WindowsFirewall\PublicProfile\Logging!LogDroppedPackets">
      <hive datatype="string">HKEY_LOCAL_MACHINE</hive>
      <key datatype="string">SOFTWARE\Policies\Microsoft\WindowsFirewall\PublicProfile\Logging</key>
      <name datatype="string">LogDroppedPackets</name>
    </registry_object>
    <registry_object xmlns="http://oval.mitre.org/XMLSchema/oval-definitions-5#windows" id="oval:mil.disa.fso.windows:obj:482600" version="1" comment="HKEY_LOCAL_MACHINE\SOFTWARE\Policies\Microsoft\WindowsFirewall\PublicProfile\Logging!LogSuccessfulConnections">
      <hive datatype="string">HKEY_LOCAL_MACHINE</hive>
      <key datatype="string">SOFTWARE\Policies\Microsoft\WindowsFirewall\PublicProfile\Logging</key>
      <name datatype="string">LogSuccessfulConnections</name>
    </registry_object>
    <registry_object xmlns="http://oval.mitre.org/XMLSchema/oval-definitions-5#windows" id="oval:mil.disa.fso.windows:obj:482300" version="1" comment="HKEY_LOCAL_MACHINE\SOFTWARE\Policies\Microsoft\WindowsFirewall\PublicProfile\Logging!LogFilePath">
      <hive datatype="string">HKEY_LOCAL_MACHINE</hive>
      <key datatype="string">SOFTWARE\Policies\Microsoft\WindowsFirewall\PublicProfile\Logging</key>
      <name datatype="string">LogFilePath</name>
    </registry_object>
    <registry_object xmlns="http://oval.mitre.org/XMLSchema/oval-definitions-5#windows" id="oval:mil.disa.fso.windows:obj:482400" version="1" comment="HKEY_LOCAL_MACHINE\SOFTWARE\Policies\Microsoft\WindowsFirewall\PublicProfile\Logging!LogFileSize">
      <hive datatype="string">HKEY_LOCAL_MACHINE</hive>
      <key datatype="string">SOFTWARE\Policies\Microsoft\WindowsFirewall\PublicProfile\Logging</key>
      <name datatype="string">LogFileSize</name>
    </registry_object>
    <registry_object xmlns="http://oval.mitre.org/XMLSchema/oval-definitions-5#windows" id="oval:mil.disa.fso.windows:obj:481900" version="1" comment="HKEY_LOCAL_MACHINE\SOFTWARE\Policies\Microsoft\WindowsFirewall\PublicProfile!DisableNotifications">
      <hive datatype="string">HKEY_LOCAL_MACHINE</hive>
      <key datatype="string">SOFTWARE\Policies\Microsoft\WindowsFirewall\PublicProfile</key>
      <name datatype="string">DisableNotifications</name>
    </registry_object>
    <registry_object xmlns="http://oval.mitre.org/XMLSchema/oval-definitions-5#windows" id="oval:mil.disa.fso.windows:obj:482200" version="1" comment="HKEY_LOCAL_MACHINE\SOFTWARE\Policies\Microsoft\WindowsFirewall\PublicProfile!AllowLocalIPsecPolicyMerge">
      <hive datatype="string">HKEY_LOCAL_MACHINE</hive>
      <key datatype="string">SOFTWARE\Policies\Microsoft\WindowsFirewall\PublicProfile</key>
      <name datatype="string">AllowLocalIPsecPolicyMerge</name>
    </registry_object>
    <registry_object xmlns="http://oval.mitre.org/XMLSchema/oval-definitions-5#windows" id="oval:mil.disa.fso.windows:obj:482100" version="1" comment="HKEY_LOCAL_MACHINE\SOFTWARE\Policies\Microsoft\WindowsFirewall\PublicProfile!AllowLocalPolicyMerge">
      <hive datatype="string">HKEY_LOCAL_MACHINE</hive>
      <key datatype="string">SOFTWARE\Policies\Microsoft\WindowsFirewall\PublicProfile</key>
      <name datatype="string">AllowLocalPolicyMerge</name>
    </registry_object>
    <registry_object xmlns="http://oval.mitre.org/XMLSchema/oval-definitions-5#windows" id="oval:mil.disa.fso.windows:obj:480000" version="1" comment="HKEY_LOCAL_MACHINE\SOFTWARE\Policies\Microsoft\WindowsFirewall\PublicProfile!EnableFirewall">
      <hive datatype="string">HKEY_LOCAL_MACHINE</hive>
      <key datatype="string">SOFTWARE\Policies\Microsoft\WindowsFirewall\PublicProfile</key>
      <name datatype="string">EnableFirewall</name>
    </registry_object>
    <registry_object xmlns="http://oval.mitre.org/XMLSchema/oval-definitions-5#windows" id="oval:mil.disa.fso.windows:obj:481700" version="1" comment="HKEY_LOCAL_MACHINE\SOFTWARE\Policies\Microsoft\WindowsFirewall\PublicProfile!DefaultInboundAction">
      <hive datatype="string">HKEY_LOCAL_MACHINE</hive>
      <key datatype="string">SOFTWARE\Policies\Microsoft\WindowsFirewall\PublicProfile</key>
      <name datatype="string">DefaultInboundAction</name>
    </registry_object>
    <registry_object xmlns="http://oval.mitre.org/XMLSchema/oval-definitions-5#windows" id="oval:mil.disa.fso.windows:obj:481800" version="1" comment="HKEY_LOCAL_MACHINE\SOFTWARE\Policies\Microsoft\WindowsFirewall\PublicProfile!DefaultOutboundAction">
      <hive datatype="string">HKEY_LOCAL_MACHINE</hive>
      <key datatype="string">SOFTWARE\Policies\Microsoft\WindowsFirewall\PublicProfile</key>
      <name datatype="string">DefaultOutboundAction</name>
    </registry_object>
    <registry_object xmlns="http://oval.mitre.org/XMLSchema/oval-definitions-5#windows" id="oval:mil.disa.fso.windows:obj:482000" version="1" comment="HKEY_LOCAL_MACHINE\SOFTWARE\Policies\Microsoft\WindowsFirewall\PublicProfile!DisableUnicastResponsesToMulticastBroadcast">
      <hive datatype="string">HKEY_LOCAL_MACHINE</hive>
      <key datatype="string">SOFTWARE\Policies\Microsoft\WindowsFirewall\PublicProfile</key>
      <name datatype="string">DisableUnicastResponsesToMulticastBroadcast</name>
    </registry_object>
  </objects>
  <states>
    <registry_state xmlns="http://oval.mitre.org/XMLSchema/oval-definitions-5#windows" id="oval:mil.disa.fso.windows:ste:480700" version="1" comment="Value equals variable">
      <type operation="equals">reg_dword</type>
      <value datatype="int" operation="equals" var_ref="oval:mil.disa.fso.windows:var:480700" />
    </registry_state>
    <registry_state xmlns="http://oval.mitre.org/XMLSchema/oval-definitions-5#windows" id="oval:mil.disa.fso.windows:ste:480800" version="1" comment="Value equals variable">
      <type operation="equals">reg_dword</type>
      <value datatype="int" operation="equals" var_ref="oval:mil.disa.fso.windows:var:480800" />
    </registry_state>
    <registry_state xmlns="http://oval.mitre.org/XMLSchema/oval-definitions-5#windows" id="oval:mil.disa.fso.windows:ste:480500" version="1" comment="Value matches variable">
      <type operation="equals">reg_sz</type>
      <value datatype="string" operation="pattern match" var_ref="oval:mil.disa.fso.windows:var:480500" />
    </registry_state>
    <registry_state xmlns="http://oval.mitre.org/XMLSchema/oval-definitions-5#windows" id="oval:mil.disa.fso.windows:ste:480600" version="1" comment="Value is greater than or equal to variable">
      <type operation="equals">reg_dword</type>
      <value datatype="int" operation="greater than or equal" var_ref="oval:mil.disa.fso.windows:var:480600" />
    </registry_state>
    <registry_state xmlns="http://oval.mitre.org/XMLSchema/oval-definitions-5#windows" id="oval:mil.disa.fso.windows:ste:480300" version="1" comment="Value equals variable">
      <type operation="equals">reg_dword</type>
      <value datatype="int" operation="equals" var_ref="oval:mil.disa.fso.windows:var:480300" />
    </registry_state>
    <registry_state xmlns="http://oval.mitre.org/XMLSchema/oval-definitions-5#windows" id="oval:mil.disa.fso.windows:ste:480400" version="1" comment="Value equals variable">
      <type operation="equals">reg_dword</type>
      <value datatype="int" operation="equals" var_ref="oval:mil.disa.fso.windows:var:480400" />
    </registry_state>
    <registry_state xmlns="http://oval.mitre.org/XMLSchema/oval-definitions-5#windows" id="oval:mil.disa.fso.windows:ste:479800" version="1" comment="Value equals variable">
      <type operation="equals">reg_dword</type>
      <value datatype="int" operation="equals" var_ref="oval:mil.disa.fso.windows:var:479800" />
    </registry_state>
    <registry_state xmlns="http://oval.mitre.org/XMLSchema/oval-definitions-5#windows" id="oval:mil.disa.fso.windows:ste:480100" version="1" comment="Value equals variable">
      <type operation="equals">reg_dword</type>
      <value datatype="int" operation="equals" var_ref="oval:mil.disa.fso.windows:var:480100" />
    </registry_state>
    <registry_state xmlns="http://oval.mitre.org/XMLSchema/oval-definitions-5#windows" id="oval:mil.disa.fso.windows:ste:480200" version="1" comment="Value equals variable">
      <type operation="equals">reg_dword</type>
      <value datatype="int" operation="equals" var_ref="oval:mil.disa.fso.windows:var:480200" />
    </registry_state>
    <registry_state xmlns="http://oval.mitre.org/XMLSchema/oval-definitions-5#windows" id="oval:mil.disa.fso.windows:ste:481500" version="1" comment="Value equals variable">
      <type operation="equals">reg_dword</type>
      <value datatype="int" operation="equals" var_ref="oval:mil.disa.fso.windows:var:481500" />
    </registry_state>
    <registry_state xmlns="http://oval.mitre.org/XMLSchema/oval-definitions-5#windows" id="oval:mil.disa.fso.windows:ste:481600" version="1" comment="Value equals variable">
      <type operation="equals">reg_dword</type>
      <value datatype="int" operation="equals" var_ref="oval:mil.disa.fso.windows:var:481600" />
    </registry_state>
    <registry_state xmlns="http://oval.mitre.org/XMLSchema/oval-definitions-5#windows" id="oval:mil.disa.fso.windows:ste:481300" version="1" comment="Value matches variable">
      <type operation="equals">reg_sz</type>
      <value datatype="string" operation="pattern match" var_ref="oval:mil.disa.fso.windows:var:481300" />
    </registry_state>
    <registry_state xmlns="http://oval.mitre.org/XMLSchema/oval-definitions-5#windows" id="oval:mil.disa.fso.windows:ste:481400" version="1" comment="Value is greater than or equal to variable">
      <type operation="equals">reg_dword</type>
      <value datatype="int" operation="greater than or equal" var_ref="oval:mil.disa.fso.windows:var:481400" />
    </registry_state>
    <registry_state xmlns="http://oval.mitre.org/XMLSchema/oval-definitions-5#windows" id="oval:mil.disa.fso.windows:ste:481100" version="1" comment="Value equals variable">
      <type operation="equals">reg_dword</type>
      <value datatype="int" operation="equals" var_ref="oval:mil.disa.fso.windows:var:481100" />
    </registry_state>
    <registry_state xmlns="http://oval.mitre.org/XMLSchema/oval-definitions-5#windows" id="oval:mil.disa.fso.windows:ste:481200" version="1" comment="Value equals variable">
      <type operation="equals">reg_dword</type>
      <value datatype="int" operation="equals" var_ref="oval:mil.disa.fso.windows:var:481200" />
    </registry_state>
    <registry_state xmlns="http://oval.mitre.org/XMLSchema/oval-definitions-5#windows" id="oval:mil.disa.fso.windows:ste:479900" version="1" comment="Value equals variable">
      <type operation="equals">reg_dword</type>
      <value datatype="int" operation="equals" var_ref="oval:mil.disa.fso.windows:var:479900" />
    </registry_state>
    <registry_state xmlns="http://oval.mitre.org/XMLSchema/oval-definitions-5#windows" id="oval:mil.disa.fso.windows:ste:480900" version="1" comment="Value equals variable">
      <type operation="equals">reg_dword</type>
      <value datatype="int" operation="equals" var_ref="oval:mil.disa.fso.windows:var:480900" />
    </registry_state>
    <registry_state xmlns="http://oval.mitre.org/XMLSchema/oval-definitions-5#windows" id="oval:mil.disa.fso.windows:ste:481000" version="1" comment="Value equals variable">
      <type operation="equals">reg_dword</type>
      <value datatype="int" operation="equals" var_ref="oval:mil.disa.fso.windows:var:481000" />
    </registry_state>
    <registry_state xmlns="http://oval.mitre.org/XMLSchema/oval-definitions-5#windows" id="oval:mil.disa.fso.windows:ste:482500" version="1" comment="Value equals variable">
      <type operation="equals">reg_dword</type>
      <value datatype="int" operation="equals" var_ref="oval:mil.disa.fso.windows:var:482500" />
    </registry_state>
    <registry_state xmlns="http://oval.mitre.org/XMLSchema/oval-definitions-5#windows" id="oval:mil.disa.fso.windows:ste:482600" version="1" comment="Value equals variable">
      <type operation="equals">reg_dword</type>
      <value datatype="int" operation="equals" var_ref="oval:mil.disa.fso.windows:var:482600" />
    </registry_state>
    <registry_state xmlns="http://oval.mitre.org/XMLSchema/oval-definitions-5#windows" id="oval:mil.disa.fso.windows:ste:482300" version="1" comment="Value matches variable">
      <type operation="equals">reg_sz</type>
      <value datatype="string" operation="pattern match" var_ref="oval:mil.disa.fso.windows:var:482300" />
    </registry_state>
    <registry_state xmlns="http://oval.mitre.org/XMLSchema/oval-definitions-5#windows" id="oval:mil.disa.fso.windows:ste:482400" version="1" comment="Value is greater than or equal to variable">
      <type operation="equals">reg_dword</type>
      <value datatype="int" operation="greater than or equal" var_ref="oval:mil.disa.fso.windows:var:482400" />
    </registry_state>
    <registry_state xmlns="http://oval.mitre.org/XMLSchema/oval-definitions-5#windows" id="oval:mil.disa.fso.windows:ste:481900" version="1" comment="Value equals variable">
      <type operation="equals">reg_dword</type>
      <value datatype="int" operation="equals" var_ref="oval:mil.disa.fso.windows:var:481900" />
    </registry_state>
    <registry_state xmlns="http://oval.mitre.org/XMLSchema/oval-definitions-5#windows" id="oval:mil.disa.fso.windows:ste:482200" version="1" comment="Value equals variable">
      <type operation="equals">reg_dword</type>
      <value datatype="int" operation="equals" var_ref="oval:mil.disa.fso.windows:var:482200" />
    </registry_state>
    <registry_state xmlns="http://oval.mitre.org/XMLSchema/oval-definitions-5#windows" id="oval:mil.disa.fso.windows:ste:482100" version="1" comment="Value equals variable">
      <type operation="equals">reg_dword</type>
      <value datatype="int" operation="equals" var_ref="oval:mil.disa.fso.windows:var:482100" />
    </registry_state>
    <registry_state xmlns="http://oval.mitre.org/XMLSchema/oval-definitions-5#windows" id="oval:mil.disa.fso.windows:ste:480000" version="1" comment="Value equals variable">
      <type operation="equals">reg_dword</type>
      <value datatype="int" operation="equals" var_ref="oval:mil.disa.fso.windows:var:480000" />
    </registry_state>
    <registry_state xmlns="http://oval.mitre.org/XMLSchema/oval-definitions-5#windows" id="oval:mil.disa.fso.windows:ste:481700" version="1" comment="Value equals variable">
      <type operation="equals">reg_dword</type>
      <value datatype="int" operation="equals" var_ref="oval:mil.disa.fso.windows:var:481700" />
    </registry_state>
    <registry_state xmlns="http://oval.mitre.org/XMLSchema/oval-definitions-5#windows" id="oval:mil.disa.fso.windows:ste:481800" version="1" comment="Value equals variable">
      <type operation="equals">reg_dword</type>
      <value datatype="int" operation="equals" var_ref="oval:mil.disa.fso.windows:var:481800" />
    </registry_state>
    <registry_state xmlns="http://oval.mitre.org/XMLSchema/oval-definitions-5#windows" id="oval:mil.disa.fso.windows:ste:482000" version="1" comment="Value equals variable">
      <type operation="equals">reg_dword</type>
      <value datatype="int" operation="equals" var_ref="oval:mil.disa.fso.windows:var:482000" />
    </registry_state>
  </states>
  <variables>
    <external_variable id="oval:mil.disa.fso.windows:var:480700" version="1" datatype="int" comment="Log Dropped Packets - Domain Profile">
      <possible_value hint="no">0</possible_value>
      <possible_value hint="yes">1</possible_value>
    </external_variable>
    <external_variable id="oval:mil.disa.fso.windows:var:480800" version="1" datatype="int" comment="Logged Successful Connections - Domain Profile">
      <possible_value hint="no">0</possible_value>
      <possible_value hint="yes">1</possible_value>
    </external_variable>
    <external_variable id="oval:mil.disa.fso.windows:var:480500" version="1" datatype="string" comment="Name - Domain Profile">
      <possible_value hint="firewall_dir">((%[Ss][Yy][Ss][Tt][Ee][Mm][Rr][Oo][Oo][Tt]%)|(%[Ww][Ii][Nn][Dd][Ii][Rr]%)|([C-Zc-z]:\\[Ww][Ii][Nn][Dd][Oo][Ww][Ss]))\\[Ss][Yy][Ss][Tt][Ee][Mm]32\\[Ll][Oo][Gg][Ff][Ii][Ll][Ee][Ss]\\[Ff][Ii][Rr][Ee][Ww][Aa][Ll][Ll]\\[^\.][^\\]*</possible_value>
    </external_variable>
    <external_variable id="oval:mil.disa.fso.windows:var:480600" version="1" datatype="int" comment="Size Limit - Domain Profile">
      <possible_value hint="16384_kb">16384</possible_value>
    </external_variable>
    <external_variable id="oval:mil.disa.fso.windows:var:480300" version="1" datatype="int" comment="Display a Notification - Domain Profile">
      <possible_value hint="yes">0</possible_value>
      <possible_value hint="no">1</possible_value>
    </external_variable>
    <external_variable id="oval:mil.disa.fso.windows:var:480400" version="1" datatype="int" comment="Allow Unicast Response - Domain Profile">
      <possible_value hint="yes">0</possible_value>
      <possible_value hint="no">1</possible_value>
    </external_variable>
    <external_variable id="oval:mil.disa.fso.windows:var:479800" version="1" datatype="int" comment="Firewall state - Domain Profile">
      <possible_value hint="off">0</possible_value>
      <possible_value hint="on">1</possible_value>
    </external_variable>
    <external_variable id="oval:mil.disa.fso.windows:var:480100" version="1" datatype="int" comment="Inbound Connections - Domain Profile">
      <possible_value hint="allow">0</possible_value>
      <possible_value hint="block">1</possible_value>
    </external_variable>
    <external_variable id="oval:mil.disa.fso.windows:var:480200" version="1" datatype="int" comment="Outbound Connections - Domain Profile">
      <possible_value hint="allow">0</possible_value>
      <possible_value hint="block">1</possible_value>
    </external_variable>
    <external_variable id="oval:mil.disa.fso.windows:var:481500" version="1" datatype="int" comment="Log Dropped Packets - Private Profile">
      <possible_value hint="no">0</possible_value>
      <possible_value hint="yes">1</possible_value>
    </external_variable>
    <external_variable id="oval:mil.disa.fso.windows:var:481600" version="1" datatype="int" comment="Logged Successful Connections - Private Profile">
      <possible_value hint="no">0</possible_value>
      <possible_value hint="yes">1</possible_value>
    </external_variable>
    <external_variable id="oval:mil.disa.fso.windows:var:481300" version="1" datatype="string" comment="Name - Private Profile">
      <possible_value hint="firewall_dir">((%[Ss][Yy][Ss][Tt][Ee][Mm][Rr][Oo][Oo][Tt]%)|(%[Ww][Ii][Nn][Dd][Ii][Rr]%)|([C-Zc-z]:\\[Ww][Ii][Nn][Dd][Oo][Ww][Ss]))\\[Ss][Yy][Ss][Tt][Ee][Mm]32\\[Ll][Oo][Gg][Ff][Ii][Ll][Ee][Ss]\\[Ff][Ii][Rr][Ee][Ww][Aa][Ll][Ll]\\[^\.][^\\]*</possible_value>
    </external_variable>
    <external_variable id="oval:mil.disa.fso.windows:var:481400" version="1" datatype="int" comment="Size Limit - Private Profile">
      <possible_value hint="16384_kb">16384</possible_value>
    </external_variable>
    <external_variable id="oval:mil.disa.fso.windows:var:481100" version="1" datatype="int" comment="Display a Notification - Private Profile">
      <possible_value hint="yes">0</possible_value>
      <possible_value hint="no">1</possible_value>
    </external_variable>
    <external_variable id="oval:mil.disa.fso.windows:var:481200" version="1" datatype="int" comment="Allow Unicast Response - Private Profile">
      <possible_value hint="yes">0</possible_value>
      <possible_value hint="no">1</possible_value>
    </external_variable>
    <external_variable id="oval:mil.disa.fso.windows:var:479900" version="1" datatype="int" comment="Firewall state - Private Profile">
      <possible_value hint="off">0</possible_value>
      <possible_value hint="on">1</possible_value>
    </external_variable>
    <external_variable id="oval:mil.disa.fso.windows:var:480900" version="1" datatype="int" comment="Inbound Connections - Private Profile">
      <possible_value hint="allow">0</possible_value>
      <possible_value hint="block">1</possible_value>
    </external_variable>
    <external_variable id="oval:mil.disa.fso.windows:var:481000" version="1" datatype="int" comment="Outbound Connections - Private Profile">
      <possible_value hint="allow">0</possible_value>
      <possible_value hint="block">1</possible_value>
    </external_variable>
    <external_variable id="oval:mil.disa.fso.windows:var:482500" version="1" datatype="int" comment="Log Dropped Packets - Public Profile">
      <possible_value hint="no">0</possible_value>
      <possible_value hint="yes">1</possible_value>
    </external_variable>
    <external_variable id="oval:mil.disa.fso.windows:var:482600" version="1" datatype="int" comment="Logged Successful Connections - Public Profile">
      <possible_value hint="no">0</possible_value>
      <possible_value hint="yes">1</possible_value>
    </external_variable>
    <external_variable id="oval:mil.disa.fso.windows:var:482300" version="1" datatype="string" comment="Name - Public Profile">
      <possible_value hint="firewall_dir">((%[Ss][Yy][Ss][Tt][Ee][Mm][Rr][Oo][Oo][Tt]%)|(%[Ww][Ii][Nn][Dd][Ii][Rr]%)|([C-Zc-z]:\\[Ww][Ii][Nn][Dd][Oo][Ww][Ss]))\\[Ss][Yy][Ss][Tt][Ee][Mm]32\\[Ll][Oo][Gg][Ff][Ii][Ll][Ee][Ss]\\[Ff][Ii][Rr][Ee][Ww][Aa][Ll][Ll]\\[^\.][^\\]*</possible_value>
    </external_variable>
    <external_variable id="oval:mil.disa.fso.windows:var:482400" version="1" datatype="int" comment="Size Limit - Public Profile">
      <possible_value hint="16384_kb">16384</possible_value>
    </external_variable>
    <external_variable id="oval:mil.disa.fso.windows:var:481900" version="1" datatype="int" comment="Display a Notification - Public Profile">
      <possible_value hint="yes">0</possible_value>
      <possible_value hint="no">1</possible_value>
    </external_variable>
    <external_variable id="oval:mil.disa.fso.windows:var:482200" version="1" datatype="int" comment="Apply Local Connection Security Rules - Public Profile">
      <possible_value hint="no">0</possible_value>
      <possible_value hint="yes">1</possible_value>
    </external_variable>
    <external_variable id="oval:mil.disa.fso.windows:var:482100" version="1" datatype="int" comment="Apply Local Firewall Rules - Public Profile">
      <possible_value hint="no">0</possible_value>
      <possible_value hint="yes">1</possible_value>
    </external_variable>
    <external_variable id="oval:mil.disa.fso.windows:var:480000" version="1" datatype="int" comment="Firewall state - Public Profile">
      <possible_value hint="off">0</possible_value>
      <possible_value hint="on">1</possible_value>
    </external_variable>
    <external_variable id="oval:mil.disa.fso.windows:var:481700" version="1" datatype="int" comment="Inbound Connections - Public Profile">
      <possible_value hint="allow">0</possible_value>
      <possible_value hint="block">1</possible_value>
    </external_variable>
    <external_variable id="oval:mil.disa.fso.windows:var:481800" version="1" datatype="int" comment="Outbound Connections - Public Profile">
      <possible_value hint="allow">0</possible_value>
      <possible_value hint="block">1</possible_value>
    </external_variable>
    <external_variable id="oval:mil.disa.fso.windows:var:482000" version="1" datatype="int" comment="Allow Unicast Response - Public Profile">
      <possible_value hint="yes">0</possible_value>
      <possible_value hint="no">1</possible_value>
    </external_variable>
  </variables>
</oval_definitions>

