<?xml version="1.0" encoding="utf-8"?><?xml-stylesheet type='text/xsl' href='STIG_unclass.xsl'?><Benchmark xmlns:dsig="http://www.w3.org/2000/09/xmldsig#" xmlns:xsi="http://www.w3.org/2001/XMLSchema-instance" xmlns:cpe="http://cpe.mitre.org/language/2.0" xmlns:xhtml="http://www.w3.org/1999/xhtml" xmlns:dc="http://purl.org/dc/elements/1.1/" id="zOS_IBM_System_Display_and_Search_Facility_for_RACF_STIG" xml:lang="en" xsi:schemaLocation="http://checklists.nist.gov/xccdf/1.1 http://nvd.nist.gov/schema/xccdf-1.1.4.xsd http://cpe.mitre.org/dictionary/2.0 http://cpe.mitre.org/files/cpe-dictionary_2.1.xsd" xmlns="http://checklists.nist.gov/xccdf/1.1"><status date="2016-03-28">accepted</status><title>z/OS IBM System Display and Search Facility (SDSF) for RACF STIG</title><notice id="terms-of-use" xml:lang="en"></notice><reference href="http://iase.disa.mil"><dc:publisher>DISA</dc:publisher><dc:source>STIG.DOD.MIL</dc:source></reference><plain-text id="release-info">Release: 8 Benchmark Date: 22 Apr 2016</plain-text><version>6</version><Profile id="MAC-1_Classified"><title>I - Mission Critical Classified</title><description>&lt;ProfileDescription&gt;&lt;/ProfileDescription&gt;</description><select idref="V-16932" selected="true" /><select idref="V-17452" selected="true" /><select idref="V-17454" selected="true" /><select idref="V-17947" selected="true" /><select idref="V-17982" selected="true" /><select idref="V-18011" selected="true" /><select idref="V-18014" selected="true" /><select idref="V-21592" selected="true" /></Profile><Profile id="MAC-1_Public"><title>I - Mission Critical Public</title><description>&lt;ProfileDescription&gt;&lt;/ProfileDescription&gt;</description><select idref="V-16932" selected="true" /><select idref="V-17452" selected="true" /><select idref="V-17454" selected="true" /><select idref="V-17947" selected="true" /><select idref="V-17982" selected="true" /><select idref="V-18011" selected="true" /><select idref="V-18014" selected="true" /><select idref="V-21592" selected="true" /></Profile><Profile id="MAC-1_Sensitive"><title>I - Mission Critical Sensitive</title><description>&lt;ProfileDescription&gt;&lt;/ProfileDescription&gt;</description><select idref="V-16932" selected="true" /><select idref="V-17452" selected="true" /><select idref="V-17454" selected="true" /><select idref="V-17947" selected="true" /><select idref="V-17982" selected="true" /><select idref="V-18011" selected="true" /><select idref="V-18014" selected="true" /><select idref="V-21592" selected="true" /></Profile><Profile id="MAC-2_Classified"><title>II - Mission Support Classified</title><description>&lt;ProfileDescription&gt;&lt;/ProfileDescription&gt;</description><select idref="V-16932" selected="true" /><select idref="V-17452" selected="true" /><select idref="V-17454" selected="true" /><select idref="V-17947" selected="true" /><select idref="V-17982" selected="true" /><select idref="V-18011" selected="true" /><select idref="V-18014" selected="true" /><select idref="V-21592" selected="true" /></Profile><Profile id="MAC-2_Public"><title>II - Mission Support Public</title><description>&lt;ProfileDescription&gt;&lt;/ProfileDescription&gt;</description><select idref="V-16932" selected="true" /><select idref="V-17452" selected="true" /><select idref="V-17454" selected="true" /><select idref="V-17947" selected="true" /><select idref="V-17982" selected="true" /><select idref="V-18011" selected="true" /><select idref="V-18014" selected="true" /><select idref="V-21592" selected="true" /></Profile><Profile id="MAC-2_Sensitive"><title>II - Mission Support Sensitive</title><description>&lt;ProfileDescription&gt;&lt;/ProfileDescription&gt;</description><select idref="V-16932" selected="true" /><select idref="V-17452" selected="true" /><select idref="V-17454" selected="true" /><select idref="V-17947" selected="true" /><select idref="V-17982" selected="true" /><select idref="V-18011" selected="true" /><select idref="V-18014" selected="true" /><select idref="V-21592" selected="true" /></Profile><Profile id="MAC-3_Classified"><title>III - Administrative Classified</title><description>&lt;ProfileDescription&gt;&lt;/ProfileDescription&gt;</description><select idref="V-16932" selected="true" /><select idref="V-17452" selected="true" /><select idref="V-17454" selected="true" /><select idref="V-17947" selected="true" /><select idref="V-17982" selected="true" /><select idref="V-18011" selected="true" /><select idref="V-18014" selected="true" /><select idref="V-21592" selected="true" /></Profile><Profile id="MAC-3_Public"><title>III - Administrative Public</title><description>&lt;ProfileDescription&gt;&lt;/ProfileDescription&gt;</description><select idref="V-16932" selected="true" /><select idref="V-17452" selected="true" /><select idref="V-17454" selected="true" /><select idref="V-17947" selected="true" /><select idref="V-17982" selected="true" /><select idref="V-18011" selected="true" /><select idref="V-18014" selected="true" /><select idref="V-21592" selected="true" /></Profile><Profile id="MAC-3_Sensitive"><title>III - Administrative Sensitive</title><description>&lt;ProfileDescription&gt;&lt;/ProfileDescription&gt;</description><select idref="V-16932" selected="true" /><select idref="V-17452" selected="true" /><select idref="V-17454" selected="true" /><select idref="V-17947" selected="true" /><select idref="V-17982" selected="true" /><select idref="V-18011" selected="true" /><select idref="V-18014" selected="true" /><select idref="V-21592" selected="true" /></Profile><Group id="V-16932"><title>ZB000000</title><description>&lt;GroupDescription&gt;&lt;/GroupDescription&gt;</description><Rule id="SV-40697r1_rule" severity="medium" weight="10.0"><version>ZISFR000</version><title>IBM System Display and Search Facility (SDSF) installation data sets will be properly protected.</title><description>&lt;VulnDiscussion&gt;IBM System Display and Search Facility (SDSF) installation data sets have the ability to use privileged functions and/or have access to sensitive data.  Failure to properly restrict access to these data sets could result in violating the integrity of the base product which could result in compromising the operating system or sensitive data.&lt;/VulnDiscussion&gt;&lt;FalsePositives&gt;&lt;/FalsePositives&gt;&lt;FalseNegatives&gt;&lt;/FalseNegatives&gt;&lt;Documentable&gt;false&lt;/Documentable&gt;&lt;Mitigations&gt;&lt;/Mitigations&gt;&lt;SeverityOverrideGuidance&gt;&lt;/SeverityOverrideGuidance&gt;&lt;PotentialImpacts&gt;&lt;/PotentialImpacts&gt;&lt;ThirdPartyTools&gt;&lt;/ThirdPartyTools&gt;&lt;MitigationControl&gt;&lt;/MitigationControl&gt;&lt;Responsibility&gt;Information Assurance Officer&lt;/Responsibility&gt;&lt;Responsibility&gt;Systems Programmer&lt;/Responsibility&gt;&lt;IAControls&gt;&lt;/IAControls&gt;</description><reference><dc:title>DPMS Target IBM System Display and Search Facility (SDSF)</dc:title><dc:publisher>DISA</dc:publisher><dc:type>DPMS Target</dc:type><dc:subject>IBM System Display and Search Facility (SDSF)</dc:subject><dc:identifier>2190</dc:identifier></reference><ident system="http://iase.disa.mil/cci">CCI-000213</ident><ident system="http://iase.disa.mil/cci">CCI-002234</ident><fixtext fixref="F-6821r1_fix">The IAO will ensure that WRITE and/or greater access to IBM System Display and Search Facility (SDSF) installation data sets is limited to System Programmers only, and all WRITE and/or greater access is logged.  READ access can be given to all authorized users.

The installing Systems Programmer will identify and document the product data sets and categorize them according to who will have WRITE and/or greater access and if required that all WRITE and/or greater access is logged.  He will identify if any additional groups have WRITE and/or greater access for specific data sets, and once documented he will work with the IAO to see that they are properly restricted to the ACP (Access Control Program) active on the system.

Data sets to be protected will be:
SYS1.ISF.AISF
SYS1.ISF.SISF

The following commands are provided as a sample for implementing data set controls:

AD 'sys1.isf.aisf*.**' UACC(NONE) OWNER(SYS1) AUDIT(SUCCESS(UPDATE) FAILURES(READ))
AD 'sys1.isf.sisf*.**' UACC(NONE) OWNER(SYS1) AUDIT(SUCCESS(UPDATE) FAILURES(READ))

PE 'sys1.isf.aisf*.**' ID(syspaudt) ACC(A)
PE 'sys1.isf.sisf*.**' ID(syspaudt) ACC(A)
PE 'sys1.isf.sisf*.**' ID(authorized users/*) ACC(R)</fixtext><fix id="F-6821r1_fix" /><check system="C-4742r1_chk"><check-content-ref name="M" href="DPMS_XCCDF_Benchmark_zOS IBM System Display and Search Facility for RACF STIG.xml" /><check-content>Refer to the following report produced by the Data Set and Resource Data Collection:

-	SENSITVE.RPT(ISFRPT)

Automated Analysis
Refer to the following report produced by the Data Set and Resource Data Collection:

-	PDI(ZISF0000)

Verify that the accesses to the IBM System Display and Search Facility (SDSF) installation data sets are properly restricted.  If the following guidance is true, this is not a finding.

___	The RACF data set rules for the data sets restricts READ access to all authorized users.

___	The RACF data set rules for the data sets restricts WRITE and/or greater access to systems programming personnel.

___	The RACF data set rules for the data sets specify that all (i.e., failures and successes) WRITE and/or greater access is logged.

___	The RACF data set rules for the data sets specify UACC(NONE) and NOWARNING.</check-content></check></Rule></Group><Group id="V-17452"><title>ZB000030</title><description>&lt;GroupDescription&gt;&lt;/GroupDescription&gt;</description><Rule id="SV-40822r1_rule" severity="medium" weight="10.0"><version>ZISFR030</version><title>IBM System Display and Search Facility (SDSF) Started Task name will be properly identified and/or defined to the system ACP.</title><description>&lt;VulnDiscussion&gt;IBM System Display and Search Facility (SDSF) requires a started task that will be restricted to certain resources, datasets and other system functions. By defining the started task as a userid to the system ACP, It allows the ACP to control the access and authorized users that require these capabilities. Failure to properly control these capabilities, could compromise of the operating system environment, ACP, and customer data.&lt;/VulnDiscussion&gt;&lt;FalsePositives&gt;&lt;/FalsePositives&gt;&lt;FalseNegatives&gt;&lt;/FalseNegatives&gt;&lt;Documentable&gt;false&lt;/Documentable&gt;&lt;Mitigations&gt;&lt;/Mitigations&gt;&lt;SeverityOverrideGuidance&gt;&lt;/SeverityOverrideGuidance&gt;&lt;PotentialImpacts&gt;&lt;/PotentialImpacts&gt;&lt;ThirdPartyTools&gt;&lt;/ThirdPartyTools&gt;&lt;MitigationControl&gt;&lt;/MitigationControl&gt;&lt;Responsibility&gt;Information Assurance Officer&lt;/Responsibility&gt;&lt;Responsibility&gt;Systems Programmer&lt;/Responsibility&gt;&lt;IAControls&gt;&lt;/IAControls&gt;</description><reference><dc:title>DPMS Target IBM System Display and Search Facility (SDSF)</dc:title><dc:publisher>DISA</dc:publisher><dc:type>DPMS Target</dc:type><dc:subject>IBM System Display and Search Facility (SDSF)</dc:subject><dc:identifier>2190</dc:identifier></reference><ident system="http://iase.disa.mil/cci">CCI-000764</ident><fixtext fixref="F-251r1_fix">The IAO working with the systems programmer will ensure the IBM System Display and Search Facility (SDSF) Started Task(s) is properly identified and/or defined to the System ACP.

If the product requires a Started Task, verify that it is properly defined to the System ACP with the proper attributes.

Most installation manuals will indicate how a Started Task is identified and any additional attributes that must be specified.

The following commands are provided as a sample for defining Started Task(s):

au SDSF name('STC, SDSF') owner(stc) dfltgrp(stc) nopass –
	data('SDSF stc')</fixtext><fix id="F-251r1_fix" /><check system="C-4782r1_chk"><check-content-ref name="M" href="DPMS_XCCDF_Benchmark_zOS IBM System Display and Search Facility for RACF STIG.xml" /><check-content>Refer to the following report produced by the RACF Data Collection:

-	RACFCMDS.RPT(LISTUSER)

Verify that the userid(s) for the IBM System Display and Search Facility (SDSF) started task(s) is (are) properly defined.  If the following attributes are defined, this is not a finding.

PROTECTED</check-content></check></Rule></Group><Group id="V-17454"><title>ZB000032</title><description>&lt;GroupDescription&gt;&lt;/GroupDescription&gt;</description><Rule id="SV-40824r1_rule" severity="medium" weight="10.0"><version>ZISFR032</version><title>IBM System Display and Search Facility (SDSF) Started task will be properly defined to the STARTED resource class for RACF.</title><description>&lt;VulnDiscussion&gt;Access to product resources should be restricted to only those individuals responsible for the application connectivity and who have a requirement to access these resources.  Improper control of product resources could potentially compromise the operating system, ACP, and customer data.&lt;/VulnDiscussion&gt;&lt;FalsePositives&gt;&lt;/FalsePositives&gt;&lt;FalseNegatives&gt;&lt;/FalseNegatives&gt;&lt;Documentable&gt;false&lt;/Documentable&gt;&lt;Mitigations&gt;&lt;/Mitigations&gt;&lt;SeverityOverrideGuidance&gt;&lt;/SeverityOverrideGuidance&gt;&lt;PotentialImpacts&gt;&lt;/PotentialImpacts&gt;&lt;ThirdPartyTools&gt;&lt;/ThirdPartyTools&gt;&lt;MitigationControl&gt;&lt;/MitigationControl&gt;&lt;Responsibility&gt;Information Assurance Officer&lt;/Responsibility&gt;&lt;Responsibility&gt;Systems Programmer&lt;/Responsibility&gt;&lt;IAControls&gt;&lt;/IAControls&gt;</description><reference><dc:title>DPMS Target IBM System Display and Search Facility (SDSF)</dc:title><dc:publisher>DISA</dc:publisher><dc:type>DPMS Target</dc:type><dc:subject>IBM System Display and Search Facility (SDSF)</dc:subject><dc:identifier>2190</dc:identifier></reference><ident system="http://iase.disa.mil/cci">CCI-000764</ident><fixtext fixref="F-22409r1_fix">The IAO working with the systems programmer will ensure the IBM System Display and Search Facility (SDSF) Started Task(s) is properly identified and/or defined to the System ACP.

A unique userid must be assigned for the IBM System Display and Search Facility (SDSF) started task(s) thru a corresponding STARTED class entry.

The following commands are provided as a sample for defining Started Task(s):

rdef started SDSF.** uacc(none) owner(admin) audit(all(read)) –
	stdata(user(SDSF) group(stc))
setr racl(started) ref</fixtext><fix id="F-22409r1_fix" /><check system="C-4779r1_chk"><check-content-ref name="M" href="DPMS_XCCDF_Benchmark_zOS IBM System Display and Search Facility for RACF STIG.xml" /><check-content>Refer to the following report produced by the RACF Data Collection:

-	DSMON.RPT(RACSPT)

Automated Analysis
Refer to the following report produced by the RACF Data Collection:

-	PDI(ZISF0032)

If the IBM System Display and Search Facility (SDSF) started task(s) is (are) defined to the STARTED resource class profile and/or ICHRIN03 table entry, this is not a finding.</check-content></check></Rule></Group><Group id="V-17947"><title>ZB000020</title><description>&lt;GroupDescription&gt;&lt;/GroupDescription&gt;</description><Rule id="SV-40819r5_rule" severity="medium" weight="10.0"><version>ZISFR020</version><title>IBM System Display and Search Facility (SDSF) resources will be properly defined and protected.</title><description>&lt;VulnDiscussion&gt;IBM System Display and Search Facility (SDSF) can run with sensitive system privileges, and potentially can circumvent system controls.  Failure to properly control access to product resources could result in the compromise of the operating system environment, and compromise the confidentiality of customer data.  Many utilities assign resource controls that can be granted to system programmers only in greater than read authority.  Resources are also granted to certain non systems personnel with read only authority.&lt;/VulnDiscussion&gt;&lt;FalsePositives&gt;&lt;/FalsePositives&gt;&lt;FalseNegatives&gt;&lt;/FalseNegatives&gt;&lt;Documentable&gt;true&lt;/Documentable&gt;&lt;Mitigations&gt;&lt;/Mitigations&gt;&lt;SeverityOverrideGuidance&gt;&lt;/SeverityOverrideGuidance&gt;&lt;PotentialImpacts&gt;&lt;/PotentialImpacts&gt;&lt;ThirdPartyTools&gt;&lt;/ThirdPartyTools&gt;&lt;MitigationControl&gt;&lt;/MitigationControl&gt;&lt;Responsibility&gt;Information Assurance Officer&lt;/Responsibility&gt;&lt;Responsibility&gt;Systems Programmer&lt;/Responsibility&gt;&lt;IAControls&gt;ECCD-1, ECCD-2&lt;/IAControls&gt;</description><reference><dc:title>DPMS Target IBM System Display and Search Facility (SDSF)</dc:title><dc:publisher>DISA</dc:publisher><dc:type>DPMS Target</dc:type><dc:subject>IBM System Display and Search Facility (SDSF)</dc:subject><dc:identifier>2190</dc:identifier></reference><ident system="http://iase.disa.mil/cci">CCI-000035</ident><ident system="http://iase.disa.mil/cci">CCI-002234</ident><fixtext fixref="F-18753r5_fix">The IAO will work with the systems programmer to verify that the following are properly specified in the ACP.

(Note: The resource class, resources, and/or resource prefixes identified below are examples of a possible installation. The actual resource class, resources, and/or prefixes are determined when the product is actually installed on a system through the product’s installation guide and can be site specific.)

Ensure that the IBM System Display and Search Facility (SDSF) command resource access is in accordance with those outlined in SDSF SAF Resources table in the zOS STIG Addendum.

Use SDSF SAF Resources and SDSF SAF Resource Descriptions tables in the zOS STIG Addendum. These tables list the resources and access requirements for IBM System Display and Search Facility (SDSF); ensure the following guidelines are followed:

The RACF resources and/or generic equivalent as designated in the above table are defined with a default access of NONE.

The RACF resource access authorizations restrict access to the appropriate personnel as designated in the above table.

The RACF resource logging is specified as designated in the above table.

The RACF resource access authorizations for the resources designated in the above table specify UACC(NONE) and NOWARNING.

The RACF resource access authorizations for SDSF GROUP.group-name will require additional analysis to justify access.

The following commands are provided as a sample for implementing resource controls:

RDEFINE SDSF ISFATTR.JOBCL.** UACC(NONE) OWNER(ADMIN) AUDIT(FAILURE(READ))
PERMIT ISFATTR.JOBCL.** CLASS(SDSF) ACCESS(UPDATE) ID(operaudt)
PERMIT ISFATTR.JOBCL.** CLASS(SDSF) ACCESS(UPDATE) ID(syspaudt)</fixtext><fix id="F-18753r5_fix" /><check system="C-44686r3_chk"><check-content-ref name="M" href="DPMS_XCCDF_Benchmark_zOS IBM System Display and Search Facility for RACF STIG.xml" /><check-content>Refer to the following report produced by the Data Set and Resource Data Collection:

-	SENSITVE.RPT(ZISF0020)

Automated Analysis requiring additional analysis
Refer to the following report produced by the Data Set and Resource Data Collection:

-	PDI(ZISF0020)

Ensure that all IBM System Display and Search Facility (SDSF) resources are properly protected according to the requirements specified in SDSF SAF Resources table in the z/OS STIG Addendum. If the following guidance is true, this is not a finding.

___	The RACF resources and/or generic equivalent as designated in the above table are defined with a default access of NONE.

___	The RACF resource access authorizations restrict access to the appropriate personnel as designated in the above table.

___	The RACF resource logging is specified as designated in the above table.

___ The RACF resource access authorizations are defined with UACC(NONE) and NOWARNING.

___	The RACF resource access authorizations for SDSF GROUP.group-name will require additional analysis to justify access.</check-content></check></Rule></Group><Group id="V-17982"><title>ZB000021</title><description>&lt;GroupDescription&gt;&lt;/GroupDescription&gt;</description><Rule id="SV-40751r2_rule" severity="medium" weight="10.0"><version>ZISFR021</version><title>IBM System Display and Search Facility (SDSF) resources will be properly defined and protected.</title><description>&lt;VulnDiscussion&gt;IBM System Display and Search Facility (SDSF) can run with sensitive system privileges, and potentially can circumvent system controls.  Failure to properly control access to product resources could result in the compromise of the operating system environment, and compromise the confidentiality of customer data.  Many utilities assign resource controls that can be granted to system programmers only in greater than read authority.  Resources are also granted to certain non systems personnel with read only authority.&lt;/VulnDiscussion&gt;&lt;FalsePositives&gt;&lt;/FalsePositives&gt;&lt;FalseNegatives&gt;&lt;/FalseNegatives&gt;&lt;Documentable&gt;false&lt;/Documentable&gt;&lt;Mitigations&gt;&lt;/Mitigations&gt;&lt;SeverityOverrideGuidance&gt;&lt;/SeverityOverrideGuidance&gt;&lt;PotentialImpacts&gt;&lt;/PotentialImpacts&gt;&lt;ThirdPartyTools&gt;&lt;/ThirdPartyTools&gt;&lt;MitigationControl&gt;&lt;/MitigationControl&gt;&lt;Responsibility&gt;Information Assurance Officer&lt;/Responsibility&gt;&lt;Responsibility&gt;Systems Programmer&lt;/Responsibility&gt;&lt;IAControls&gt;&lt;/IAControls&gt;</description><reference><dc:title>DPMS Target IBM System Display and Search Facility (SDSF)</dc:title><dc:publisher>DISA</dc:publisher><dc:type>DPMS Target</dc:type><dc:subject>IBM System Display and Search Facility (SDSF)</dc:subject><dc:identifier>2190</dc:identifier></reference><ident system="http://iase.disa.mil/cci">CCI-000035</ident><ident system="http://iase.disa.mil/cci">CCI-002234</ident><fixtext fixref="F-35825r1_fix">The IAO will work with the systems programmer to verify that the following are properly specified in the ACP.

Ensure that the IBM System Display and Search Facility (SDSF) resource access is in accordance with those outlined in SDSF Server OPERCMDS Resources table in the zOS STIG Addendum.

Use SDSF Server OPERCMDS Resources table in the zOS STIG Addendum.  These tables list the resources and access requirements for IBM System Display and Search Facility (SDSF); ensure the following guidelines are followed:

The RACF resources and/or generic equivalent as designated in the above table are defined with a default access of NONE.

The RACF resource access authorizations restrict access to the appropriate personnel as designated in the above table.

The RACF resource logging is specified as designated in the above table.

The RACF resource rules for the resources designated in the above table specify UACC(NONE) and NOWARNING.

The following commands are provided as a sample for implementing resource controls:

RDEFINE OPERCMDS SDSF.MODIFY.** UACC(NONE) OWNER(ADMIN) –
	AUDIT(FAILURE(READ),SUCCESSFUL(UPDATE))
RDEFINE OPERCMDS SDSF.MODIFY.DISPLAY UACC(NONE) OWNER(ADMIN) –
	AUDIT(FAILURE(READ))
PERMIT SDSF.MODIFY.** CLASS(OPERCMDS) ACCESS(CONTROL) ID(syspaudt)
PERMIT SDSF.MODIFY.DISPLAY CLASS(OPERCMDS) ACCESS(READ) ID(audtaudt)
PERMIT SDSF.MODIFY.DISPLAY CLASS(OPERCMDS) ACCESS(READ) ID(operaudt)
PERMIT SDSF.MODIFY.DISPLAY CLASS(OPERCMDS) ACCESS(READ) ID(syspaudt)</fixtext><fix id="F-35825r1_fix" /><check system="C-3208r1_chk"><check-content-ref name="M" href="DPMS_XCCDF_Benchmark_zOS IBM System Display and Search Facility for RACF STIG.xml" /><check-content>Refer to the following report produced by the Data Set and Resource Data Collection:

-	SENSITVE.RPT(ZISF0021)

Automated Analysis
Refer to the following report produced by the Data Set and Resource Data Collection:

-	PDI(ZISF0021)

Ensure that all SDSF resources are properly protected according to the requirements specified in the SDSF Server OPERCMDS Resources table in the z/OS STIG Addendum.    If the following guidance is true, this is not a finding.

___	The RACF resources and/or generic equivalent as designated in the above table are defined with a default access of NONE.

___	The RACF resource access authorizations restrict access to the appropriate personnel as designated in the above table.

___	The RACF resource logging is specified as designated in the above table.

___	The RACF resource rules for the resources designated in the above table specify UACC(NONE) and NOWARNING.</check-content></check></Rule></Group><Group id="V-18011"><title>ZB000038</title><description>&lt;GroupDescription&gt;&lt;/GroupDescription&gt;</description><Rule id="SV-40831r2_rule" severity="medium" weight="10.0"><version>ZISFR038</version><title>IBM System Display and Search Facility (SDSF) Resource Class will be active in the RACF.</title><description>&lt;VulnDiscussion&gt;Failure to use a robust ACP to control a product could potentially compromise the integrity and availability of the MVS operating system and user data.&lt;/VulnDiscussion&gt;&lt;FalsePositives&gt;&lt;/FalsePositives&gt;&lt;FalseNegatives&gt;&lt;/FalseNegatives&gt;&lt;Documentable&gt;false&lt;/Documentable&gt;&lt;Mitigations&gt;&lt;/Mitigations&gt;&lt;SeverityOverrideGuidance&gt;&lt;/SeverityOverrideGuidance&gt;&lt;PotentialImpacts&gt;&lt;/PotentialImpacts&gt;&lt;ThirdPartyTools&gt;&lt;/ThirdPartyTools&gt;&lt;MitigationControl&gt;&lt;/MitigationControl&gt;&lt;Responsibility&gt;Information Assurance Officer&lt;/Responsibility&gt;&lt;IAControls&gt;&lt;/IAControls&gt;</description><reference><dc:title>DPMS Target IBM System Display and Search Facility (SDSF)</dc:title><dc:publisher>DISA</dc:publisher><dc:type>DPMS Target</dc:type><dc:subject>IBM System Display and Search Facility (SDSF)</dc:subject><dc:identifier>2190</dc:identifier></reference><ident system="http://iase.disa.mil/cci">CCI-000336</ident><ident system="http://iase.disa.mil/cci">CCI-002358</ident><fixtext fixref="F-340r1_fix">The IAO will ensure that the IBM System Display and Search Facility (SDSF) Resource Class(es) is (are) active.

Use the following commands as an example:

SETROPTS CLASSACT(SDSF)</fixtext><fix id="F-340r1_fix" /><check system="C-10816r3_chk"><check-content-ref name="M" href="DPMS_XCCDF_Benchmark_zOS IBM System Display and Search Facility for RACF STIG.xml" /><check-content>Refer to the following report produced by the RACF Data Collection:

-	RACFCMDS.RPT(SETROPTS)
-	DSMON.RPT(RACCDT) - Alternate list of active resource classes

Automated Analysis
Refer to the following report produced by the RACF Data Collection:

-	PDI(ZISF0038)

If the IBM System Display and Search Facility (SDSF) resource class(es) is (are) active, this is not a finding.</check-content></check></Rule></Group><Group id="V-18014"><title>ZB000040</title><description>&lt;GroupDescription&gt;&lt;/GroupDescription&gt;</description><Rule id="SV-40746r5_rule" severity="medium" weight="10.0"><version>ZISF0040</version><title>IBM System Display and Search Facility (SDSF) Configuration parameters must be correctly specified.</title><description>&lt;VulnDiscussion&gt;IBM System Display and Search Facility (SDSF) ISFPARMS defines global options, panel formats, and security for SDSF.  Failure to properly specify these parameter values could potentially compromise the integrity and availability of the MVS operating system and user data.&lt;/VulnDiscussion&gt;&lt;FalsePositives&gt;&lt;/FalsePositives&gt;&lt;FalseNegatives&gt;&lt;/FalseNegatives&gt;&lt;Documentable&gt;false&lt;/Documentable&gt;&lt;Mitigations&gt;&lt;/Mitigations&gt;&lt;SeverityOverrideGuidance&gt;&lt;/SeverityOverrideGuidance&gt;&lt;PotentialImpacts&gt;&lt;/PotentialImpacts&gt;&lt;ThirdPartyTools&gt;&lt;/ThirdPartyTools&gt;&lt;MitigationControl&gt;&lt;/MitigationControl&gt;&lt;Responsibility&gt;Systems Programmer&lt;/Responsibility&gt;&lt;IAControls&gt;&lt;/IAControls&gt;</description><reference><dc:title>DPMS Target IBM System Display and Search Facility (SDSF)</dc:title><dc:publisher>DISA</dc:publisher><dc:type>DPMS Target</dc:type><dc:subject>IBM System Display and Search Facility (SDSF)</dc:subject><dc:identifier>2190</dc:identifier></reference><ident system="http://iase.disa.mil/cci">CCI-000035</ident><fixtext fixref="F-444r6_fix">Ensure  that the following Group function parameters appear and/or do not appear in ISFPARMS.

For each GROUP statement:
AUPDT(0)
AUTH will not be specified
CMDAUTH will not be specified
CMDLEV will not be specified
DSPAUTH will not be specified
NAME a value will be specified for the NAME

The ISFPARMS GROUP statement defines user groups and their characteristics. Some of these characteristics include access authorization to SDSF functions and commands. Access to these functions and commands will be controlled using SAF resources. The use of the SAF interface is consistent with the DOD requirement to control all products within the operating system using the ACP. To ensure SAF security is always in effect, authorizations to SDSF functions and commands should not be defined in ISFPARMS DD statement in the SDSF JCL member.   

</fixtext><fix id="F-444r6_fix" /><check system="C-10817r5_chk"><check-content-ref name="M" href="DPMS_XCCDF_Benchmark_zOS IBM System Display and Search Facility for RACF STIG.xml" /><check-content>Refer to the JCL procedure libraries defined to JES2 for the SDSF started task member for SDSFPARM DD statement.

Refer to the ISRPRMxx members in the logical PARMLIB concatenation.

Refer to the results of the “F SDSF,D” command. Where SDSF should specify the SDSF started task name.

Automated Analysis
Refer to the following report produced by the z/OS Data Collection:

-	PDI(ZISF0040)

Ensure the following Group Parameters are specified or not specified in the GROUP statements defined in the ISFPARMS members. If the following guidance is true, this is not a finding.

For each GROUP statement:
AUPDT(0)
AUTH will not be specified
CMDAUTH will not be specified
CMDLEV will not be specified
DSPAUTH will not be specified
NAME a value will be specified for the NAME</check-content></check></Rule></Group><Group id="V-21592"><title>ZB000002</title><description>&lt;GroupDescription&gt;&lt;/GroupDescription&gt;</description><Rule id="SV-40731r2_rule" severity="medium" weight="10.0"><version>ZISFR002</version><title>IBM System Display and Search Facility (SDSF) HASPINDX data set identified in the INDEX parameter must be properly protected.</title><description>&lt;VulnDiscussion&gt;IBM System Display and Search Facility (SDSF) HASPINDX data set control the execution, configuration, and security of the SDSF products.  Failure to properly protect access to these data sets could result in unauthorized access.  This exposure may threaten the availability of SDSF, and compromise the confidentiality of customer data.&lt;/VulnDiscussion&gt;&lt;FalsePositives&gt;&lt;/FalsePositives&gt;&lt;FalseNegatives&gt;&lt;/FalseNegatives&gt;&lt;Documentable&gt;false&lt;/Documentable&gt;&lt;Mitigations&gt;&lt;/Mitigations&gt;&lt;SeverityOverrideGuidance&gt;&lt;/SeverityOverrideGuidance&gt;&lt;PotentialImpacts&gt;&lt;/PotentialImpacts&gt;&lt;ThirdPartyTools&gt;&lt;/ThirdPartyTools&gt;&lt;MitigationControl&gt;&lt;/MitigationControl&gt;&lt;Responsibility&gt;Information Assurance Officer&lt;/Responsibility&gt;&lt;Responsibility&gt;Systems Programmer&lt;/Responsibility&gt;&lt;IAControls&gt;&lt;/IAControls&gt;</description><reference><dc:title>DPMS Target IBM System Display and Search Facility (SDSF)</dc:title><dc:publisher>DISA</dc:publisher><dc:type>DPMS Target</dc:type><dc:subject>IBM System Display and Search Facility (SDSF)</dc:subject><dc:identifier>2190</dc:identifier></reference><ident system="http://iase.disa.mil/cci">CCI-000213</ident><fixtext fixref="F-73275r1_fix">Ensure that the HASPINDX dataset identified in the INDEX parameter value of ISFPARMS options statement is restricted as described below.

The HASPINDX data set is used by SDSF when building the SYSLOG panel. This data set contains information related to all SYSLOG jobs and data sets on the spool. Since SDSF dynamically allocates this data set, explicit user access authorization to this data set should not be required. Due to the potentially sensitive data in this data set, access authorization will be restricted.

READ access is restricted to the auditors.

UPDATE access is restricted to SDSF Started Tasks.

WRITE and/or greater access is restricted to systems programming personnel.

Note:       If running z/OS V1R11 or above, with the use of a new JES logical log, the HASPINDX, may not exist and may make this vulnerability not applicable (N/A). However if used the HASPINDX dataset must be restricted.

Note:       If running z/OS V1R11 systems or above and NOT using JES logical log, the HASPINDX data set must be protected.

Data sets to be protected will be:
SYS1.ISF.AISF
SYS1.ISF.SISF

The following commands are provided as a sample for implementing data set controls:

AD 'sys1.haspindx.**' UACC(NONE) OWNER(SYS1) AUDIT(FAILURES(READ))

PE ' sys1.haspindx.**' ID(syspaudt) ACC(A)
PE ' sys1.haspindx.**' ID(sdsf stc) ACC(U)
PE ' sys1.haspindx.**' ID(audtaudt) ACC(R)   
</fixtext><fix id="F-73275r1_fix" /><check system="C-67763r1_chk"><check-content-ref name="M" href="DPMS_XCCDF_Benchmark_zOS IBM System Display and Search Facility for RACF STIG.xml" /><check-content>
If the z/OS operating system is Release 2.2 or higher this is not applicable.

Refer to the following report produced by the Data Set and Resource Data Collection:

-       SENSITVE.RPT(SDSFRPT)

Automated Analysis
Refer to the following report produced by the Data Set and Resource Data Collection:

-       PDI(ZISF0002)

Verify that the accesses to the IBM System Display and Search Facility (SDSF) HASPINDX data set specified on the INDEX control statement in the ISFPARMS statements (identified in the SFSFPARM DD statement of the SDSF stc) are properly restricted. 

If the following guidance is true, this is not a finding.

___       The RACF data set rules for the data sets restricts READ access to the auditors.

___       The RACF data set rules for the data sets restricts UPDATE access to SDSF Started Tasks.

___       The RACF data set rules for the data sets restricts WRITE and/or greater access to systems programming personnel.

___       The RACF data set rules for the data sets specify UACC(NONE) and NOWARNING.

Note:       If running z/OS V1R11 or above, with the use of a new JES logical log, the HASPINDX, may not exist and may make this vulnerability not applicable (N/A). However if used the HASPINDX dataset must be restricted.

Note:       If running z/OS V1R11 systems or above and NOT using JES logical log, the HASPINDX data set must be protected.
</check-content></check></Rule></Group></Benchmark>