﻿<?xml version="1.0" encoding="utf-8"?><?xml-stylesheet type='text/xsl' href='STIG_unclass.xsl'?><Benchmark xmlns:dsig="http://www.w3.org/2000/09/xmldsig#" xmlns:xhtml="http://www.w3.org/1999/xhtml" xmlns:xsi="http://www.w3.org/2001/XMLSchema-instance" xmlns:cpe="http://cpe.mitre.org/language/2.0" xmlns:dc="http://purl.org/dc/elements/1.1/" id="IBM_MaaS360_v2-3-x_MDM_STIG" xml:lang="en" xsi:schemaLocation="http://checklists.nist.gov/xccdf/1.1 http://nvd.nist.gov/schema/xccdf-1.1.4.xsd http://cpe.mitre.org/dictionary/2.0 http://cpe.mitre.org/files/cpe-dictionary_2.1.xsd" xmlns="http://checklists.nist.gov/xccdf/1.1"><status date="2016-02-24">accepted</status><title>IBM MaaS360 v2.3.x MDM Security Technical Implementation Guide</title><description>This Security Technical Implementation Guide is published as a tool to improve the security of Department of Defense (DoD) information systems. The requirements are derived from the National Institute of Standards and Technology (NIST) 800-53 and related documents. Comments or proposed revisions to this document should be sent via e-mail to the following address: disa.stig_spt@mail.mil.</description><notice id="terms-of-use" xml:lang="en"></notice><reference href="Database Security Technical Implementation Guide, Version 8.1 Release 1 dated 19 September 2007"><dc:publisher>DISA</dc:publisher><dc:source>STIG.DOD.MIL</dc:source></reference><plain-text id="release-info">Release: 1 Benchmark Date: 26 Feb 2016</plain-text><version>1</version><Profile id="MAC-1_Classified"><title>I - Mission Critical Classified</title><description>&lt;ProfileDescription&gt;&lt;/ProfileDescription&gt;</description><select idref="V-65631" selected="true" /><select idref="V-65633" selected="true" /><select idref="V-65635" selected="true" /><select idref="V-65637" selected="true" /><select idref="V-65639" selected="true" /><select idref="V-65641" selected="true" /><select idref="V-65643" selected="true" /><select idref="V-65645" selected="true" /></Profile><Profile id="MAC-1_Public"><title>I - Mission Critical Public</title><description>&lt;ProfileDescription&gt;&lt;/ProfileDescription&gt;</description><select idref="V-65631" selected="true" /><select idref="V-65633" selected="true" /><select idref="V-65635" selected="true" /><select idref="V-65637" selected="true" /><select idref="V-65639" selected="true" /><select idref="V-65641" selected="true" /><select idref="V-65643" selected="true" /><select idref="V-65645" selected="true" /></Profile><Profile id="MAC-1_Sensitive"><title>I - Mission Critical Sensitive</title><description>&lt;ProfileDescription&gt;&lt;/ProfileDescription&gt;</description><select idref="V-65631" selected="true" /><select idref="V-65633" selected="true" /><select idref="V-65635" selected="true" /><select idref="V-65637" selected="true" /><select idref="V-65639" selected="true" /><select idref="V-65641" selected="true" /><select idref="V-65643" selected="true" /><select idref="V-65645" selected="true" /></Profile><Profile id="MAC-2_Classified"><title>II - Mission Support Classified</title><description>&lt;ProfileDescription&gt;&lt;/ProfileDescription&gt;</description><select idref="V-65631" selected="true" /><select idref="V-65633" selected="true" /><select idref="V-65635" selected="true" /><select idref="V-65637" selected="true" /><select idref="V-65639" selected="true" /><select idref="V-65641" selected="true" /><select idref="V-65643" selected="true" /><select idref="V-65645" selected="true" /></Profile><Profile id="MAC-2_Public"><title>II - Mission Support Public</title><description>&lt;ProfileDescription&gt;&lt;/ProfileDescription&gt;</description><select idref="V-65631" selected="true" /><select idref="V-65633" selected="true" /><select idref="V-65635" selected="true" /><select idref="V-65637" selected="true" /><select idref="V-65639" selected="true" /><select idref="V-65641" selected="true" /><select idref="V-65643" selected="true" /><select idref="V-65645" selected="true" /></Profile><Profile id="MAC-2_Sensitive"><title>II - Mission Support Sensitive</title><description>&lt;ProfileDescription&gt;&lt;/ProfileDescription&gt;</description><select idref="V-65631" selected="true" /><select idref="V-65633" selected="true" /><select idref="V-65635" selected="true" /><select idref="V-65637" selected="true" /><select idref="V-65639" selected="true" /><select idref="V-65641" selected="true" /><select idref="V-65643" selected="true" /><select idref="V-65645" selected="true" /></Profile><Profile id="MAC-3_Classified"><title>III - Administrative Classified</title><description>&lt;ProfileDescription&gt;&lt;/ProfileDescription&gt;</description><select idref="V-65631" selected="true" /><select idref="V-65633" selected="true" /><select idref="V-65635" selected="true" /><select idref="V-65637" selected="true" /><select idref="V-65639" selected="true" /><select idref="V-65641" selected="true" /><select idref="V-65643" selected="true" /><select idref="V-65645" selected="true" /></Profile><Profile id="MAC-3_Public"><title>III - Administrative Public</title><description>&lt;ProfileDescription&gt;&lt;/ProfileDescription&gt;</description><select idref="V-65631" selected="true" /><select idref="V-65633" selected="true" /><select idref="V-65635" selected="true" /><select idref="V-65637" selected="true" /><select idref="V-65639" selected="true" /><select idref="V-65641" selected="true" /><select idref="V-65643" selected="true" /><select idref="V-65645" selected="true" /></Profile><Profile id="MAC-3_Sensitive"><title>III - Administrative Sensitive</title><description>&lt;ProfileDescription&gt;&lt;/ProfileDescription&gt;</description><select idref="V-65631" selected="true" /><select idref="V-65633" selected="true" /><select idref="V-65635" selected="true" /><select idref="V-65637" selected="true" /><select idref="V-65639" selected="true" /><select idref="V-65641" selected="true" /><select idref="V-65643" selected="true" /><select idref="V-65645" selected="true" /></Profile><Group id="V-65631"><title>PP-MDM-201100</title><description>&lt;GroupDescription&gt;&lt;/GroupDescription&gt;</description><Rule id="SV-80121r1_rule" severity="low" weight="10.0"><version>M360-01-000100</version><title>Before establishing a user session, the MaaS360 Server must display an administrator-specified advisory notice and consent warning message regarding use of the MaaS360 Server.</title><description>&lt;VulnDiscussion&gt;Note:  The advisory notice and consent warning message is not required if the General Purpose OS or Network Device displays an advisory notice and consent warning message when the administrator logs on to the General Purpose OS or Network Device prior to accessing the MaaS360 Server or MaaS360 Server platform.

The MaaS360 Server/server platform is required to display the DoD-approved system use notification message or banner before granting access to the system that provides privacy and security notices consistent with applicable federal laws, Executive Orders, directives, policies, regulations, standards, and guidance. This ensures the legal requirements for auditing and monitoring are met. 

The approved DoD text must be used as specified in KS referenced in DoDI 8500.01.

The non-bracketed text below must be used without any changes as the warning banner.  
 
[A. Use this banner for desktops, laptops, and other devices accommodating banners of 1300 characters. The banner shall be implemented as a click-through banner at logon (to the extent permitted by the operating system), meaning it prevents further activity on the information system unless and until the user executes a positive action to manifest agreement by clicking on a box indicating “OK.”]
 
You are accessing a U.S. Government (USG) Information System (IS) that is provided for USG-authorized use only. 
By using this IS (which includes any device attached to this IS), you consent to the following conditions: 
-The USG routinely intercepts and monitors communications on this IS for purposes including, but not limited to, penetration testing, COMSEC monitoring, network operations and defense, personnel misconduct (PM), law enforcement (LE), and counterintelligence (CI) investigations. 
-At any time, the USG may inspect and seize data stored on this IS. 
-Communications using, or data stored on, this IS are not private, are subject to routine monitoring, interception, and search, and may be disclosed or used for any USG-authorized purpose. 
-This IS includes security measures (e.g., authentication and access controls) to protect USG interests--not for your personal benefit or privacy. 
-Notwithstanding the above, using this IS does not constitute consent to PM, LE or CI investigative searching or monitoring of the content of privileged communications, or work product, related to personal representation or services by attorneys, psychotherapists, or clergy, and their assistants. Such communications and work product are private and confidential. See User Agreement for details.

SFR ID: FMT_SMF_EXT.1.1(2) Refinement&lt;/VulnDiscussion&gt;&lt;FalsePositives&gt;&lt;/FalsePositives&gt;&lt;FalseNegatives&gt;&lt;/FalseNegatives&gt;&lt;Documentable&gt;false&lt;/Documentable&gt;&lt;Mitigations&gt;&lt;/Mitigations&gt;&lt;SeverityOverrideGuidance&gt;&lt;/SeverityOverrideGuidance&gt;&lt;PotentialImpacts&gt;&lt;/PotentialImpacts&gt;&lt;ThirdPartyTools&gt;&lt;/ThirdPartyTools&gt;&lt;MitigationControl&gt;&lt;/MitigationControl&gt;&lt;Responsibility&gt;&lt;/Responsibility&gt;&lt;IAControls&gt;&lt;/IAControls&gt;</description><reference><dc:title>DPMS Target IBM MaaS360 v2.3.x MDM</dc:title><dc:publisher>DISA</dc:publisher><dc:type>DPMS Target</dc:type><dc:subject>IBM MaaS360 v2.3.x MDM</dc:subject><dc:identifier>3019</dc:identifier></reference><ident system="http://iase.disa.mil/cci">CCI-000048</ident><fixtext fixref="F-71559r1_fix">Configure the MaaS360 Server to display the appropriate warning banner text.

For SaaS this step can only be implemented by IBM Master Administrator. Ensure that "Branding UI", and "Admin Portal Usage Agreement" are enabled. Then the IBM Master Administrator will edit the Terms of Agreement with the text provided by the Department of the Defense. 

For On-Premise this step can be implemented by the Master Administrator account created by the user. Ensure that "Branding UI", and "Admin Portal Usage Agreement" are enabled. Then the IBM Master Administrator will edit the Terms of Agreement with the text provided by the Department of the Defense.</fixtext><fix id="F-71559r1_fix" /><check system="C-66191r1_chk"><check-content-ref name="M" href="DPMS_XCCDF_Benchmark_IBM_MaaS360_v2-3-x_MDM_STIG.xml" /><check-content>Review the MaaS360 server console configuration to determine if before establishing a user session, the server displays an administrator-specified advisory notice and consent warning message regarding use of the MaaS360 Server.  

On the MaaS360 console complete the following steps:
Have a System Administrator log-in to the portal and verify that the approved DoD Banner is displayed before the user obtains access to the console.

If the MaaS360 server does not display an administrator-specified advisory notice and consent warning message regarding use of the MaaS360 Server before establishing a user session, this is a finding.</check-content></check></Rule></Group><Group id="V-65633"><title>PP-MDM-202105</title><description>&lt;GroupDescription&gt;&lt;/GroupDescription&gt;</description><Rule id="SV-80123r1_rule" severity="medium" weight="10.0"><version>M360-01-000700</version><title>The MaaS360 Server must be configured with the Administrator roles:

a. MD user;
b. Server primary administrator;
c. Security configuration administrator;
d. Device user group administrator;
e. Auditor.</title><description>&lt;VulnDiscussion&gt;Having several roles for the MaaS360 Server supports separation of duties. This allows administrator-level privileges to be granted granularly, such as giving application management privileges to one group and security policy privileges to another group. This helps prevent administrators from intentionally or inadvertently altering other settings and configurations they may not understand or approve of, which can weaken overall security and increase the risk of compromise.

Roles
a. MD user: able to log into the application store and request approved applications
b. Server primary administrator: primary administrator for the server, including server installation, configuration, patching, and setting up admin accounts.
c. Security configuration administrator: Has the ability to define new policies but not to push them to managed mobile devices.
d. Device user group administrator: Has the ability to set up new user accounts, add devices, and push security policies and issue administrative commands to managed mobile devices or MDM agents.  
e. Auditor: Has the ability to set audit configuration parameters and delete or modify the content of logs.

SFR ID: FMT_SMR.1.1(1) Refinement&lt;/VulnDiscussion&gt;&lt;FalsePositives&gt;&lt;/FalsePositives&gt;&lt;FalseNegatives&gt;&lt;/FalseNegatives&gt;&lt;Documentable&gt;false&lt;/Documentable&gt;&lt;Mitigations&gt;&lt;/Mitigations&gt;&lt;SeverityOverrideGuidance&gt;&lt;/SeverityOverrideGuidance&gt;&lt;PotentialImpacts&gt;&lt;/PotentialImpacts&gt;&lt;ThirdPartyTools&gt;&lt;/ThirdPartyTools&gt;&lt;MitigationControl&gt;&lt;/MitigationControl&gt;&lt;Responsibility&gt;&lt;/Responsibility&gt;&lt;IAControls&gt;&lt;/IAControls&gt;</description><reference><dc:title>DPMS Target IBM MaaS360 v2.3.x MDM</dc:title><dc:publisher>DISA</dc:publisher><dc:type>DPMS Target</dc:type><dc:subject>IBM MaaS360 v2.3.x MDM</dc:subject><dc:identifier>3019</dc:identifier></reference><ident system="http://iase.disa.mil/cci">CCI-000366</ident><fixtext fixref="F-71561r1_fix">On the MaaS360 console complete the following steps:
1. For each role do the following
2. Go to Setup &gt;&gt; Roles
3. Select the "Add Role" Button
4. Under "Basic Information" Input the Role Name and Role Description
5. Under "Select Mode of Creation" click on the "Create new" bubble and then click Next
6. Under "Grant Access Rights" select the appropriate rights for the role and then click Save</fixtext><fix id="F-71561r1_fix" /><check system="C-66193r1_chk"><check-content-ref name="M" href="DPMS_XCCDF_Benchmark_IBM_MaaS360_v2-3-x_MDM_STIG.xml" /><check-content>Review the MaaS360 server console and confirm that different roles (administrator, auditor, user) are created with different levels of privileges providing separation of duties for different users/groups.

On the MaaS360 console complete the following steps:
1. Go to Setup &gt;&gt; Roles
2. Verify all required roles are listed (Note: Role titles maybe different than listed in the requirement statement)
3. Select applicable role and select "edit", then verify that the role has the appropriate rights based on description in Vulnerability description.

If the MaaS360 server does all required roles and the roles do not have appropriate rights, this is a finding.</check-content></check></Rule></Group><Group id="V-65635"><title>PP-MDM-203106</title><description>&lt;GroupDescription&gt;&lt;/GroupDescription&gt;</description><Rule id="SV-80125r1_rule" severity="medium" weight="10.0"><version>M360-01-003800</version><title>The MaaS360 Server must be configured to enable all required audit events: Failure to push a new application on a managed mobile device.</title><description>&lt;VulnDiscussion&gt;Failure to generate these audit records makes it more difficult to identify or investigate attempted or successful compromises, potentially causing incidents to last longer than necessary.

SFR ID: FAU_GEN.1.1(2) Refinement&lt;/VulnDiscussion&gt;&lt;FalsePositives&gt;&lt;/FalsePositives&gt;&lt;FalseNegatives&gt;&lt;/FalseNegatives&gt;&lt;Documentable&gt;false&lt;/Documentable&gt;&lt;Mitigations&gt;&lt;/Mitigations&gt;&lt;SeverityOverrideGuidance&gt;&lt;/SeverityOverrideGuidance&gt;&lt;PotentialImpacts&gt;&lt;/PotentialImpacts&gt;&lt;ThirdPartyTools&gt;&lt;/ThirdPartyTools&gt;&lt;MitigationControl&gt;&lt;/MitigationControl&gt;&lt;Responsibility&gt;&lt;/Responsibility&gt;&lt;IAControls&gt;&lt;/IAControls&gt;</description><reference><dc:title>DPMS Target IBM MaaS360 v2.3.x MDM</dc:title><dc:publisher>DISA</dc:publisher><dc:type>DPMS Target</dc:type><dc:subject>IBM MaaS360 v2.3.x MDM</dc:subject><dc:identifier>3019</dc:identifier></reference><ident system="http://iase.disa.mil/cci">CCI-000129</ident><ident system="http://iase.disa.mil/cci">CCI-000169</ident><ident system="http://iase.disa.mil/cci">CCI-000366</ident><ident system="http://iase.disa.mil/cci">CCI-001571</ident><fixtext fixref="F-71563r1_fix">Configure the MAS Server to enable all required audit events: Failure to push a new application on a managed mobile device.

On the MaaS360 Console complete the following Steps:
1. Navigate to Security &gt;&gt; Policies and select the mobile operating system (iOS, etc.) the MDM policy alerts apply to. 
2. Open identified policy and go to device settings &gt;&gt; application compliance.
3. Set "Configure required applications" to "yes" and list all new applications.
4. Repeat for other MOS as required (for example, Windows Phone, etc.).</fixtext><fix id="F-71563r1_fix" /><check system="C-66195r1_chk"><check-content-ref name="M" href="DPMS_XCCDF_Benchmark_IBM_MaaS360_v2-3-x_MDM_STIG.xml" /><check-content>Review the MaaS360 server console and confirm the server is configured to alert for audit event failures on managed mobile devices.

On the MaaS360 Console complete the following Steps:
1. Navigate to Security &gt;&gt; Policies and have system administrator identify which mobile operating system (iOS, etc.) the MDM policy alerts apply to. 
2. Open identified policy and go to device settings &gt;&gt; application compliance.
3. Verify that "Configure required applications" is set to "yes" and that all new applications are listed.
4. Repeat for other MOS as required (for example, Windows Phone, etc.).

If the "Configure required applications" is not set to "yes" or all new applications are not on the list, this is a finding.</check-content></check></Rule></Group><Group id="V-65637"><title>PP-MDM-203106</title><description>&lt;GroupDescription&gt;&lt;/GroupDescription&gt;</description><Rule id="SV-80127r1_rule" severity="medium" weight="10.0"><version>M360-01-003850</version><title>The MaaS360 Server must be configured to enable all required audit events: Failure to update an existing application on a managed mobile device.</title><description>&lt;VulnDiscussion&gt;Failure to generate these audit records makes it more difficult to identify or investigate attempted or successful compromises, potentially causing incidents to last longer than necessary.

SFR ID: FAU_GEN.1.1(2) Refinement&lt;/VulnDiscussion&gt;&lt;FalsePositives&gt;&lt;/FalsePositives&gt;&lt;FalseNegatives&gt;&lt;/FalseNegatives&gt;&lt;Documentable&gt;false&lt;/Documentable&gt;&lt;Mitigations&gt;&lt;/Mitigations&gt;&lt;SeverityOverrideGuidance&gt;&lt;/SeverityOverrideGuidance&gt;&lt;PotentialImpacts&gt;&lt;/PotentialImpacts&gt;&lt;ThirdPartyTools&gt;&lt;/ThirdPartyTools&gt;&lt;MitigationControl&gt;&lt;/MitigationControl&gt;&lt;Responsibility&gt;&lt;/Responsibility&gt;&lt;IAControls&gt;&lt;/IAControls&gt;</description><reference><dc:title>DPMS Target IBM MaaS360 v2.3.x MDM</dc:title><dc:publisher>DISA</dc:publisher><dc:type>DPMS Target</dc:type><dc:subject>IBM MaaS360 v2.3.x MDM</dc:subject><dc:identifier>3019</dc:identifier></reference><ident system="http://iase.disa.mil/cci">CCI-000129</ident><ident system="http://iase.disa.mil/cci">CCI-000169</ident><ident system="http://iase.disa.mil/cci">CCI-000366</ident><ident system="http://iase.disa.mil/cci">CCI-001571</ident><fixtext fixref="F-71565r1_fix">Configure the MAS Server to enable all required audit events: Failure to update an existing application on a managed mobile device.

On the MaaS360 Console complete the following Steps:
1. Navigate to Devices &gt;&gt; Groups.
2. Select one or more groups that alert for failure to update an existing application on a managed mobile device.
3. Select "edit" for one of the identified groups and set the two conditions:
     Condition 1: "Software Installed", "Application Name", "Contains", "&lt;Name of Application&gt;"
     Condition 2: "Software Installed", "Full Version", "Contains","&lt;latest version of Application&gt;"
4. Navigate to Security &gt;&gt; Compliance Rules.
5. Select one or more Rule Set Names that alert for failure to update an existing application on a managed mobile device.  
6. Open Rule Set Name and select Enforcement Rules.
7. Set the Application Compliance to enabled and select "Alert" for Enforcement Action.
8. Then go to Group Based Rules and assign the rule selected in Step 5 to the group identified in Step 3.</fixtext><fix id="F-71565r1_fix" /><check system="C-66197r1_chk"><check-content-ref name="M" href="DPMS_XCCDF_Benchmark_IBM_MaaS360_v2-3-x_MDM_STIG.xml" /><check-content>Review the MaaS360 server console and confirm the server is configured to alert for audit event failures on managed mobile devices.

On the MaaS360 Console complete the following Steps:
1. Navigate to Devices &gt;&gt; Groups.
2. Have System Administrator identify one or more groups that alert for failure to update an existing application on a managed mobile device.
3. Select "edit" for one of the identified groups and verify that the two conditions exist:
     Condition 1: "Software Installed", "Application Name", "Contains", "&lt;Name of Application&gt;"
     Condition 2: "Software Installed", "Full Version", "Contains","&lt;latest version of Application&gt;"
4. Navigate to Security &gt;&gt; Compliance Rules.
5. Have System Administrator identify one or more Rule Set Names that alert for failure to update an existing application on a managed mobile device.  
6. Open Rule Set Name and select Enforcement Rules.
7. Verify that Application Compliance is enabled and "Alert" is selected for Enforcement Action.
8. Then go to Group Based Rules and verify that the rule selected in Step 5 has been assigned to the group identified in Step 3.

If two conditions in device group are not set correctly or application compliance is not enabled and set correctly in the rule set name or the rule is not assigned to the group, this is a finding.</check-content></check></Rule></Group><Group id="V-65639"><title>PP-MDM-204101</title><description>&lt;GroupDescription&gt;&lt;/GroupDescription&gt;</description><Rule id="SV-80129r1_rule" severity="medium" weight="10.0"><version>M360-01-005300</version><title>The MaaS360 Server must leverage the MDM Platform user accounts and groups for MaaS360 Server user identification and authentication.</title><description>&lt;VulnDiscussion&gt;A comprehensive account management process that includes automation helps to ensure the accounts designated as requiring attention are consistently and promptly addressed. If an attacker compromises an account, the entire MaaS360 Server infrastructure is at risk. Providing automated support functions for the management of accounts will ensure only active accounts will be granted access with the proper authorization levels. These objectives are best achieved by configuring the MaaS360 Server to leverage an enterprise authentication mechanism (e.g., Microsoft Active Directory, Kerberos).

SFR ID: FIA&lt;/VulnDiscussion&gt;&lt;FalsePositives&gt;&lt;/FalsePositives&gt;&lt;FalseNegatives&gt;&lt;/FalseNegatives&gt;&lt;Documentable&gt;false&lt;/Documentable&gt;&lt;Mitigations&gt;&lt;/Mitigations&gt;&lt;SeverityOverrideGuidance&gt;&lt;/SeverityOverrideGuidance&gt;&lt;PotentialImpacts&gt;&lt;/PotentialImpacts&gt;&lt;ThirdPartyTools&gt;&lt;/ThirdPartyTools&gt;&lt;MitigationControl&gt;&lt;/MitigationControl&gt;&lt;Responsibility&gt;&lt;/Responsibility&gt;&lt;IAControls&gt;&lt;/IAControls&gt;</description><reference><dc:title>DPMS Target IBM MaaS360 v2.3.x MDM</dc:title><dc:publisher>DISA</dc:publisher><dc:type>DPMS Target</dc:type><dc:subject>IBM MaaS360 v2.3.x MDM</dc:subject><dc:identifier>3019</dc:identifier></reference><ident system="http://iase.disa.mil/cci">CCI-000015</ident><fixtext fixref="F-71567r1_fix">Configure the MaaS360 Server to leverage the MDM Platform user accounts and groups for MaaS360 Server user identification and authentication.

On the MaaS360 Console complete the following steps:
1. Navigate to Setup &gt;&gt; Login Settings.
2. Select "Configure Federated Single Sign-On" and "Authenticate against Corporate User Directory".
3. For SaaS deployments only install the Cloud Extender: Setup &gt;&gt; Cloud Extender and select "Cloud Extender Online".</fixtext><fix id="F-71567r1_fix" /><check system="C-66199r1_chk"><check-content-ref name="M" href="DPMS_XCCDF_Benchmark_IBM_MaaS360_v2-3-x_MDM_STIG.xml" /><check-content>Review the MaaS360 server console and confirm that the MDM platform accounts are leveraged when users identify and authenticate themselves to the MaaS360 console.

On the MaaS360 Console complete the following steps:
1. Navigate to Setup &gt;&gt; Login Settings.
2. Verify "Configure Federated Single Sign-On" is checked and "Authenticate against Corporate User Directory" is selected.
3. For SaaS deployments only verify the Cloud Extender is installed: Setup &gt;&gt; Cloud Extender and verify "Cloud Extender Online" is checked.

If "Configure Federated Single Sign-On" and "Authenticate against Corporate User Directory" are not selected, this is a finding.

For SaaS deployments if Cloud Extender is not installed or "Cloud Extender Online" is not checked, this is a finding.</check-content></check></Rule></Group><Group id="V-65641"><title>PP-MDM-991000</title><description>&lt;GroupDescription&gt;&lt;/GroupDescription&gt;</description><Rule id="SV-80131r1_rule" severity="medium" weight="10.0"><version>M360-01-010400</version><title>The MaaS360 server platform must be protected by a DoD-approved firewall.</title><description>&lt;VulnDiscussion&gt;Most information systems are capable of providing a wide variety of functions and services. Some of the functions and services provided by default may not be necessary to support essential organizational operations. Unneeded services and processes provide additional threat vectors and avenues of attack to the information system. The MDM server is a critical component of the mobility architecture and must be configured to only those ports, protocols, and services (PPS) necessary to support functionality, all others must be expressly disabled or removed. A DoD-approved firewall implements the required network restrictions. A host-based firewall is appropriate where the MDM server runs on a standalone platform. Network firewalls or other architectures may be preferred where the MDM server runs in a cloud or virtualized solution.

SFR ID: FMT_SMF.1.1(1) Refinement&lt;/VulnDiscussion&gt;&lt;FalsePositives&gt;&lt;/FalsePositives&gt;&lt;FalseNegatives&gt;&lt;/FalseNegatives&gt;&lt;Documentable&gt;false&lt;/Documentable&gt;&lt;Mitigations&gt;&lt;/Mitigations&gt;&lt;SeverityOverrideGuidance&gt;&lt;/SeverityOverrideGuidance&gt;&lt;PotentialImpacts&gt;&lt;/PotentialImpacts&gt;&lt;ThirdPartyTools&gt;&lt;/ThirdPartyTools&gt;&lt;MitigationControl&gt;&lt;/MitigationControl&gt;&lt;Responsibility&gt;&lt;/Responsibility&gt;&lt;IAControls&gt;&lt;/IAControls&gt;</description><reference><dc:title>DPMS Target IBM MaaS360 v2.3.x MDM</dc:title><dc:publisher>DISA</dc:publisher><dc:type>DPMS Target</dc:type><dc:subject>IBM MaaS360 v2.3.x MDM</dc:subject><dc:identifier>3019</dc:identifier></reference><ident system="http://iase.disa.mil/cci">CCI-000057</ident><fixtext fixref="F-71569r1_fix">Protect the MaaS360 server with a DoD-approved firewall.</fixtext><fix id="F-71569r1_fix" /><check system="C-66201r1_chk"><check-content-ref name="M" href="DPMS_XCCDF_Benchmark_IBM_MaaS360_v2-3-x_MDM_STIG.xml" /><check-content>Review the implementation of the MaaS360 server with the site system administrator. Verify a host based firewall (for example HBSS) is installed on the Windows server.

If the MaaS360 server is not protected by a DoD-approved firewall, this is a finding.</check-content></check></Rule></Group><Group id="V-65643"><title>PP-MDM-991000</title><description>&lt;GroupDescription&gt;&lt;/GroupDescription&gt;</description><Rule id="SV-80133r1_rule" severity="medium" weight="10.0"><version>M360-01-010500</version><title>The firewall protecting the MaaS360 server platform must be configured to restrict all network traffic to and from all addresses with the exception of ports, protocols, and IP address ranges required to support MDM server and platform functions.</title><description>&lt;VulnDiscussion&gt;Most information systems are capable of providing a wide variety of functions and services. Some of the functions and services, provided by default, may not be necessary to support essential organizational operations. Since MDM server is a critical component of the mobility architecture and must be configured to only those ports, protocols, and services (PPS) necessary to support functionality, all others must be expressly disabled or removed. A firewall installed on the MDM server provides a protection mechanism to ensure unwanted service requests do not reach the MDM server and outbound traffic is limited to only MDM server functionality.

SFR ID: FMT_SMF.1.1(1) Refinement&lt;/VulnDiscussion&gt;&lt;FalsePositives&gt;&lt;/FalsePositives&gt;&lt;FalseNegatives&gt;&lt;/FalseNegatives&gt;&lt;Documentable&gt;false&lt;/Documentable&gt;&lt;Mitigations&gt;&lt;/Mitigations&gt;&lt;SeverityOverrideGuidance&gt;&lt;/SeverityOverrideGuidance&gt;&lt;PotentialImpacts&gt;&lt;/PotentialImpacts&gt;&lt;ThirdPartyTools&gt;&lt;/ThirdPartyTools&gt;&lt;MitigationControl&gt;&lt;/MitigationControl&gt;&lt;Responsibility&gt;&lt;/Responsibility&gt;&lt;IAControls&gt;&lt;/IAControls&gt;</description><reference><dc:title>DPMS Target IBM MaaS360 v2.3.x MDM</dc:title><dc:publisher>DISA</dc:publisher><dc:type>DPMS Target</dc:type><dc:subject>IBM MaaS360 v2.3.x MDM</dc:subject><dc:identifier>3019</dc:identifier></reference><ident system="http://iase.disa.mil/cci">CCI-001749</ident><fixtext fixref="F-71571r1_fix">Configure the DoD-approved firewall to deny all except for ports listed in the STIG Supplemental document.</fixtext><fix id="F-71571r1_fix" /><check system="C-66203r1_chk"><check-content-ref name="M" href="DPMS_XCCDF_Benchmark_IBM_MaaS360_v2-3-x_MDM_STIG.xml" /><check-content>Review the implementation of the firewall protecting the MaaS360 server with the site system administrator. Verify the firewall is configured to restrict all network traffic to and from all addresses with the exception of ports, protocols, and IP address ranges required to support the MaaS360 server.

If the firewall protecting the MaaS360 server is not configured to restrict all network traffic to and from all addresses with the exception of ports, protocols, and IP address ranges required to support the MaaS360 server, this is a finding.

Note: Required ports, protocols, and IP address ranges for the MaaS360 MDM are found in the Supplemental document.</check-content></check></Rule></Group><Group id="V-65645"><title>PP-MDM-202003</title><description>&lt;GroupDescription&gt;&lt;/GroupDescription&gt;</description><Rule id="SV-80135r1_rule" severity="medium" weight="10.0"><version>M360-01-020400</version><title>The MaaS360 Agent must be configured to alert via the trusted channel to the MaaS360 Server for the following event: change in enrollment status.</title><description>&lt;VulnDiscussion&gt;Alerts providing notification of a change in enrollment state facilitate verification of the correct operation of security functions. When a MaaS360 Server receives such an alert from a MaaS360 Agent, it indicates that the security policy may no longer be enforced on the mobile device. This enables the MDM administrator to take an appropriate remedial action.

SFR ID: FAU_ALT_EXT.2.1&lt;/VulnDiscussion&gt;&lt;FalsePositives&gt;&lt;/FalsePositives&gt;&lt;FalseNegatives&gt;&lt;/FalseNegatives&gt;&lt;Documentable&gt;false&lt;/Documentable&gt;&lt;Mitigations&gt;&lt;/Mitigations&gt;&lt;SeverityOverrideGuidance&gt;&lt;/SeverityOverrideGuidance&gt;&lt;PotentialImpacts&gt;&lt;/PotentialImpacts&gt;&lt;ThirdPartyTools&gt;&lt;/ThirdPartyTools&gt;&lt;MitigationControl&gt;&lt;/MitigationControl&gt;&lt;Responsibility&gt;&lt;/Responsibility&gt;&lt;IAControls&gt;&lt;/IAControls&gt;</description><reference><dc:title>DPMS Target IBM MaaS360 v2.3.x MDM</dc:title><dc:publisher>DISA</dc:publisher><dc:type>DPMS Target</dc:type><dc:subject>IBM MaaS360 v2.3.x MDM</dc:subject><dc:identifier>3019</dc:identifier></reference><ident system="http://iase.disa.mil/cci">CCI-002699</ident><fixtext fixref="F-71573r1_fix">Configure the MaaS360 Agent to alert via the trusted channel to the MaaS360 Server for the following event: change in enrollment status

On the MaaS360 Console complete the following Steps:
1. Navigate to Security &gt;&gt; Compliance Rules &gt;&gt; Add Rule Set and Create a rule.
2. Under Basic Settings &gt;&gt; Select Applicable Platforms select the MOS and under "Event Notification Recipients" input the email for the non-compliant devices/users
3. Under Enforcement Rules &gt;&gt; Select Enforcement Rules and ensure the "Enrollment" box is checked and the following boxes are checked:

"Trigger Action on Managed Status" - All boxes need to be checked; ensure "Enforcement Action" is set to "alert".</fixtext><fix id="F-71573r1_fix" /><check system="C-66205r2_chk"><check-content-ref name="M" href="DPMS_XCCDF_Benchmark_IBM_MaaS360_v2-3-x_MDM_STIG.xml" /><check-content>Review the MaaS360 server configuration to verify the MaaS360 agent alerts the MDM via the trusted channel to the MaaS360 Server for the following event: change in enrollment status.

On the MaaS360 Console complete the following Steps:
1. Navigate to Security &gt;&gt; Compliance Rules.
2. Have system administrator identify applicable "Change in enrollment status" rule set name.
3. Select rule set name in list.
4. Under Enforcement Rules, verify the "Enrollment" box is checked, "Trigger Action on Managed Status" (all boxes need to be checked), and "Enforcement Action" is set to "alert".
5. Navigate back to Security &gt;&gt; Compliance Rules and verify that rule set name has been designated as default (confirm check mark) and has "1" as precedence. 

If there is no "Change in enrollment status" rule set name setup or rules that have been setup are not configured correctly, this is a finding.</check-content></check></Rule></Group></Benchmark>