<?xml version="1.0" encoding="utf-8"?><?xml-stylesheet type='text/xsl' href='STIG_unclass.xsl'?><Benchmark xmlns:dsig="http://www.w3.org/2000/09/xmldsig#" xmlns:xsi="http://www.w3.org/2001/XMLSchema-instance" xmlns:cpe="http://cpe.mitre.org/language/2.0" xmlns:xhtml="http://www.w3.org/1999/xhtml" xmlns:dc="http://purl.org/dc/elements/1.1/" id="MDM_Server_Policy__STIG" xml:lang="en" xsi:schemaLocation="http://checklists.nist.gov/xccdf/1.1 http://nvd.nist.gov/schema/xccdf-1.1.4.xsd http://cpe.mitre.org/dictionary/2.0 http://cpe.mitre.org/files/cpe-dictionary_2.1.xsd" xmlns="http://checklists.nist.gov/xccdf/1.1"><status date="2016-09-30">accepted</status><title>MDM Server Policy Security Technical Implementation Guide (STIG)</title><description>This STIG contains the policy, training, and operating procedure security controls for the use of MDM servers in the DoD environment. Comments or proposed revisions to this document should be sent via e-mail to the following address: disa.stig_spt@mail.mil.</description><notice id="terms-of-use" xml:lang="en"></notice><reference href="http://iase.disa.mil"><dc:publisher>DISA</dc:publisher><dc:source>STIG.DOD.MIL</dc:source></reference><plain-text id="release-info">Release: 4 Benchmark Date: 28 Oct 2016</plain-text><version>2</version><Profile id="MAC-1_Classified"><title>I - Mission Critical Classified</title><description>&lt;ProfileDescription&gt;&lt;/ProfileDescription&gt;</description><select idref="V-24955" selected="true" /><select idref="V-24957" selected="true" /><select idref="V-24962" selected="true" /><select idref="V-24969" selected="true" /><select idref="V-24970" selected="true" /><select idref="V-28313" selected="true" /></Profile><Profile id="MAC-1_Public"><title>I - Mission Critical Public</title><description>&lt;ProfileDescription&gt;&lt;/ProfileDescription&gt;</description><select idref="V-24955" selected="true" /><select idref="V-24957" selected="true" /><select idref="V-24962" selected="true" /><select idref="V-24969" selected="true" /><select idref="V-24970" selected="true" /><select idref="V-28313" selected="true" /></Profile><Profile id="MAC-1_Sensitive"><title>I - Mission Critical Sensitive</title><description>&lt;ProfileDescription&gt;&lt;/ProfileDescription&gt;</description><select idref="V-24955" selected="true" /><select idref="V-24957" selected="true" /><select idref="V-24962" selected="true" /><select idref="V-24969" selected="true" /><select idref="V-24970" selected="true" /><select idref="V-28313" selected="true" /></Profile><Profile id="MAC-2_Classified"><title>II - Mission Support Classified</title><description>&lt;ProfileDescription&gt;&lt;/ProfileDescription&gt;</description><select idref="V-24955" selected="true" /><select idref="V-24957" selected="true" /><select idref="V-24962" selected="true" /><select idref="V-24969" selected="true" /><select idref="V-24970" selected="true" /><select idref="V-28313" selected="true" /></Profile><Profile id="MAC-2_Public"><title>II - Mission Support Public</title><description>&lt;ProfileDescription&gt;&lt;/ProfileDescription&gt;</description><select idref="V-24955" selected="true" /><select idref="V-24957" selected="true" /><select idref="V-24962" selected="true" /><select idref="V-24969" selected="true" /><select idref="V-24970" selected="true" /><select idref="V-28313" selected="true" /></Profile><Profile id="MAC-2_Sensitive"><title>II - Mission Support Sensitive</title><description>&lt;ProfileDescription&gt;&lt;/ProfileDescription&gt;</description><select idref="V-24955" selected="true" /><select idref="V-24957" selected="true" /><select idref="V-24962" selected="true" /><select idref="V-24969" selected="true" /><select idref="V-24970" selected="true" /><select idref="V-28313" selected="true" /></Profile><Profile id="MAC-3_Classified"><title>III - Administrative Classified</title><description>&lt;ProfileDescription&gt;&lt;/ProfileDescription&gt;</description><select idref="V-24955" selected="true" /><select idref="V-24957" selected="true" /><select idref="V-24962" selected="true" /><select idref="V-24969" selected="true" /><select idref="V-24970" selected="true" /><select idref="V-28313" selected="true" /></Profile><Profile id="MAC-3_Public"><title>III - Administrative Public</title><description>&lt;ProfileDescription&gt;&lt;/ProfileDescription&gt;</description><select idref="V-24955" selected="true" /><select idref="V-24957" selected="true" /><select idref="V-24962" selected="true" /><select idref="V-24969" selected="true" /><select idref="V-24970" selected="true" /><select idref="V-28313" selected="true" /></Profile><Profile id="MAC-3_Sensitive"><title>III - Administrative Sensitive</title><description>&lt;ProfileDescription&gt;&lt;/ProfileDescription&gt;</description><select idref="V-24955" selected="true" /><select idref="V-24957" selected="true" /><select idref="V-24962" selected="true" /><select idref="V-24969" selected="true" /><select idref="V-24970" selected="true" /><select idref="V-28313" selected="true" /></Profile><Group id="V-24955"><title>Publish data spill procedures for CMDs</title><description>&lt;GroupDescription&gt;&lt;/GroupDescription&gt;</description><Rule id="SV-30692r6_rule" severity="medium" weight="10.0"><version>WIR-SPP-003-01</version><title>A data spill (Classified Message Incident (CMI)) procedure or policy must be published for site CMDs.</title><description>&lt;VulnDiscussion&gt;When a data spill occurs on a CMD, classified or sensitive data must be protected to prevent disclosure. After a data spill, the CMD must either be wiped using approved procedures, or destroyed if no procedures are available, so classified or sensitive data is not exposed. If a data spill procedure is not published, the site may not use approved procedures to remediate after a data spill occurs and classified data could be exposed.&lt;/VulnDiscussion&gt;&lt;FalsePositives&gt;&lt;/FalsePositives&gt;&lt;FalseNegatives&gt;&lt;/FalseNegatives&gt;&lt;Documentable&gt;false&lt;/Documentable&gt;&lt;Mitigations&gt;&lt;/Mitigations&gt;&lt;SeverityOverrideGuidance&gt;&lt;/SeverityOverrideGuidance&gt;&lt;PotentialImpacts&gt;&lt;/PotentialImpacts&gt;&lt;ThirdPartyTools&gt;&lt;/ThirdPartyTools&gt;&lt;MitigationControl&gt;&lt;/MitigationControl&gt;&lt;Responsibility&gt;Other&lt;/Responsibility&gt;&lt;IAControls&gt;&lt;/IAControls&gt;</description><reference><dc:title>DPMS Target Wireless Management Server Policy</dc:title><dc:publisher>DISA</dc:publisher><dc:type>DPMS Target</dc:type><dc:subject>Wireless Management Server Policy</dc:subject><dc:identifier>1966</dc:identifier></reference><fixtext fixref="F-27582r3_fix">Publish a Classified Message Incident (CMI) procedure or policy for the site.</fixtext><fix id="F-27582r3_fix" /><check system="C-31114r10_chk"><check-content-ref name="M" href="DPMS_XCCDF_Benchmark_MDM_Server_Policy_ STIG.xml" /><check-content>Detailed Policy Requirements: 
This requirement applies to mobile operating system (OS) CMDs.

This requirement also applies to sensitive DoD information stored on mobile OS devices that are not authorized to connect to DoD networks or store/process sensitive DoD information. Sensitive DoD data or information is defined as any data/information that has not been approved for public release by the site/Command Public Affairs Officer (PAO).

In accordance with DoD policy, all components must establish Incident Handling and Response procedures. A CMI or “data spill” occurs when a classified email is inadvertently sent on an unclassified network and received on a wireless email device. Classified information may also be transmitted through some other form of file transfer to include web browser downloads and files transferred through tethered connections. CMDs are not authorized for processing classified data. 

A data spill also occurs if a classified document is attached to an otherwise unclassified email. For BlackBerry and Good Mobile Messaging systems, a data spill will only occur if the classified attached document is viewed or opened by the CMD user since the CMD system only downloads an attachment on the CMD if the user views or opens the attachment. The site's Incident Handling and Response procedures should reference NSA/CSS Storage Device Declassification Manual 9-12, Section 5, for smartphone destruction procedures. 

Check Procedures: 
Interview the ISSO. Verify classified incident handling, response, and reporting procedures are documented in site CMD procedures or security policies. If classified incident handling, response, and reporting procedures are not documented in site CMD procedures or security policies, this is a finding.

This requirement applies at both sites where CMDs are issued and managed and at sites where the CMD management server is located.

- At the CMD management server site, verify Incident Handling and Response procedures include actions to sanitize the CMD management server and email servers (e.g., Exchange, Oracle mail). 

- At CMD sites, verify Incident Handling and Response procedures include actions for incident reporting and actions to safeguard classified smartphone devices. The following actions will be followed for all CMDs involved in a data spill:

If Incident Handling and Response procedures do not include required information, this is a finding.</check-content></check></Rule></Group><Group id="V-24957"><title>Site must follow required data spill procedures</title><description>&lt;GroupDescription&gt;&lt;/GroupDescription&gt;</description><Rule id="SV-30694r5_rule" severity="high" weight="10.0"><version>WIR-SPP-003-02</version><title>If a data spill (Classified Message Incident (CMI)) occurs on a wireless email device or system at a site, the site must follow required data spill procedures.</title><description>&lt;VulnDiscussion&gt;If required procedures are not followed after a data spill, classified data could be exposed to unauthorized personnel.&lt;/VulnDiscussion&gt;&lt;FalsePositives&gt;&lt;/FalsePositives&gt;&lt;FalseNegatives&gt;&lt;/FalseNegatives&gt;&lt;Documentable&gt;false&lt;/Documentable&gt;&lt;Mitigations&gt;&lt;/Mitigations&gt;&lt;SeverityOverrideGuidance&gt;&lt;/SeverityOverrideGuidance&gt;&lt;PotentialImpacts&gt;&lt;/PotentialImpacts&gt;&lt;ThirdPartyTools&gt;&lt;/ThirdPartyTools&gt;&lt;MitigationControl&gt;&lt;/MitigationControl&gt;&lt;Responsibility&gt;System Administrator&lt;/Responsibility&gt;&lt;IAControls&gt;&lt;/IAControls&gt;</description><reference><dc:title>DPMS Target Wireless Management Server Policy</dc:title><dc:publisher>DISA</dc:publisher><dc:type>DPMS Target</dc:type><dc:subject>Wireless Management Server Policy</dc:subject><dc:identifier>1966</dc:identifier></reference><fixtext fixref="F-27583r4_fix">Follow required procedures after a data spill occurs.</fixtext><fix id="F-27583r4_fix" /><check system="C-31115r8_chk"><check-content-ref name="M" href="DPMS_XCCDF_Benchmark_MDM_Server_Policy_ STIG.xml" /><check-content>Detailed Policy Requirements: 
This requirement applies to mobile operating system (OS) CMDs.

This requirement also applies to sensitive DoD information stored on mobile OS devices that are not authorized to connect to DoD networks or store/process sensitive DoD information. Sensitive DoD data or information is defined as any data/information that has not been approved for public release by the site/Command Public Affairs Officer (PAO).

If a data spill occurs on a CMD, the following actions must be completed: 

- The CMD management server and email servers (i.e., Exchange, Oracle mail, etc.) are handled as classified systems until they are sanitized according to appropriate procedures. (See NSA/CSS Storage Device Declassification Manual 9-12 for sanitization procedures.)

- The CMD is handled as a classified device and destroyed according to DoD guidance for destroying classified equipment or sanitized as directed in Check WIR-SPP-003-01. 

Check Procedures: 
Interview the ISSO. Determine if the site has had a data spill within the previous 24 months. If yes, review written records, incident reports, and/or after action reports and determine if required procedures were followed. 

If the site had a data spill within the previous 24 months and required procedures were not followed, this is a finding.</check-content></check></Rule></Group><Group id="V-24962"><title>Publish lost/stolen CMD procedures</title><description>&lt;GroupDescription&gt;&lt;/GroupDescription&gt;</description><Rule id="SV-30699r6_rule" severity="low" weight="10.0"><version>WIR-SPP-007-01</version><title>The site Incident Response Plan or other procedure must include procedures to follow when a mobile operating system (OS) based mobile device is reported lost or stolen.</title><description>&lt;VulnDiscussion&gt;Sensitive DoD data could be stored in memory on a DoD operated mobile operating system (OS) based CMD and the data could be compromised if required actions are not followed when a CMD is lost or stolen. Without procedures for lost or stolen mobile operating system (OS) based CMD devices, it is more likely that an adversary could obtain the device and use it to access DoD networks or otherwise compromise DoD IA.&lt;/VulnDiscussion&gt;&lt;FalsePositives&gt;&lt;/FalsePositives&gt;&lt;FalseNegatives&gt;&lt;/FalseNegatives&gt;&lt;Documentable&gt;false&lt;/Documentable&gt;&lt;Mitigations&gt;&lt;/Mitigations&gt;&lt;SeverityOverrideGuidance&gt;&lt;/SeverityOverrideGuidance&gt;&lt;PotentialImpacts&gt;&lt;/PotentialImpacts&gt;&lt;ThirdPartyTools&gt;&lt;/ThirdPartyTools&gt;&lt;MitigationControl&gt;&lt;/MitigationControl&gt;&lt;Responsibility&gt;System Administrator&lt;/Responsibility&gt;&lt;IAControls&gt;&lt;/IAControls&gt;</description><reference><dc:title>DPMS Target Wireless Management Server Policy</dc:title><dc:publisher>DISA</dc:publisher><dc:type>DPMS Target</dc:type><dc:subject>Wireless Management Server Policy</dc:subject><dc:identifier>1966</dc:identifier></reference><fixtext fixref="F-27603r2_fix">Publish procedures to follow if a mobile operating system (OS) based CMD is lost or stolen.   </fixtext><fix id="F-27603r2_fix" /><check system="C-31122r9_chk"><check-content-ref name="M" href="DPMS_XCCDF_Benchmark_MDM_Server_Policy_ STIG.xml" /><check-content>Detailed Policy Requirements: 

The site (location where CMDs are issued and managed and the site where the mobile operating system (OS) based CMD management server is located) must publish procedures to follow if a CMD has been lost or stolen. The procedures should include (as appropriate):

- Mobile device user notifies ISSO, SM, and other site personnel, as required by the site’s Incident Response Plan, within the timeframe required by the site’s Incident Response Plan. 

- The ISSO notifies the mobile device management server system administrator and other site personnel, as required by the site’s Incident Response Plan, within the timeframe required by the site’s Incident Response Plan. 

The site mobile device management server administrator sends a wipe command to the CMD and then disables the user account on the management server or removes the CMD from the user account.

- The site will contact the carrier to have the device deactivated on the carrier’s network.

Check procedures: 
Interview the ISSO. 

Review the site’s Incident Response Plan or other policies to determine if the site has a written plan of action.

If the site does not have a written plan of action following a lost or stolen CMD, this is a finding.</check-content></check></Rule></Group><Group id="V-24969"><title>Follow lost/stolen CMD procedures</title><description>&lt;GroupDescription&gt;&lt;/GroupDescription&gt;</description><Rule id="SV-30706r5_rule" severity="low" weight="10.0"><version>WIR-SPP-007-02</version><title>Required actions must be followed at the site when a CMD has been lost or stolen.</title><description>&lt;VulnDiscussion&gt;If procedures for lost or stolen CMDs are not followed, it is more likely that an adversary could obtain the device and use it to access DoD networks or otherwise compromise DoD IA.&lt;/VulnDiscussion&gt;&lt;FalsePositives&gt;&lt;/FalsePositives&gt;&lt;FalseNegatives&gt;&lt;/FalseNegatives&gt;&lt;Documentable&gt;false&lt;/Documentable&gt;&lt;Mitigations&gt;&lt;/Mitigations&gt;&lt;SeverityOverrideGuidance&gt;&lt;/SeverityOverrideGuidance&gt;&lt;PotentialImpacts&gt;&lt;/PotentialImpacts&gt;&lt;ThirdPartyTools&gt;&lt;/ThirdPartyTools&gt;&lt;MitigationControl&gt;&lt;/MitigationControl&gt;&lt;Responsibility&gt;System Administrator&lt;/Responsibility&gt;&lt;IAControls&gt;ECSC-1&lt;/IAControls&gt;</description><reference><dc:title>DPMS Target Wireless Management Server Policy</dc:title><dc:publisher>DISA</dc:publisher><dc:type>DPMS Target</dc:type><dc:subject>Wireless Management Server Policy</dc:subject><dc:identifier>1966</dc:identifier></reference><fixtext fixref="F-27592r3_fix">Follow required actions when a CMD is reported lost or stolen.</fixtext><fix id="F-27592r3_fix" /><check system="C-31133r4_chk"><check-content-ref name="M" href="DPMS_XCCDF_Benchmark_MDM_Server_Policy_ STIG.xml" /><check-content>Interview the ISSO. Determine if any site mobile devices were reported lost or stolen within the previous 24 months. If yes, review written records, incident reports, and/or after action reports and determine if required procedures were followed. 

If the site had a lost or stolen mobile device within the previous 24 months and required procedures were not followed, this is a finding. </check-content></check></Rule></Group><Group id="V-24970"><title>MDM server administrator training</title><description>&lt;GroupDescription&gt;&lt;/GroupDescription&gt;</description><Rule id="SV-30707r6_rule" severity="low" weight="10.0"><version>WIR-WMSP-001-01</version><title>The mobile device management (MDM) server administrator must receive required training.</title><description>&lt;VulnDiscussion&gt;The security posture of the MDM server could be compromised if the administrator is not trained to follow required procedures. &lt;/VulnDiscussion&gt;&lt;FalsePositives&gt;&lt;/FalsePositives&gt;&lt;FalseNegatives&gt;&lt;/FalseNegatives&gt;&lt;Documentable&gt;false&lt;/Documentable&gt;&lt;Mitigations&gt;&lt;/Mitigations&gt;&lt;SeverityOverrideGuidance&gt;&lt;/SeverityOverrideGuidance&gt;&lt;PotentialImpacts&gt;&lt;/PotentialImpacts&gt;&lt;ThirdPartyTools&gt;&lt;/ThirdPartyTools&gt;&lt;MitigationControl&gt;&lt;/MitigationControl&gt;&lt;Responsibility&gt;System Administrator&lt;/Responsibility&gt;&lt;Responsibility&gt;Information Assurance Officer&lt;/Responsibility&gt;&lt;IAControls&gt;&lt;/IAControls&gt;</description><reference><dc:title>DPMS Target Wireless Management Server Policy</dc:title><dc:publisher>DISA</dc:publisher><dc:type>DPMS Target</dc:type><dc:subject>Wireless Management Server Policy</dc:subject><dc:identifier>1966</dc:identifier></reference><fixtext fixref="F-27604r2_fix">Have MDM server administrator complete and document his/her training.  </fixtext><fix id="F-27604r2_fix" /><check system="C-31134r8_chk"><check-content-ref name="M" href="DPMS_XCCDF_Benchmark_MDM_Server_Policy_ STIG.xml" /><check-content>Detailed policy requirements: 
The MDM server administrator must be trained on the following requirements: 

- Requirement that administrative service accounts will not be used to log into the CMD management server or any server service. 

- Activation passwords or PINs will consist of a pseudo-random pattern of at least eight characters consisting of at least two letters and two numbers. A new activation password must be selected each time one is assigned (e.g., the same password cannot be used for all users or for a group of users). 

- User and group accounts on the MDM server will always be assigned a STIG-compliant security/IT policy.

Check procedures: 
-Verify the MDM server administrator(s) has received the required training. The site should document when the training was completed.

If the MDM server administrator did not receive required training, this is a finding.</check-content></check></Rule></Group><Group id="V-28313"><title>MDM server administrator training renewed annually</title><description>&lt;GroupDescription&gt;&lt;/GroupDescription&gt;</description><Rule id="SV-36041r5_rule" severity="low" weight="10.0"><version>WIR-WMSP-001-02</version><title>MDM server administrator training must be renewed annually.</title><description>&lt;VulnDiscussion&gt;The MDM server administrator must renew required training annually.&lt;/VulnDiscussion&gt;&lt;FalsePositives&gt;&lt;/FalsePositives&gt;&lt;FalseNegatives&gt;&lt;/FalseNegatives&gt;&lt;Documentable&gt;false&lt;/Documentable&gt;&lt;Mitigations&gt;&lt;/Mitigations&gt;&lt;SeverityOverrideGuidance&gt;&lt;/SeverityOverrideGuidance&gt;&lt;PotentialImpacts&gt;&lt;/PotentialImpacts&gt;&lt;ThirdPartyTools&gt;&lt;/ThirdPartyTools&gt;&lt;MitigationControl&gt;&lt;/MitigationControl&gt;&lt;Responsibility&gt;Information Assurance Officer&lt;/Responsibility&gt;&lt;IAControls&gt;&lt;/IAControls&gt;</description><reference><dc:title>DPMS Target Wireless Management Server Policy</dc:title><dc:publisher>DISA</dc:publisher><dc:type>DPMS Target</dc:type><dc:subject>Wireless Management Server Policy</dc:subject><dc:identifier>1966</dc:identifier></reference><fixtext fixref="F-30410r1_fix">Renew required training annually.</fixtext><fix id="F-30410r1_fix" /><check system="C-35162r6_chk"><check-content-ref name="M" href="DPMS_XCCDF_Benchmark_MDM_Server_Policy_ STIG.xml" /><check-content>The site should document when training was completed.

-Verify training is renewed annually.

If the MDM server administrator training is not renewed annually, this is a finding.</check-content></check></Rule></Group></Benchmark>