<?xml version="1.0" encoding="UTF-8"?>
<oval_definitions xmlns="http://oval.mitre.org/XMLSchema/oval-definitions-5" xmlns:oval="http://oval.mitre.org/XMLSchema/oval-common-5" xmlns:oval-def="http://oval.mitre.org/XMLSchema/oval-definitions-5" xmlns:win-def="http://oval.mitre.org/XMLSchema/oval-definitions-5#windows" xmlns:ind-def="http://oval.mitre.org/XMLSchema/oval-definitions-5#independent" xmlns:xsi="http://www.w3.org/2001/XMLSchema-instance" xsi:schemaLocation="http://oval.mitre.org/XMLSchema/oval-definitions-5#windows http://oval.mitre.org/language/download/schema/version5.3/ovaldefinition/complete/windows-definitions-schema.xsd       http://oval.mitre.org/XMLSchema/oval-definitions-5#independent http://oval.mitre.org/language/download/schema/version5.3/ovaldefinition/complete/independent-definitions-schema.xsd       http://oval.mitre.org/XMLSchema/oval-definitions-5 http://oval.mitre.org/language/download/schema/version5.3/ovaldefinition/complete/oval-definitions-schema.xsd       http://oval.mitre.org/XMLSchema/oval-common-5 http://oval.mitre.org/language/download/schema/version5.3/ovaldefinition/complete/oval-common-schema.xsd">
  <generator>
    <oval:product_name>DISA FSO</oval:product_name>
    <oval:schema_version>5.3</oval:schema_version>
    <oval:timestamp>2011-12-19T11:21:11.593-05:00</oval:timestamp>
  </generator>
  <!-- ==================================================================================================== -->
  <!-- ==========================================  DEFINITIONS  =========================================== -->
  <!-- ==================================================================================================== -->
  <definitions>
    <definition id="oval:mil.disa.fso.chrome:def:2" version="1" class="inventory">
      <metadata>
        <title>Microsoft Internet Explorer 8 is installed</title>
        <affected family="windows">
          <platform>Microsoft Windows XP</platform>
          <platform>Microsoft Windows Vista</platform>
          <platform>Microsoft Windows Server 2003</platform>
          <platform>Microsoft Windows Server 2008</platform>
          <platform>Microsoft Windows 7</platform>
        </affected>
        <reference source="CPE" ref_id="cpe:/a:google:chrome" />
        <description>A version of Microsoft Internet Explorer 8 is installed.</description>
      </metadata>
      <criteria>
        <criterion comment="Internet Explorer 8 is installed" test_ref="oval:mil.disa.fso.chrome:tst:200" />
      </criteria>
    </definition>
  </definitions>
  <!-- ==================================================================================================== -->
  <!-- =============================================  TESTS  ============================================== -->
  <!-- ==================================================================================================== -->
  <tests>
    <registry_test xmlns="http://oval.mitre.org/XMLSchema/oval-definitions-5#windows" id="oval:mil.disa.fso.chrome:tst:200" version="1" comment="Internet Explorer 8 is installed" check_existence="at_least_one_exists" check="at least one">
      <object object_ref="oval:mil.disa.fso.chrome:obj:200" />
      <state state_ref="oval:mil.disa.fso.chrome:ste:200" />
    </registry_test>
  </tests>
  <!-- ==================================================================================================== -->
  <!-- ============================================  OBJECTS  ============================================= -->
  <!-- ==================================================================================================== -->
  <objects>
    <registry_object xmlns="http://oval.mitre.org/XMLSchema/oval-definitions-5#windows" id="oval:mil.disa.fso.chrome:obj:200" version="1">
      <hive datatype="string">HKEY_LOCAL_MACHINE</hive>
      <key datatype="string">SOFTWARE\RegisteredApplications</key>
      <name datatype="string">Google Chrome</name>
    </registry_object>
  </objects>
  <!-- ==================================================================================================== -->
  <!-- =============================================  STATES  ============================================= -->
  <!-- ==================================================================================================== -->
  <states>
    <registry_state xmlns="http://oval.mitre.org/XMLSchema/oval-definitions-5#windows" id="oval:mil.disa.fso.:ste:200" version="1" comment="The registry key has a value that matches 8.*">
      <value operation="pattern match">*</value>
    </registry_state>
  </states>
  <!-- ==================================================================================================== -->
  <!-- ==================================================================================================== -->
  <!-- ==================================================================================================== -->
</oval_definitions>

