﻿<?xml version="1.0" encoding="utf-8"?><?xml-stylesheet type='text/xsl' href='STIG_unclass.xsl'?><Benchmark xmlns:dsig="http://www.w3.org/2000/09/xmldsig#" xmlns:xhtml="http://www.w3.org/1999/xhtml" xmlns:xsi="http://www.w3.org/2001/XMLSchema-instance" xmlns:cpe="http://cpe.mitre.org/language/2.0" xmlns:dc="http://purl.org/dc/elements/1.1/" id="SRC_-_Remote_Access_VPN" xml:lang="en" xsi:schemaLocation="http://checklists.nist.gov/xccdf/1.1 http://nvd.nist.gov/schema/xccdf-1.1.4.xsd http://cpe.mitre.org/dictionary/2.0 http://cpe.mitre.org/files/cpe-dictionary_2.1.xsd" xmlns="http://checklists.nist.gov/xccdf/1.1"><status date="2012-01-10">accepted</status><title>Remote Access VPN STIG</title><notice id="terms-of-use" xml:lang="en"></notice><reference href="http://iase.disa.mil"><dc:publisher>DISA, Field Security Operations</dc:publisher><dc:source>STIG.DOD.MIL</dc:source></reference><plain-text id="release-info">Release: 7 Benchmark Date: 27 Jul 2012</plain-text><version>2</version><Profile id="MAC-1_Public"><title>I - Mission Critical Public</title><description>&lt;ProfileDescription&gt;&lt;/ProfileDescription&gt;</description><select idref="V-21529" selected="true" /><select idref="V-21538" selected="true" /><select idref="V-21540" selected="true" /><select idref="V-21541" selected="true" /><select idref="V-21582" selected="true" /><select idref="V-21583" selected="true" /><select idref="V-21584" selected="true" /><select idref="V-21585" selected="true" /><select idref="V-21586" selected="true" /><select idref="V-21587" selected="true" /><select idref="V-21588" selected="true" /><select idref="V-21589" selected="true" /><select idref="V-21590" selected="true" /><select idref="V-21591" selected="true" /></Profile><Profile id="MAC-1_Sensitive"><title>I - Mission Critical Sensitive</title><description>&lt;ProfileDescription&gt;&lt;/ProfileDescription&gt;</description><select idref="V-21529" selected="true" /><select idref="V-21538" selected="true" /><select idref="V-21540" selected="true" /><select idref="V-21541" selected="true" /><select idref="V-21582" selected="true" /><select idref="V-21583" selected="true" /><select idref="V-21584" selected="true" /><select idref="V-21585" selected="true" /><select idref="V-21586" selected="true" /><select idref="V-21587" selected="true" /><select idref="V-21588" selected="true" /><select idref="V-21589" selected="true" /><select idref="V-21590" selected="true" /><select idref="V-21591" selected="true" /></Profile><Profile id="MAC-1_Classified"><title>I - Mission Critical Classified</title><description>&lt;ProfileDescription&gt;&lt;/ProfileDescription&gt;</description><select idref="V-21529" selected="true" /><select idref="V-21538" selected="true" /><select idref="V-21540" selected="true" /><select idref="V-21541" selected="true" /><select idref="V-21582" selected="true" /><select idref="V-21583" selected="true" /><select idref="V-21584" selected="true" /><select idref="V-21585" selected="true" /><select idref="V-21586" selected="true" /><select idref="V-21587" selected="true" /><select idref="V-21588" selected="true" /><select idref="V-21589" selected="true" /><select idref="V-21590" selected="true" /><select idref="V-21591" selected="true" /></Profile><Profile id="MAC-2_Public"><title>II - Mission Support Public</title><description>&lt;ProfileDescription&gt;&lt;/ProfileDescription&gt;</description><select idref="V-21529" selected="true" /><select idref="V-21538" selected="true" /><select idref="V-21540" selected="true" /><select idref="V-21541" selected="true" /><select idref="V-21582" selected="true" /><select idref="V-21583" selected="true" /><select idref="V-21584" selected="true" /><select idref="V-21585" selected="true" /><select idref="V-21586" selected="true" /><select idref="V-21587" selected="true" /><select idref="V-21588" selected="true" /><select idref="V-21589" selected="true" /><select idref="V-21590" selected="true" /><select idref="V-21591" selected="true" /></Profile><Profile id="MAC-2_Sensitive"><title>II - Mission Support Sensitive</title><description>&lt;ProfileDescription&gt;&lt;/ProfileDescription&gt;</description><select idref="V-21529" selected="true" /><select idref="V-21538" selected="true" /><select idref="V-21540" selected="true" /><select idref="V-21541" selected="true" /><select idref="V-21582" selected="true" /><select idref="V-21583" selected="true" /><select idref="V-21584" selected="true" /><select idref="V-21585" selected="true" /><select idref="V-21586" selected="true" /><select idref="V-21587" selected="true" /><select idref="V-21588" selected="true" /><select idref="V-21589" selected="true" /><select idref="V-21590" selected="true" /><select idref="V-21591" selected="true" /></Profile><Profile id="MAC-2_Classified"><title>II - Mission Support Classified</title><description>&lt;ProfileDescription&gt;&lt;/ProfileDescription&gt;</description><select idref="V-21529" selected="true" /><select idref="V-21538" selected="true" /><select idref="V-21540" selected="true" /><select idref="V-21541" selected="true" /><select idref="V-21582" selected="true" /><select idref="V-21583" selected="true" /><select idref="V-21584" selected="true" /><select idref="V-21585" selected="true" /><select idref="V-21586" selected="true" /><select idref="V-21587" selected="true" /><select idref="V-21588" selected="true" /><select idref="V-21589" selected="true" /><select idref="V-21590" selected="true" /><select idref="V-21591" selected="true" /></Profile><Profile id="MAC-3_Public"><title>III - Administrative Public</title><description>&lt;ProfileDescription&gt;&lt;/ProfileDescription&gt;</description><select idref="V-21529" selected="true" /><select idref="V-21538" selected="true" /><select idref="V-21540" selected="true" /><select idref="V-21541" selected="true" /><select idref="V-21582" selected="true" /><select idref="V-21583" selected="true" /><select idref="V-21584" selected="true" /><select idref="V-21585" selected="true" /><select idref="V-21586" selected="true" /><select idref="V-21587" selected="true" /><select idref="V-21588" selected="true" /><select idref="V-21589" selected="true" /><select idref="V-21590" selected="true" /><select idref="V-21591" selected="true" /></Profile><Profile id="MAC-3_Sensitive"><title>III - Administrative Sensitive</title><description>&lt;ProfileDescription&gt;&lt;/ProfileDescription&gt;</description><select idref="V-21529" selected="true" /><select idref="V-21538" selected="true" /><select idref="V-21540" selected="true" /><select idref="V-21541" selected="true" /><select idref="V-21582" selected="true" /><select idref="V-21583" selected="true" /><select idref="V-21584" selected="true" /><select idref="V-21585" selected="true" /><select idref="V-21586" selected="true" /><select idref="V-21587" selected="true" /><select idref="V-21588" selected="true" /><select idref="V-21589" selected="true" /><select idref="V-21590" selected="true" /><select idref="V-21591" selected="true" /></Profile><Profile id="MAC-3_Classified"><title>III - Administrative Classified</title><description>&lt;ProfileDescription&gt;&lt;/ProfileDescription&gt;</description><select idref="V-21529" selected="true" /><select idref="V-21538" selected="true" /><select idref="V-21540" selected="true" /><select idref="V-21541" selected="true" /><select idref="V-21582" selected="true" /><select idref="V-21583" selected="true" /><select idref="V-21584" selected="true" /><select idref="V-21585" selected="true" /><select idref="V-21586" selected="true" /><select idref="V-21587" selected="true" /><select idref="V-21588" selected="true" /><select idref="V-21589" selected="true" /><select idref="V-21590" selected="true" /><select idref="V-21591" selected="true" /></Profile><Group id="V-21529"><title>SRC-NET-060 NAT for Remote Access gateway</title><description>&lt;GroupDescription&gt;&lt;/GroupDescription&gt;</description><Rule id="SV-23743r1_rule" severity="low" weight="10.0"><version>SRC-NET-060</version><title>Network Address Translation (NAT) will not be configured for use with remote access gateways and servers unless there is a means of tracking the remote client's network activity throughout the network.</title><description>&lt;VulnDiscussion&gt;An incorrectly configured remote access gateway may allow unauthorized access to malicious or unauthorized remote users.&lt;/VulnDiscussion&gt;&lt;FalsePositives&gt;&lt;/FalsePositives&gt;&lt;FalseNegatives&gt;&lt;/FalseNegatives&gt;&lt;Documentable&gt;false&lt;/Documentable&gt;&lt;Mitigations&gt;&lt;/Mitigations&gt;&lt;SecurityOverrideGuidance&gt;&lt;/SecurityOverrideGuidance&gt;&lt;PotentialImpacts&gt;&lt;/PotentialImpacts&gt;&lt;ThirdPartyTools&gt;&lt;/ThirdPartyTools&gt;&lt;MitigationControl&gt;&lt;/MitigationControl&gt;&lt;Responsibility&gt;Information Assurance Officer&lt;/Responsibility&gt;&lt;IAControls&gt;ECSC-1&lt;/IAControls&gt;</description><fixtext fixref="F-22325r1_fix">Ensure that the remote access gateway is not configured to provide NAT services for remote access connections.
</fixtext><fix id="F-22325r1_fix" /><check system="C-23370r1_chk"><check-content-ref name="M" href="VMS_XCCDF_Benchmark_SRC - Remote Access VPN.xml" /><check-content>Inspect the configuration of the VPN or RAS gateway and verify that it is does not provide NAT services to the remote access end points.</check-content></check></Rule></Group><Group id="V-21538"><title>SRC-NET-010 Default device certificates</title><description>&lt;GroupDescription&gt;&lt;/GroupDescription&gt;</description><Rule id="SV-23753r1_rule" severity="medium" weight="10.0"><version>SRC-NET-010</version><title>Where digital certificates are used for device authentication, the remote gateway will use DoD-approved PKI rather than default or proprietary device certificates which are preinstalled by the vendor.</title><description>&lt;VulnDiscussion&gt;Without secure management implemented with authenticated access controls, strong two-factor authentication, encryption of the management session and audit logs, unauthorized users may gain access to network managed devices compromised, large parts of the network could be incapacitated with only a few commands.&lt;/VulnDiscussion&gt;&lt;FalsePositives&gt;&lt;/FalsePositives&gt;&lt;FalseNegatives&gt;&lt;/FalseNegatives&gt;&lt;Documentable&gt;false&lt;/Documentable&gt;&lt;Mitigations&gt;&lt;/Mitigations&gt;&lt;SecurityOverrideGuidance&gt;&lt;/SecurityOverrideGuidance&gt;&lt;PotentialImpacts&gt;&lt;/PotentialImpacts&gt;&lt;ThirdPartyTools&gt;&lt;/ThirdPartyTools&gt;&lt;MitigationControl&gt;&lt;/MitigationControl&gt;&lt;Responsibility&gt;Information Assurance Officer&lt;/Responsibility&gt;&lt;IAControls&gt;ECSC-1&lt;/IAControls&gt;</description><fixtext fixref="F-22328r1_fix">If PKI is used for DEVICE authentication then ensure that a DoD approved certificate is installed.  If the device does not have the option to replace the default manufacturer certificate, then the product should be replaced.</fixtext><fix id="F-22328r1_fix" /><check system="C-25810r1_chk"><check-content-ref name="M" href="VMS_XCCDF_Benchmark_SRC - Remote Access VPN.xml" /><check-content>Review the PKI certificate menu in the device configuration to see if DoD PKI has been implement. The certificate used with contain "DoD". 

If a certificate is used but it is not DoD-approved, this as a finding.</check-content></check></Rule></Group><Group id="V-21540"><title>SRC-NET-020 Self-generated certificate</title><description>&lt;GroupDescription&gt;&lt;/GroupDescription&gt;</description><Rule id="SV-23755r1_rule" severity="medium" weight="10.0"><version>SRC-NET-020</version><title>If digital certificates are generated by the remote access gateway for device authentication (e.g., mutual authentication between hosts), the key length and hashing algorithm used must conform to DoD requirements.</title><description>&lt;VulnDiscussion&gt;Digital certificates which are self-generated are not encouraged but may be unavoidable. If used, then key length and hashing algorithm must conform to DoD standards.&lt;/VulnDiscussion&gt;&lt;FalsePositives&gt;&lt;/FalsePositives&gt;&lt;FalseNegatives&gt;&lt;/FalseNegatives&gt;&lt;Documentable&gt;false&lt;/Documentable&gt;&lt;Mitigations&gt;&lt;/Mitigations&gt;&lt;SecurityOverrideGuidance&gt;&lt;/SecurityOverrideGuidance&gt;&lt;PotentialImpacts&gt;&lt;/PotentialImpacts&gt;&lt;ThirdPartyTools&gt;&lt;/ThirdPartyTools&gt;&lt;MitigationControl&gt;&lt;/MitigationControl&gt;&lt;Responsibility&gt;Information Assurance Officer&lt;/Responsibility&gt;&lt;IAControls&gt;ECSC-1&lt;/IAControls&gt;</description><fixtext fixref="F-19932r1_fix">If digital certificates are generated by the remote access solution for device authentication, then the key length and hashing algorithm used must conform to DoD requirements.</fixtext><fix id="F-19932r1_fix" /><check system="C-25813r1_chk"><check-content-ref name="M" href="VMS_XCCDF_Benchmark_SRC - Remote Access VPN.xml" /><check-content>Ask if digital certificates are generated by the remote access gateway for device authentication. Examine the authentication configuration using the management interface of the remote access gateway. 

Verify that the key length and hashing algorithm used conform to DoD requirements.</check-content></check></Rule></Group><Group id="V-21541"><title>SRC-NET-030 Remote endpoint device authentication</title><description>&lt;GroupDescription&gt;&lt;/GroupDescription&gt;</description><Rule id="SV-23759r1_rule" severity="low" weight="10.0"><version>SRC-NET-030</version><title>The remote access solution will be configured to authenticate (DOD PKI preferred) all endpoints requesting access to the network; to include mutual authentication between the remote access server device and the endpoint will be enforced prior to network admission.</title><description>&lt;VulnDiscussion&gt;Remote access is a significant risk to the Enclave. Attackers can engage in remote exploits without traversing the physical security controls often in place at the site. Thus, stringent logical controls are needed to protect DoD assets. Both the device and the user must be both authenticated and authorized prior to allowing access. Device authentication may be performed in several ways but DoD-approved PKI is preferred.&lt;/VulnDiscussion&gt;&lt;FalsePositives&gt;&lt;/FalsePositives&gt;&lt;FalseNegatives&gt;&lt;/FalseNegatives&gt;&lt;Documentable&gt;false&lt;/Documentable&gt;&lt;Mitigations&gt;&lt;/Mitigations&gt;&lt;SecurityOverrideGuidance&gt;&lt;/SecurityOverrideGuidance&gt;&lt;PotentialImpacts&gt;&lt;/PotentialImpacts&gt;&lt;ThirdPartyTools&gt;&lt;/ThirdPartyTools&gt;&lt;MitigationControl&gt;&lt;/MitigationControl&gt;&lt;Responsibility&gt;Information Assurance Officer&lt;/Responsibility&gt;&lt;IAControls&gt;ECSC-1&lt;/IAControls&gt;</description><fixtext fixref="F-22329r1_fix">Ensure device authentication and mutual authentication between the remote access gateway and the endpoint is implemented.
</fixtext><fix id="F-22329r1_fix" /><check system="C-25814r1_chk"><check-content-ref name="M" href="VMS_XCCDF_Benchmark_SRC - Remote Access VPN.xml" /><check-content>Work with the system administrator to verify that device authentication is implemented. Also, verify that mutual authentication between the remote access gateway and the endpoint is implemented. 
</check-content></check></Rule></Group><Group id="V-21582"><title>SRC-NET-040 Network devices - PKE</title><description>&lt;GroupDescription&gt;&lt;/GroupDescription&gt;</description><Rule id="SV-23841r2_rule" severity="high" weight="10.0"><version>SRC-NET-040</version><title>Network devices configured to provide remote access services (e.g., RAS, VPN gateways, and NAC appliances) will be PK-enabled (as required by DoDD 8520) and will have the capability to generate certificate-signing requests and use DoD-approved PKI digital certificates when available.</title><description>&lt;VulnDiscussion&gt;Network devices, RAS, and VPN gateways will not use proprietary digital certificates or self-signed mechanisms. These certificates are often generated by the manufacturer and are similar to default passwords. Additionally, DoD requires use of DoD-PKI rather than proprietary certificate structures.&lt;/VulnDiscussion&gt;&lt;FalsePositives&gt;&lt;/FalsePositives&gt;&lt;FalseNegatives&gt;&lt;/FalseNegatives&gt;&lt;Documentable&gt;false&lt;/Documentable&gt;&lt;Mitigations&gt;&lt;/Mitigations&gt;&lt;SecurityOverrideGuidance&gt;&lt;/SecurityOverrideGuidance&gt;&lt;PotentialImpacts&gt;&lt;/PotentialImpacts&gt;&lt;ThirdPartyTools&gt;&lt;/ThirdPartyTools&gt;&lt;MitigationControl&gt;&lt;/MitigationControl&gt;&lt;Responsibility&gt;Information Assurance Officer&lt;/Responsibility&gt;&lt;IAControls&gt;ECSC-1&lt;/IAControls&gt;</description><fixtext fixref="F-19145r1_fix">Ensure all devices which provide remote access services are capable of generating certificate-signing requests and using DoD-approved PKI digital certificates when available.</fixtext><fix id="F-19145r1_fix" /><check system="C-25850r1_chk"><check-content-ref name="M" href="VMS_XCCDF_Benchmark_SRC - Remote Access VPN.xml" /><check-content>View the vendor documentation or device configuration to verify that the device is capable of generating certificate-signing requests and using DoD-approved PKI digital certificates when available.
</check-content></check></Rule></Group><Group id="V-21583"><title>SRC-NET-050 Authentication server separation</title><description>&lt;GroupDescription&gt;&lt;/GroupDescription&gt;</description><Rule id="SV-23842r1_rule" severity="medium" weight="10.0"><version>SRC-NET-050</version><title>The remote access gateway/server will be configured to use an authentication server for user authentication to provide for separation of services.</title><description>&lt;VulnDiscussion&gt;AAA network security services provide the primary framework through which a network administrator can set up access control on network points of entry or network access servers, which is usually the function of an access server. These servers centralize user identification, authentication, authorization and monitors the user's network usage. Separation of services provides added assurance to the network if the access control server is compromised.&lt;/VulnDiscussion&gt;&lt;FalsePositives&gt;&lt;/FalsePositives&gt;&lt;FalseNegatives&gt;&lt;/FalseNegatives&gt;&lt;Documentable&gt;false&lt;/Documentable&gt;&lt;Mitigations&gt;&lt;/Mitigations&gt;&lt;SecurityOverrideGuidance&gt;&lt;/SecurityOverrideGuidance&gt;&lt;PotentialImpacts&gt;&lt;/PotentialImpacts&gt;&lt;ThirdPartyTools&gt;&lt;/ThirdPartyTools&gt;&lt;MitigationControl&gt;&lt;/MitigationControl&gt;&lt;Responsibility&gt;Information Assurance Officer&lt;/Responsibility&gt;&lt;IAControls&gt;DCBP-1&lt;/IAControls&gt;</description><fixtext fixref="F-19146r1_fix">The system administrator will configure the TACACS+, Radius or Diameter server with remote access accounts and user passwords. The remote access server will be configured to redirect user authentication requests to the authentication server.</fixtext><fix id="F-19146r1_fix" /><check system="C-25851r1_chk"><check-content-ref name="M" href="VMS_XCCDF_Benchmark_SRC - Remote Access VPN.xml" /><check-content>Verify that an authentication server is required to access the remote access server by reviewing the currently running configuration. The remote access server will be configured to redirect user authentication requests to the authentication server. 
</check-content></check></Rule></Group><Group id="V-21584"><title>SRC-NET-070 Use of group policy</title><description>&lt;GroupDescription&gt;&lt;/GroupDescription&gt;</description><Rule id="SV-23843r1_rule" severity="medium" weight="10.0"><version>SRC-NET-070</version><title>The default remote access control policy will restrict remote user and device access based on group policy rather than by individual user or device. </title><description>&lt;VulnDiscussion&gt;The access control policy configuration is the key security control of the remote access solution. This policy should be centralized particulary when multiple remote access control gateways and communications devices are used. Use of a policy server that can service all types of is highly encouraged. This reduces policy complexity, facilitates management of remote access, and reduces the threat posed by inadvertent administration error with access restrictions. Access control should be managed using access groups and placing the users into these groups. RADIUS or Active Directory groups will facilitate single sign-on and make modification of users and resources across the network easier. &lt;/VulnDiscussion&gt;&lt;FalsePositives&gt;&lt;/FalsePositives&gt;&lt;FalseNegatives&gt;&lt;/FalseNegatives&gt;&lt;Documentable&gt;false&lt;/Documentable&gt;&lt;Mitigations&gt;&lt;/Mitigations&gt;&lt;SecurityOverrideGuidance&gt;&lt;/SecurityOverrideGuidance&gt;&lt;PotentialImpacts&gt;&lt;/PotentialImpacts&gt;&lt;ThirdPartyTools&gt;&lt;/ThirdPartyTools&gt;&lt;MitigationControl&gt;&lt;/MitigationControl&gt;&lt;Responsibility&gt;Information Assurance Officer&lt;/Responsibility&gt;&lt;IAControls&gt;ECSC-1&lt;/IAControls&gt;</description><fixtext fixref="F-22354r1_fix">Ensure the default network access control policy is modified to restrict remote access based on group policy rather than configured for each individual user. </fixtext><fix id="F-22354r1_fix" /><check system="C-25852r1_chk"><check-content-ref name="M" href="VMS_XCCDF_Benchmark_SRC - Remote Access VPN.xml" /><check-content>Review the remote access gateway (RAS or VPN) configuration. Verify that resources and priviledges are assigned to groups not individual users. Verify that the user groups are defined on the authentication server unless not technologically feasible.</check-content></check></Rule></Group><Group id="V-21585"><title>SRC-NET-080 Number of concurrent logins</title><description>&lt;GroupDescription&gt;&lt;/GroupDescription&gt;</description><Rule id="SV-23844r1_rule" severity="medium" weight="10.0"><version>SRC-NET-080</version><title>The RAS or communications server will be configured to limit the number of concurrent connections from the remote user.</title><description>&lt;VulnDiscussion&gt;The number of concurrent logins will be limited in order to guard against the potential for Denial of Service attacks. Recommended setting should be based on usage trends and the number of approved remote users in the organization.&lt;/VulnDiscussion&gt;&lt;FalsePositives&gt;&lt;/FalsePositives&gt;&lt;FalseNegatives&gt;&lt;/FalseNegatives&gt;&lt;Documentable&gt;false&lt;/Documentable&gt;&lt;Mitigations&gt;&lt;/Mitigations&gt;&lt;SecurityOverrideGuidance&gt;&lt;/SecurityOverrideGuidance&gt;&lt;PotentialImpacts&gt;&lt;/PotentialImpacts&gt;&lt;ThirdPartyTools&gt;&lt;/ThirdPartyTools&gt;&lt;MitigationControl&gt;&lt;/MitigationControl&gt;&lt;Responsibility&gt;System Administrator&lt;/Responsibility&gt;&lt;IAControls&gt;ECSC-1&lt;/IAControls&gt;</description><fixtext fixref="F-22355r1_fix">Ensure the setting for the number of conncurrent end user remote sessions is set to a resonable value and is not unlimited. </fixtext><fix id="F-22355r1_fix" /><check system="C-25853r1_chk"><check-content-ref name="M" href="VMS_XCCDF_Benchmark_SRC - Remote Access VPN.xml" /><check-content>Work with the SA to examine the RAS.  Verify the setting for the number of concurrent end user remote sessions is not set  to a value which means unlimited. Value set should be reasonable based on local policy. </check-content></check></Rule></Group><Group id="V-21586"><title>SRC-NET-090 Required host integrity checks</title><description>&lt;GroupDescription&gt;&lt;/GroupDescription&gt;</description><Rule id="SV-23845r2_rule" severity="medium" weight="10.0"><version>SRC-NET-090</version><title>Remote access host integrity checks will incorporate settings and policies as required.  </title><description>&lt;VulnDiscussion&gt;The access control policy will be integrated with endpoint security controls. Users accessing from untrusted devices such as kiosks, personaly owned, or unmanaged devices may require active content in the client Web Browser which clears the cache or remove files, cookies, and session information. For example, users detected as accessing from a kiosk may be subjected to a host integrity check prior to authentication in order to guard against keystroke loggers. Consideration should also be taken for emergency and disaster recovery. Remote access for remote reset or for special circumstances should be considered.&lt;/VulnDiscussion&gt;&lt;FalsePositives&gt;&lt;/FalsePositives&gt;&lt;FalseNegatives&gt;&lt;/FalseNegatives&gt;&lt;Documentable&gt;false&lt;/Documentable&gt;&lt;Mitigations&gt;&lt;/Mitigations&gt;&lt;SecurityOverrideGuidance&gt;&lt;/SecurityOverrideGuidance&gt;&lt;PotentialImpacts&gt;&lt;/PotentialImpacts&gt;&lt;ThirdPartyTools&gt;&lt;/ThirdPartyTools&gt;&lt;MitigationControl&gt;&lt;/MitigationControl&gt;&lt;Responsibility&gt;System Administrator&lt;/Responsibility&gt;&lt;IAControls&gt;ECSC-1&lt;/IAControls&gt;</description><fixtext fixref="F-22356r1_fix">Ensure remote access host integrity check is compliant.</fixtext><fix id="F-22356r1_fix" /><check system="C-25854r1_chk"><check-content-ref name="M" href="VMS_XCCDF_Benchmark_SRC - Remote Access VPN.xml" /><check-content>Work with the SA to examine the policies for the host integrity setting. Ensure there are settings and policies applicable to the listed compliance areas. Verify the following settings:
- Sensitivity of information accessed such as public, non-public, administrator, classified;
- Authentication method used (PKI, password, open); 
- User identification and authorization;
- Type of user such as mobile, teleworker from home, remote DoD site enclave user, or contractor site;
- Endpoint type and location (laptop, PDA, virtual, managed/unmanaged;
- Other (browser type, day/time, accessed resource type).
</check-content></check></Rule></Group><Group id="V-21587"><title>SRC-NET-100 Protect remote access configuration</title><description>&lt;GroupDescription&gt;&lt;/GroupDescription&gt;</description><Rule id="SV-23846r1_rule" severity="medium" weight="10.0"><version>SRC-NET-100</version><title>Configure the remote access gateway to prevent remotely connected users from unauthorized access to the local files or host system configuration.</title><description>&lt;VulnDiscussion&gt;If users are allowed access to system files or configuration applications,  they may change the application setting and create a denial of service incident.&lt;/VulnDiscussion&gt;&lt;FalsePositives&gt;&lt;/FalsePositives&gt;&lt;FalseNegatives&gt;&lt;/FalseNegatives&gt;&lt;Documentable&gt;false&lt;/Documentable&gt;&lt;Mitigations&gt;&lt;/Mitigations&gt;&lt;SecurityOverrideGuidance&gt;&lt;/SecurityOverrideGuidance&gt;&lt;PotentialImpacts&gt;&lt;/PotentialImpacts&gt;&lt;ThirdPartyTools&gt;&lt;/ThirdPartyTools&gt;&lt;MitigationControl&gt;&lt;/MitigationControl&gt;&lt;Responsibility&gt;Information Assurance Officer&lt;/Responsibility&gt;&lt;IAControls&gt;ECSC-1&lt;/IAControls&gt;</description><fixtext fixref="F-19952r1_fix">Ensure remote users do not have permissions to access databases, files, and configuration management applications resident on the remote access gateway.</fixtext><fix id="F-19952r1_fix" /><check system="C-25855r1_chk"><check-content-ref name="I" href="VMS_XCCDF_Benchmark_SRC - Remote Access VPN.xml" /><check-content> Interview the site representative and review network or operating system SRR or self-assessment documentation.</check-content></check></Rule></Group><Group id="V-21588"><title>SRC-VPN-010 Remote Access VPN split-tunneling</title><description>&lt;GroupDescription&gt;&lt;/GroupDescription&gt;</description><Rule id="SV-23847r1_rule" severity="medium" weight="10.0"><version>SRC-VPN-010</version><title>Remote access via VPN technology will be configured for tunnel-all mode so that split-tunneling entering or leaving the enclave boundary is prohibited.</title><description>&lt;VulnDiscussion&gt;The VPN software on a host can be configured in either of two modes. It can be set to encrypt all IP traffic originating from that host, and send all of that traffic to the remote IP address of the network gateway. This configuration is called “tunnel-all” mode, because all IP traffic from the host must traverse the VPN tunnel to the remote system, where it will either be processed or further forwarded to additional IP addresses after decryption. Alternately, the VPN software can be set only to encrypt traffic that is specifically addressed to an IP at the other end of the VPN tunnel. All other IP traffic bypasses the VPN encryption and routing process, and is handled by the host as if the VPN relationship did not exist. This configuration is called “split-tunnel” mode, because the IP traffic from the host is split between encrypted packets sent across the VPN tunnel and unencrypted packets sent to all other external addresses. There are security and operational implications in the decision of whether to use split-tunnel or tunnel-all mode. Placing a host in tunnel-all mode makes it appear to the rest of the world as a node on the connected logical (VPN-connected) network. It no longer has an identity to the outside world based on the local physical network. In tunnel-all mode, all traffic between the remote host and any other host can be subject to inspection and processing by the security policy devices of the remote VPN-linked network. This improves the security aspects of the connected network, since it can enforce all security policies on the VPN-connected computer. &lt;/VulnDiscussion&gt;&lt;FalsePositives&gt;&lt;/FalsePositives&gt;&lt;FalseNegatives&gt;&lt;/FalseNegatives&gt;&lt;Documentable&gt;false&lt;/Documentable&gt;&lt;Mitigations&gt;&lt;/Mitigations&gt;&lt;SecurityOverrideGuidance&gt;&lt;/SecurityOverrideGuidance&gt;&lt;PotentialImpacts&gt;&lt;/PotentialImpacts&gt;&lt;ThirdPartyTools&gt;&lt;/ThirdPartyTools&gt;&lt;MitigationControl&gt;&lt;/MitigationControl&gt;&lt;Responsibility&gt;Information Assurance Officer&lt;/Responsibility&gt;&lt;IAControls&gt;ECSC-1&lt;/IAControls&gt;</description><fixtext fixref="F-22357r1_fix">Implement tunnel-all mode.
 
</fixtext><fix id="F-22357r1_fix" /><check system="C-25856r1_chk"><check-content-ref name="I" href="VMS_XCCDF_Benchmark_SRC - Remote Access VPN.xml" /><check-content>Interview the IAO and examine the configuration of a VPN client. 

 
</check-content></check></Rule></Group><Group id="V-21589"><title>SRC-VPN-020 VPN gateway is dual-homed</title><description>&lt;GroupDescription&gt;&lt;/GroupDescription&gt;</description><Rule id="SV-23848r1_rule" severity="medium" weight="10.0"><version>SRC-VPN-020</version><title>The VPN gateway will be configured to disallow remote endpoints to communicate directly with other DMZ hosts. </title><description>&lt;VulnDiscussion&gt;Pass through communications from remote endpoints may allow network attack through the remote access gateway.  To mitigate this risk, the VPN gateway or host will be configured with two interfaces. Remote users use the external interface while internal communications are sent using the internal interface.&lt;/VulnDiscussion&gt;&lt;FalsePositives&gt;&lt;/FalsePositives&gt;&lt;FalseNegatives&gt;&lt;/FalseNegatives&gt;&lt;Documentable&gt;false&lt;/Documentable&gt;&lt;Mitigations&gt;&lt;/Mitigations&gt;&lt;SecurityOverrideGuidance&gt;&lt;/SecurityOverrideGuidance&gt;&lt;PotentialImpacts&gt;&lt;/PotentialImpacts&gt;&lt;ThirdPartyTools&gt;&lt;/ThirdPartyTools&gt;&lt;MitigationControl&gt;&lt;/MitigationControl&gt;&lt;Responsibility&gt;Information Assurance Officer&lt;/Responsibility&gt;&lt;IAControls&gt;ECSC-1&lt;/IAControls&gt;</description><fixtext fixref="F-22358r1_fix">Ensure the VPN gateway is configured with two interfaces and does not allow direct communication.
 
</fixtext><fix id="F-22358r1_fix" /><check system="C-25857r1_chk"><check-content-ref name="M" href="VMS_XCCDF_Benchmark_SRC - Remote Access VPN.xml" /><check-content>Visually inspect the VPN gateway to verify that the VPN device is configured.  

NOTE:  The VPN device will be configured with two interfaces. Remote users use the external interface while internal communications are sent using the internal interface.
 
</check-content></check></Rule></Group><Group id="V-21590"><title>SRC-VPN-030 VPN TLS version</title><description>&lt;GroupDescription&gt;&lt;/GroupDescription&gt;</description><Rule id="SV-23849r1_rule" severity="medium" weight="10.0"><version>SRC-VPN-030</version><title>Remote access TLS VPNs will be configured to use a properly configured TLS version. </title><description>&lt;VulnDiscussion&gt;The TLS protocol allows clients and HTTP servers to communicate over a secure connection. It offers encryption, source authentication, and data integrity as means to protect information exchanged over unsecured, public networks. Only TLS is allowed because the manner in which previous version of the protocol used some unapproved cryptographic algorithms for its operation, thus this makes these older verison untrusted.&lt;/VulnDiscussion&gt;&lt;FalsePositives&gt;&lt;/FalsePositives&gt;&lt;FalseNegatives&gt;&lt;/FalseNegatives&gt;&lt;Documentable&gt;false&lt;/Documentable&gt;&lt;Mitigations&gt;&lt;/Mitigations&gt;&lt;SecurityOverrideGuidance&gt;&lt;/SecurityOverrideGuidance&gt;&lt;PotentialImpacts&gt;&lt;/PotentialImpacts&gt;&lt;ThirdPartyTools&gt;&lt;/ThirdPartyTools&gt;&lt;MitigationControl&gt;&lt;/MitigationControl&gt;&lt;Responsibility&gt;Information Assurance Officer&lt;/Responsibility&gt;&lt;IAControls&gt;ECSC-1&lt;/IAControls&gt;</description><fixtext fixref="F-22359r1_fix">Ensure that remote access gateway and the clients is using a secure protocol. 
 
</fixtext><fix id="F-22359r1_fix" /><check system="C-25858r1_chk"><check-content-ref name="M" href="VMS_XCCDF_Benchmark_SRC - Remote Access VPN.xml" /><check-content>Verify by inspecting the configuration of the firewall or the remote access gateway.  Verify the TLS protocol is used. 
 
</check-content></check></Rule></Group><Group id="V-21591"><title>SRC-VPN-040 IPSec VPN mode and IKE settings</title><description>&lt;GroupDescription&gt;&lt;/GroupDescription&gt;</description><Rule id="SV-23850r1_rule" severity="low" weight="10.0"><version>SRC-VPN-040</version><title>Configure the IPSec VPN gateway for the main mode with digital certificates for secure negotiation of the communications channel, including compliant settings for key exchange and authentication of both ends of the channel.

</title><description>&lt;VulnDiscussion&gt;This configuration will ensure secure negotiation of a secure channel including key exchange, and authentication of both ends resulting in a secure connection over which other IPSec communications can occur. &lt;/VulnDiscussion&gt;&lt;FalsePositives&gt;&lt;/FalsePositives&gt;&lt;FalseNegatives&gt;&lt;/FalseNegatives&gt;&lt;Documentable&gt;false&lt;/Documentable&gt;&lt;Mitigations&gt;&lt;/Mitigations&gt;&lt;SecurityOverrideGuidance&gt;&lt;/SecurityOverrideGuidance&gt;&lt;PotentialImpacts&gt;&lt;/PotentialImpacts&gt;&lt;ThirdPartyTools&gt;&lt;/ThirdPartyTools&gt;&lt;MitigationControl&gt;&lt;/MitigationControl&gt;&lt;Responsibility&gt;Information Assurance Officer&lt;/Responsibility&gt;&lt;IAControls&gt;ECSC-1&lt;/IAControls&gt;</description><fixtext fixref="F-22360r1_fix">Ensure tthe IPSEC VPN is configured as requried by the policy.
 
</fixtext><fix id="F-22360r1_fix" /><check system="C-25859r1_chk"><check-content-ref name="M" href="VMS_XCCDF_Benchmark_SRC - Remote Access VPN.xml" /><check-content>Inpect the configuration by viewing the VPN configuration screen in the management workstaion.  Verify the VPN attributes are compliant.

NOTE: The channel will be configured for phase one IKE exchange type. Additionally the following have not been configured:  FIPS 140-2 encryption algorithm (e.g., AES); Integrity protection algorithm is FIPS compliant (e.g., HMAC-SHA-1); and the Authentication method will be digital signatures or PKI. </check-content></check></Rule></Group></Benchmark>