<?xml version="1.0" encoding="UTF-8"?>
<cpe-list xmlns="http://cpe.mitre.org/dictionary/2.0" xmlns:xsi="http://www.w3.org/2001/XMLSchema-instance" xsi:schemaLocation="http://cpe.mitre.org/dictionary/2.0 http://cpe.mitre.org/files/cpe-dictionary_2.1.xsd">
  <generator>
    <product_name>G2</product_name>
    <schema_version>2.2</schema_version>
    <timestamp>2013-01-28T12:00:00</timestamp>
  </generator>
  <cpe-item name="cpe:/o:microsoft:windows_2003_server">
    <title>Microsoft windows 2003 Server</title>
    <notes>
      <note>Unregistered CPE</note>
    </notes>
    <check href="U_Windows_2003_DC_V6R1.29_STIG_Benchmark-cpe-oval.xml" system="http://oval.mitre.org/XMLSchema/oval-definitions-5">oval:gov.nist.2:def:2</check>
  </cpe-item>
</cpe-list>

